solid ASCII
  facet normal 0.000000e+00 1.000000e+00 0.000000e+00
    outer loop
      vertex   4.758513e+00 -1.715650e+01 1.147360e+02
      vertex   4.758513e+00 -1.715650e+01 1.086172e+02
      vertex   4.196003e+00 -1.715650e+01 1.145889e+02
    endloop
  endfacet
  facet normal 0.000000e+00 1.000000e+00 0.000000e+00
    outer loop
      vertex   4.196003e+00 -1.715650e+01 1.145889e+02
      vertex   4.758513e+00 -1.715650e+01 1.086172e+02
      vertex   4.196003e+00 -1.715650e+01 1.087644e+02
    endloop
  endfacet
  facet normal 0.000000e+00 1.000000e+00 0.000000e+00
    outer loop
      vertex   4.196003e+00 -1.715650e+01 1.145889e+02
      vertex   4.196003e+00 -1.715650e+01 1.087644e+02
      vertex   3.670871e+00 -1.715650e+01 1.090140e+02
    endloop
  endfacet
  facet normal 0.000000e+00 1.000000e+00 0.000000e+00
    outer loop
      vertex   4.196003e+00 -1.715650e+01 1.145889e+02
      vertex   3.670871e+00 -1.715650e+01 1.090140e+02
      vertex   3.670871e+00 -1.715650e+01 1.143392e+02
    endloop
  endfacet
  facet normal 0.000000e+00 1.000000e+00 0.000000e+00
    outer loop
      vertex   3.670871e+00 -1.715650e+01 1.143392e+02
      vertex   3.670871e+00 -1.715650e+01 1.090140e+02
      vertex   3.201593e+00 -1.715650e+01 1.093574e+02
    endloop
  endfacet
  facet normal 0.000000e+00 1.000000e+00 0.000000e+00
    outer loop
      vertex   3.670871e+00 -1.715650e+01 1.143392e+02
      vertex   3.201593e+00 -1.715650e+01 1.093574e+02
      vertex   3.201593e+00 -1.715650e+01 1.139959e+02
    endloop
  endfacet
  facet normal 0.000000e+00 1.000000e+00 0.000000e+00
    outer loop
      vertex   3.201593e+00 -1.715650e+01 1.139959e+02
      vertex   3.201593e+00 -1.715650e+01 1.093574e+02
      vertex   2.804678e+00 -1.715650e+01 1.097823e+02
    endloop
  endfacet
  facet normal 0.000000e+00 1.000000e+00 0.000000e+00
    outer loop
      vertex   3.201593e+00 -1.715650e+01 1.139959e+02
      vertex   2.804678e+00 -1.715650e+01 1.097823e+02
      vertex   2.804678e+00 -1.715650e+01 1.135710e+02
    endloop
  endfacet
  facet normal 0.000000e+00 1.000000e+00 0.000000e+00
    outer loop
      vertex   2.804678e+00 -1.715650e+01 1.135710e+02
      vertex   2.804678e+00 -1.715650e+01 1.097823e+02
      vertex   2.494090e+00 -1.715650e+01 1.102738e+02
    endloop
  endfacet
  facet normal 0.000000e+00 1.000000e+00 0.000000e+00
    outer loop
      vertex   2.804678e+00 -1.715650e+01 1.135710e+02
      vertex   2.494090e+00 -1.715650e+01 1.102738e+02
      vertex   2.494090e+00 -1.715650e+01 1.130795e+02
    endloop
  endfacet
  facet normal 0.000000e+00 1.000000e+00 0.000000e+00
    outer loop
      vertex   2.494090e+00 -1.715650e+01 1.130795e+02
      vertex   2.494090e+00 -1.715650e+01 1.102738e+02
      vertex   2.280754e+00 -1.715650e+01 1.108147e+02
    endloop
  endfacet
  facet normal 0.000000e+00 1.000000e+00 0.000000e+00
    outer loop
      vertex   2.494090e+00 -1.715650e+01 1.130795e+02
      vertex   2.280754e+00 -1.715650e+01 1.108147e+02
      vertex   2.280754e+00 -1.715650e+01 1.125386e+02
    endloop
  endfacet
  facet normal 0.000000e+00 1.000000e+00 0.000000e+00
    outer loop
      vertex   2.280754e+00 -1.715650e+01 1.125386e+02
      vertex   2.280754e+00 -1.715650e+01 1.108147e+02
      vertex   2.172176e+00 -1.715650e+01 1.113859e+02
    endloop
  endfacet
  facet normal 0.000000e+00 1.000000e+00 0.000000e+00
    outer loop
      vertex   2.280754e+00 -1.715650e+01 1.125386e+02
      vertex   2.172176e+00 -1.715650e+01 1.113859e+02
      vertex   2.172176e+00 -1.715650e+01 1.119674e+02
    endloop
  endfacet
  facet normal 1.074286e-01 2.130476e-04 9.942128e-01
    outer loop
      vertex   5.092129e+00 -1.682288e+01 1.085811e+02
      vertex   4.817337e+00 -4.656496e+00 1.086082e+02
      vertex   4.758513e+00 -1.715650e+01 1.086172e+02
    endloop
  endfacet
  facet normal 2.357589e-01 -4.070558e-04 9.718115e-01
    outer loop
      vertex   4.758513e+00 -1.715650e+01 1.086172e+02
      vertex   4.817337e+00 -4.656496e+00 1.086082e+02
      vertex   4.244603e+00 -4.656496e+00 1.087471e+02
    endloop
  endfacet
  facet normal 2.531335e-01 3.527831e-04 9.674313e-01
    outer loop
      vertex   4.758513e+00 -1.715650e+01 1.086172e+02
      vertex   4.244603e+00 -4.656496e+00 1.087471e+02
      vertex   4.196003e+00 -1.715650e+01 1.087644e+02
    endloop
  endfacet
  facet normal 4.154150e-01 -3.580446e-04 9.096319e-01
    outer loop
      vertex   4.196003e+00 -1.715650e+01 1.087644e+02
      vertex   4.244603e+00 -4.656496e+00 1.087471e+02
      vertex   3.708513e+00 -4.656496e+00 1.089920e+02
    endloop
  endfacet
  facet normal 4.293362e-01 3.029618e-04 9.031447e-01
    outer loop
      vertex   4.196003e+00 -1.715650e+01 1.087644e+02
      vertex   3.708513e+00 -4.656496e+00 1.089920e+02
      vertex   3.670871e+00 -1.715650e+01 1.090140e+02
    endloop
  endfacet
  facet normal 5.800569e-01 -3.074135e-04 8.145759e-01
    outer loop
      vertex   3.670871e+00 -1.715650e+01 1.090140e+02
      vertex   3.708513e+00 -4.656496e+00 1.089920e+02
      vertex   3.228445e+00 -4.656496e+00 1.093338e+02
    endloop
  endfacet
  facet normal 5.904347e-01 2.515208e-04 8.070853e-01
    outer loop
      vertex   3.670871e+00 -1.715650e+01 1.090140e+02
      vertex   3.228445e+00 -4.656496e+00 1.093338e+02
      vertex   3.201593e+00 -1.715650e+01 1.093574e+02
    endloop
  endfacet
  facet normal 7.237340e-01 -2.551626e-04 6.900790e-01
    outer loop
      vertex   3.201593e+00 -1.715650e+01 1.093574e+02
      vertex   3.228445e+00 -4.656496e+00 1.093338e+02
      vertex   2.821749e+00 -4.656496e+00 1.097603e+02
    endloop
  endfacet
  facet normal 7.307617e-01 1.984603e-04 6.826326e-01
    outer loop
      vertex   3.201593e+00 -1.715650e+01 1.093574e+02
      vertex   2.821749e+00 -4.656496e+00 1.097603e+02
      vertex   2.804678e+00 -1.715650e+01 1.097823e+02
    endloop
  endfacet
  facet normal 8.412535e-01 -2.012925e-04 5.406408e-01
    outer loop
      vertex   2.804678e+00 -1.715650e+01 1.097823e+02
      vertex   2.821749e+00 -4.656496e+00 1.097603e+02
      vertex   2.503123e+00 -4.656496e+00 1.102561e+02
    endloop
  endfacet
  facet normal 8.453804e-01 1.437806e-04 5.341647e-01
    outer loop
      vertex   2.804678e+00 -1.715650e+01 1.097823e+02
      vertex   2.503123e+00 -4.656496e+00 1.102561e+02
      vertex   2.494090e+00 -1.715650e+01 1.102738e+02
    endloop
  endfacet
  facet normal 9.283679e-01 -1.458033e-04 3.716625e-01
    outer loop
      vertex   2.494090e+00 -1.715650e+01 1.102738e+02
      vertex   2.503123e+00 -4.656496e+00 1.102561e+02
      vertex   2.284085e+00 -4.656496e+00 1.108033e+02
    endloop
  endfacet
  facet normal 9.302585e-01 8.748211e-05 3.669048e-01
    outer loop
      vertex   2.494090e+00 -1.715650e+01 1.102738e+02
      vertex   2.284085e+00 -4.656496e+00 1.108033e+02
      vertex   2.280754e+00 -1.715650e+01 1.108147e+02
    endloop
  endfacet
  facet normal 9.819892e-01 -8.899899e-05 1.889370e-01
    outer loop
      vertex   2.280754e+00 -1.715650e+01 1.108147e+02
      vertex   2.284085e+00 -4.656496e+00 1.108033e+02
      vertex   2.172362e+00 -4.656496e+00 1.113839e+02
    endloop
  endfacet
  facet normal 9.824099e-01 1.483317e-05 1.867371e-01
    outer loop
      vertex   2.280754e+00 -1.715650e+01 1.108147e+02
      vertex   2.172362e+00 -4.656496e+00 1.113839e+02
      vertex   2.172176e+00 -1.715650e+01 1.113859e+02
    endloop
  endfacet
  facet normal 1.000000e+00 -1.493429e-05 0.000000e+00
    outer loop
      vertex   2.172176e+00 -1.715650e+01 1.113859e+02
      vertex   2.172362e+00 -4.656496e+00 1.113839e+02
      vertex   2.172362e+00 -4.656496e+00 1.119693e+02
    endloop
  endfacet
  facet normal 1.000000e+00 -1.493429e-05 0.000000e+00
    outer loop
      vertex   2.172176e+00 -1.715650e+01 1.113859e+02
      vertex   2.172362e+00 -4.656496e+00 1.119693e+02
      vertex   2.172176e+00 -1.715650e+01 1.119674e+02
    endloop
  endfacet
  facet normal 9.824099e-01 1.483317e-05 -1.867371e-01
    outer loop
      vertex   2.172176e+00 -1.715650e+01 1.119674e+02
      vertex   2.172362e+00 -4.656496e+00 1.119693e+02
      vertex   2.280754e+00 -1.715650e+01 1.125386e+02
    endloop
  endfacet
  facet normal 9.819892e-01 -8.899899e-05 -1.889370e-01
    outer loop
      vertex   2.280754e+00 -1.715650e+01 1.125386e+02
      vertex   2.172362e+00 -4.656496e+00 1.119693e+02
      vertex   2.284085e+00 -4.656496e+00 1.125500e+02
    endloop
  endfacet
  facet normal 9.302585e-01 8.748211e-05 -3.669048e-01
    outer loop
      vertex   2.280754e+00 -1.715650e+01 1.125386e+02
      vertex   2.284085e+00 -4.656496e+00 1.125500e+02
      vertex   2.494090e+00 -1.715650e+01 1.130795e+02
    endloop
  endfacet
  facet normal 9.283679e-01 -1.458033e-04 -3.716625e-01
    outer loop
      vertex   2.494090e+00 -1.715650e+01 1.130795e+02
      vertex   2.284085e+00 -4.656496e+00 1.125500e+02
      vertex   2.503123e+00 -4.656496e+00 1.130971e+02
    endloop
  endfacet
  facet normal 8.453804e-01 1.437806e-04 -5.341647e-01
    outer loop
      vertex   2.494090e+00 -1.715650e+01 1.130795e+02
      vertex   2.503123e+00 -4.656496e+00 1.130971e+02
      vertex   2.804678e+00 -1.715650e+01 1.135710e+02
    endloop
  endfacet
  facet normal 8.412535e-01 -2.012925e-04 -5.406408e-01
    outer loop
      vertex   2.804678e+00 -1.715650e+01 1.135710e+02
      vertex   2.503123e+00 -4.656496e+00 1.130971e+02
      vertex   2.821749e+00 -4.656496e+00 1.135929e+02
    endloop
  endfacet
  facet normal 7.307617e-01 1.984603e-04 -6.826326e-01
    outer loop
      vertex   2.804678e+00 -1.715650e+01 1.135710e+02
      vertex   2.821749e+00 -4.656496e+00 1.135929e+02
      vertex   3.201593e+00 -1.715650e+01 1.139959e+02
    endloop
  endfacet
  facet normal 7.237340e-01 -2.551626e-04 -6.900790e-01
    outer loop
      vertex   3.201593e+00 -1.715650e+01 1.139959e+02
      vertex   2.821749e+00 -4.656496e+00 1.135929e+02
      vertex   3.228445e+00 -4.656496e+00 1.140195e+02
    endloop
  endfacet
  facet normal 5.904347e-01 2.515208e-04 -8.070853e-01
    outer loop
      vertex   3.201593e+00 -1.715650e+01 1.139959e+02
      vertex   3.228445e+00 -4.656496e+00 1.140195e+02
      vertex   3.670871e+00 -1.715650e+01 1.143392e+02
    endloop
  endfacet
  facet normal 5.800569e-01 -3.074135e-04 -8.145759e-01
    outer loop
      vertex   3.670871e+00 -1.715650e+01 1.143392e+02
      vertex   3.228445e+00 -4.656496e+00 1.140195e+02
      vertex   3.708513e+00 -4.656496e+00 1.143613e+02
    endloop
  endfacet
  facet normal 4.293362e-01 3.029618e-04 -9.031447e-01
    outer loop
      vertex   3.670871e+00 -1.715650e+01 1.143392e+02
      vertex   3.708513e+00 -4.656496e+00 1.143613e+02
      vertex   4.196003e+00 -1.715650e+01 1.145889e+02
    endloop
  endfacet
  facet normal 4.154150e-01 -3.580446e-04 -9.096319e-01
    outer loop
      vertex   4.196003e+00 -1.715650e+01 1.145889e+02
      vertex   3.708513e+00 -4.656496e+00 1.143613e+02
      vertex   4.244603e+00 -4.656496e+00 1.146061e+02
    endloop
  endfacet
  facet normal 2.531335e-01 3.527831e-04 -9.674313e-01
    outer loop
      vertex   4.196003e+00 -1.715650e+01 1.145889e+02
      vertex   4.244603e+00 -4.656496e+00 1.146061e+02
      vertex   4.758513e+00 -1.715650e+01 1.147360e+02
    endloop
  endfacet
  facet normal 2.357589e-01 -4.070558e-04 -9.718115e-01
    outer loop
      vertex   4.758513e+00 -1.715650e+01 1.147360e+02
      vertex   4.244603e+00 -4.656496e+00 1.146061e+02
      vertex   4.817337e+00 -4.656496e+00 1.147451e+02
    endloop
  endfacet
  facet normal 1.074286e-01 2.130476e-04 -9.942128e-01
    outer loop
      vertex   4.758513e+00 -1.715650e+01 1.147360e+02
      vertex   4.817337e+00 -4.656496e+00 1.147451e+02
      vertex   5.092129e+00 -1.682288e+01 1.147722e+02
    endloop
  endfacet
  facet normal 4.758188e-02 -1.149017e-03 -9.988667e-01
    outer loop
      vertex   5.092129e+00 -1.682288e+01 1.147722e+02
      vertex   4.817337e+00 -4.656496e+00 1.147451e+02
      vertex   5.406017e+00 -4.656496e+00 1.147731e+02
    endloop
  endfacet
  facet normal -5.442188e-04 9.270955e-05 -9.999998e-01
    outer loop
      vertex   5.092129e+00 -1.682288e+01 1.147722e+02
      vertex   5.406017e+00 -4.656496e+00 1.147731e+02
      vertex   5.427693e+00 -1.648732e+01 1.147720e+02
    endloop
  endfacet
  facet normal -1.084326e-01 -1.055131e-04 -9.941038e-01
    outer loop
      vertex   5.427693e+00 -1.648732e+01 1.147720e+02
      vertex   5.406017e+00 -4.656496e+00 1.147731e+02
      vertex   5.761276e+00 -1.615373e+01 1.147356e+02
    endloop
  endfacet
  facet normal -1.423147e-01 -1.166433e-03 -9.898208e-01
    outer loop
      vertex   5.761276e+00 -1.615373e+01 1.147356e+02
      vertex   5.406017e+00 -4.656496e+00 1.147731e+02
      vertex   5.989366e+00 -4.656496e+00 1.146893e+02
    endloop
  endfacet
  facet normal -2.156775e-01 3.428239e-04 -9.764646e-01
    outer loop
      vertex   5.761276e+00 -1.615373e+01 1.147356e+02
      vertex   5.989366e+00 -4.656496e+00 1.146893e+02
      vertex   6.088967e+00 -1.582604e+01 1.146633e+02
    endloop
  endfacet
  facet normal -3.190610e-01 -6.457436e-04 -9.477340e-01
    outer loop
      vertex   6.088967e+00 -1.582604e+01 1.146633e+02
      vertex   5.989366e+00 -4.656496e+00 1.146893e+02
      vertex   6.406928e+00 -1.550808e+01 1.145561e+02
    endloop
  endfacet
  facet normal -3.270678e-01 -9.873912e-04 -9.450004e-01
    outer loop
      vertex   6.406928e+00 -1.550808e+01 1.145561e+02
      vertex   5.989366e+00 -4.656496e+00 1.146893e+02
      vertex   6.546300e+00 -4.656496e+00 1.144965e+02
    endloop
  endfacet
  facet normal -4.205317e-01 4.201064e-04 -9.072778e-01
    outer loop
      vertex   6.406928e+00 -1.550808e+01 1.145561e+02
      vertex   6.546300e+00 -4.656496e+00 1.144965e+02
      vertex   6.711432e+00 -1.520358e+01 1.144151e+02
    endloop
  endfacet
  facet normal -4.999997e-01 -1.142575e-03 -8.660248e-01
    outer loop
      vertex   6.711432e+00 -1.520358e+01 1.144151e+02
      vertex   6.546300e+00 -4.656496e+00 1.144965e+02
      vertex   7.056690e+00 -4.656496e+00 1.142018e+02
    endloop
  endfacet
  facet normal -5.154758e-01 -4.515531e-04 -8.569040e-01
    outer loop
      vertex   6.711432e+00 -1.520358e+01 1.144151e+02
      vertex   7.056690e+00 -4.656496e+00 1.142018e+02
      vertex   6.998912e+00 -1.491610e+01 1.142420e+02
    endloop
  endfacet
  facet normal -6.055718e-01 2.950654e-04 -7.957906e-01
    outer loop
      vertex   6.998912e+00 -1.491610e+01 1.142420e+02
      vertex   7.056690e+00 -4.656496e+00 1.142018e+02
      vertex   7.265999e+00 -1.464901e+01 1.140388e+02
    endloop
  endfacet
  facet normal -6.548601e-01 -1.390461e-03 -7.557488e-01
    outer loop
      vertex   7.265999e+00 -1.464901e+01 1.140388e+02
      vertex   7.056690e+00 -4.656496e+00 1.142018e+02
      vertex   7.502089e+00 -4.656496e+00 1.138159e+02
    endloop
  endfacet
  facet normal -6.878997e-01 5.825577e-05 -7.258058e-01
    outer loop
      vertex   7.265999e+00 -1.464901e+01 1.140388e+02
      vertex   7.502089e+00 -4.656496e+00 1.138159e+02
      vertex   7.509564e+00 -1.440545e+01 1.138080e+02
    endloop
  endfacet
  facet normal -7.622670e-01 -6.214925e-05 -6.472627e-01
    outer loop
      vertex   7.509564e+00 -1.440545e+01 1.138080e+02
      vertex   7.502089e+00 -4.656496e+00 1.138159e+02
      vertex   7.726752e+00 -1.418826e+01 1.135522e+02
    endloop
  endfacet
  facet normal -7.860523e-01 -1.427846e-03 -6.181584e-01
    outer loop
      vertex   7.726752e+00 -1.418826e+01 1.135522e+02
      vertex   7.502089e+00 -4.656496e+00 1.138159e+02
      vertex   7.866399e+00 -4.656496e+00 1.133526e+02
    endloop
  endfacet
  facet normal -8.279062e-01 3.850199e-04 -5.608664e-01
    outer loop
      vertex   7.726752e+00 -1.418826e+01 1.135522e+02
      vertex   7.866399e+00 -4.656496e+00 1.133526e+02
      vertex   7.915019e+00 -1.399999e+01 1.132744e+02
    endloop
  endfacet
  facet normal -8.834291e-01 -6.762534e-04 -4.685643e-01
    outer loop
      vertex   7.915019e+00 -1.399999e+01 1.132744e+02
      vertex   7.866399e+00 -4.656496e+00 1.133526e+02
      vertex   8.072159e+00 -1.384285e+01 1.129779e+02
    endloop
  endfacet
  facet normal -8.888348e-01 -1.218990e-03 -4.582262e-01
    outer loop
      vertex   8.072159e+00 -1.384285e+01 1.129779e+02
      vertex   7.866399e+00 -4.656496e+00 1.133526e+02
      vertex   8.136454e+00 -4.656496e+00 1.128288e+02
    endloop
  endfacet
  facet normal -9.290850e-01 4.973611e-04 -3.698659e-01
    outer loop
      vertex   8.072159e+00 -1.384285e+01 1.129779e+02
      vertex   8.136454e+00 -4.656496e+00 1.128288e+02
      vertex   8.196331e+00 -1.371868e+01 1.126662e+02
    endloop
  endfacet
  facet normal -9.594922e-01 -1.284837e-03 -2.817323e-01
    outer loop
      vertex   8.196331e+00 -1.371868e+01 1.126662e+02
      vertex   8.136454e+00 -4.656496e+00 1.128288e+02
      vertex   8.302492e+00 -4.656496e+00 1.122633e+02
    endloop
  endfacet
  facet normal -9.635270e-01 -6.097459e-04 -2.676104e-01
    outer loop
      vertex   8.196331e+00 -1.371868e+01 1.126662e+02
      vertex   8.302492e+00 -4.656496e+00 1.122633e+02
      vertex   8.286079e+00 -1.362893e+01 1.123429e+02
    endloop
  endfacet
  facet normal -9.868437e-01 3.720165e-04 -1.616765e-01
    outer loop
      vertex   8.286079e+00 -1.362893e+01 1.123429e+02
      vertex   8.302492e+00 -4.656496e+00 1.122633e+02
      vertex   8.340351e+00 -1.357466e+01 1.120117e+02
    endloop
  endfacet
  facet normal -9.954707e-01 -1.544156e-03 -9.505593e-02
    outer loop
      vertex   8.340351e+00 -1.357466e+01 1.120117e+02
      vertex   8.302492e+00 -4.656496e+00 1.122633e+02
      vertex   8.358513e+00 -4.656496e+00 1.116766e+02
    endloop
  endfacet
  facet normal -9.985343e-01 3.987533e-16 -5.412336e-02
    outer loop
      vertex   8.340351e+00 -1.357466e+01 1.120117e+02
      vertex   8.358513e+00 -4.656496e+00 1.116766e+02
      vertex   8.358513e+00 -1.355650e+01 1.116766e+02
    endloop
  endfacet
  facet normal -9.985343e-01 3.985962e-16 5.412336e-02
    outer loop
      vertex   8.358513e+00 -1.355650e+01 1.116766e+02
      vertex   8.358513e+00 -4.656496e+00 1.116766e+02
      vertex   8.340351e+00 -1.357466e+01 1.113416e+02
    endloop
  endfacet
  facet normal -9.954707e-01 -1.544156e-03 9.505593e-02
    outer loop
      vertex   8.340351e+00 -1.357466e+01 1.113416e+02
      vertex   8.358513e+00 -4.656496e+00 1.116766e+02
      vertex   8.302492e+00 -4.656496e+00 1.110900e+02
    endloop
  endfacet
  facet normal -9.868437e-01 3.720165e-04 1.616765e-01
    outer loop
      vertex   8.340351e+00 -1.357466e+01 1.113416e+02
      vertex   8.302492e+00 -4.656496e+00 1.110900e+02
      vertex   8.286079e+00 -1.362893e+01 1.110104e+02
    endloop
  endfacet
  facet normal -9.635270e-01 -6.097459e-04 2.676104e-01
    outer loop
      vertex   8.286079e+00 -1.362893e+01 1.110104e+02
      vertex   8.302492e+00 -4.656496e+00 1.110900e+02
      vertex   8.196331e+00 -1.371868e+01 1.106871e+02
    endloop
  endfacet
  facet normal -9.594922e-01 -1.284837e-03 2.817323e-01
    outer loop
      vertex   8.196331e+00 -1.371868e+01 1.106871e+02
      vertex   8.302492e+00 -4.656496e+00 1.110900e+02
      vertex   8.136454e+00 -4.656496e+00 1.105245e+02
    endloop
  endfacet
  facet normal -9.290850e-01 4.973611e-04 3.698659e-01
    outer loop
      vertex   8.196331e+00 -1.371868e+01 1.106871e+02
      vertex   8.136454e+00 -4.656496e+00 1.105245e+02
      vertex   8.072159e+00 -1.384285e+01 1.103753e+02
    endloop
  endfacet
  facet normal -8.888348e-01 -1.218990e-03 4.582262e-01
    outer loop
      vertex   8.072159e+00 -1.384285e+01 1.103753e+02
      vertex   8.136454e+00 -4.656496e+00 1.105245e+02
      vertex   7.866399e+00 -4.656496e+00 1.100006e+02
    endloop
  endfacet
  facet normal -8.834291e-01 -6.762534e-04 4.685643e-01
    outer loop
      vertex   8.072159e+00 -1.384285e+01 1.103753e+02
      vertex   7.866399e+00 -4.656496e+00 1.100006e+02
      vertex   7.915019e+00 -1.399999e+01 1.100788e+02
    endloop
  endfacet
  facet normal -8.279062e-01 3.850199e-04 5.608664e-01
    outer loop
      vertex   7.915019e+00 -1.399999e+01 1.100788e+02
      vertex   7.866399e+00 -4.656496e+00 1.100006e+02
      vertex   7.726752e+00 -1.418826e+01 1.098011e+02
    endloop
  endfacet
  facet normal -7.860523e-01 -1.427846e-03 6.181584e-01
    outer loop
      vertex   7.726752e+00 -1.418826e+01 1.098011e+02
      vertex   7.866399e+00 -4.656496e+00 1.100006e+02
      vertex   7.502089e+00 -4.656496e+00 1.095374e+02
    endloop
  endfacet
  facet normal -7.622670e-01 -6.214925e-05 6.472627e-01
    outer loop
      vertex   7.726752e+00 -1.418826e+01 1.098011e+02
      vertex   7.502089e+00 -4.656496e+00 1.095374e+02
      vertex   7.509564e+00 -1.440545e+01 1.095453e+02
    endloop
  endfacet
  facet normal -6.878997e-01 5.825577e-05 7.258058e-01
    outer loop
      vertex   7.509564e+00 -1.440545e+01 1.095453e+02
      vertex   7.502089e+00 -4.656496e+00 1.095374e+02
      vertex   7.265999e+00 -1.464901e+01 1.093144e+02
    endloop
  endfacet
  facet normal -6.548601e-01 -1.390461e-03 7.557488e-01
    outer loop
      vertex   7.265999e+00 -1.464901e+01 1.093144e+02
      vertex   7.502089e+00 -4.656496e+00 1.095374e+02
      vertex   7.056690e+00 -4.656496e+00 1.091515e+02
    endloop
  endfacet
  facet normal -6.055718e-01 2.950654e-04 7.957906e-01
    outer loop
      vertex   7.265999e+00 -1.464901e+01 1.093144e+02
      vertex   7.056690e+00 -4.656496e+00 1.091515e+02
      vertex   6.998912e+00 -1.491610e+01 1.091113e+02
    endloop
  endfacet
  facet normal -5.154758e-01 -4.515531e-04 8.569040e-01
    outer loop
      vertex   6.998912e+00 -1.491610e+01 1.091113e+02
      vertex   7.056690e+00 -4.656496e+00 1.091515e+02
      vertex   6.711432e+00 -1.520358e+01 1.089382e+02
    endloop
  endfacet
  facet normal -4.999997e-01 -1.142575e-03 8.660248e-01
    outer loop
      vertex   6.711432e+00 -1.520358e+01 1.089382e+02
      vertex   7.056690e+00 -4.656496e+00 1.091515e+02
      vertex   6.546300e+00 -4.656496e+00 1.088568e+02
    endloop
  endfacet
  facet normal -4.205317e-01 4.201064e-04 9.072778e-01
    outer loop
      vertex   6.711432e+00 -1.520358e+01 1.089382e+02
      vertex   6.546300e+00 -4.656496e+00 1.088568e+02
      vertex   6.406928e+00 -1.550808e+01 1.087972e+02
    endloop
  endfacet
  facet normal -3.270678e-01 -9.873912e-04 9.450004e-01
    outer loop
      vertex   6.406928e+00 -1.550808e+01 1.087972e+02
      vertex   6.546300e+00 -4.656496e+00 1.088568e+02
      vertex   5.989366e+00 -4.656496e+00 1.086640e+02
    endloop
  endfacet
  facet normal -3.190610e-01 -6.457436e-04 9.477340e-01
    outer loop
      vertex   6.406928e+00 -1.550808e+01 1.087972e+02
      vertex   5.989366e+00 -4.656496e+00 1.086640e+02
      vertex   6.088967e+00 -1.582604e+01 1.086899e+02
    endloop
  endfacet
  facet normal -2.156775e-01 3.428239e-04 9.764646e-01
    outer loop
      vertex   6.088967e+00 -1.582604e+01 1.086899e+02
      vertex   5.989366e+00 -4.656496e+00 1.086640e+02
      vertex   5.761276e+00 -1.615373e+01 1.086177e+02
    endloop
  endfacet
  facet normal -1.423147e-01 -1.166433e-03 9.898208e-01
    outer loop
      vertex   5.761276e+00 -1.615373e+01 1.086177e+02
      vertex   5.989366e+00 -4.656496e+00 1.086640e+02
      vertex   5.406017e+00 -4.656496e+00 1.085801e+02
    endloop
  endfacet
  facet normal -1.084326e-01 -1.055131e-04 9.941038e-01
    outer loop
      vertex   5.761276e+00 -1.615373e+01 1.086177e+02
      vertex   5.406017e+00 -4.656496e+00 1.085801e+02
      vertex   5.427693e+00 -1.648732e+01 1.085813e+02
    endloop
  endfacet
  facet normal -5.442188e-04 9.270955e-05 9.999998e-01
    outer loop
      vertex   5.427693e+00 -1.648732e+01 1.085813e+02
      vertex   5.406017e+00 -4.656496e+00 1.085801e+02
      vertex   5.092129e+00 -1.682288e+01 1.085811e+02
    endloop
  endfacet
  facet normal 4.758188e-02 -1.149017e-03 9.988667e-01
    outer loop
      vertex   5.092129e+00 -1.682288e+01 1.085811e+02
      vertex   5.406017e+00 -4.656496e+00 1.085801e+02
      vertex   4.817337e+00 -4.656496e+00 1.086082e+02
    endloop
  endfacet
  facet normal -9.954719e-01 4.243952e-16 9.505604e-02
    outer loop
      vertex   8.302492e+00 7.843504e+00 1.110900e+02
      vertex   8.302492e+00 -4.656496e+00 1.110900e+02
      vertex   8.358513e+00 7.843504e+00 1.116766e+02
    endloop
  endfacet
  facet normal -9.954719e-01 2.829301e-16 9.505604e-02
    outer loop
      vertex   8.358513e+00 7.843504e+00 1.116766e+02
      vertex   8.302492e+00 -4.656496e+00 1.110900e+02
      vertex   8.358513e+00 -4.656496e+00 1.116766e+02
    endloop
  endfacet
  facet normal -9.954719e-01 2.829301e-16 -9.505604e-02
    outer loop
      vertex   8.358513e+00 7.843504e+00 1.116766e+02
      vertex   8.358513e+00 -4.656496e+00 1.116766e+02
      vertex   8.302492e+00 7.843504e+00 1.122633e+02
    endloop
  endfacet
  facet normal -9.954719e-01 4.243952e-16 -9.505604e-02
    outer loop
      vertex   8.302492e+00 7.843504e+00 1.122633e+02
      vertex   8.358513e+00 -4.656496e+00 1.116766e+02
      vertex   8.302492e+00 -4.656496e+00 1.122633e+02
    endloop
  endfacet
  facet normal -9.594930e-01 4.090565e-16 -2.817326e-01
    outer loop
      vertex   8.302492e+00 7.843504e+00 1.122633e+02
      vertex   8.302492e+00 -4.656496e+00 1.122633e+02
      vertex   8.136454e+00 7.843504e+00 1.128288e+02
    endloop
  endfacet
  facet normal -9.594930e-01 4.090565e-16 -2.817326e-01
    outer loop
      vertex   8.136454e+00 7.843504e+00 1.128288e+02
      vertex   8.302492e+00 -4.656496e+00 1.122633e+02
      vertex   8.136454e+00 -4.656496e+00 1.128288e+02
    endloop
  endfacet
  facet normal -8.888354e-01 3.789333e-16 -4.582265e-01
    outer loop
      vertex   8.136454e+00 7.843504e+00 1.128288e+02
      vertex   8.136454e+00 -4.656496e+00 1.128288e+02
      vertex   7.866399e+00 7.843504e+00 1.133526e+02
    endloop
  endfacet
  facet normal -8.888354e-01 4.420889e-16 -4.582265e-01
    outer loop
      vertex   7.866399e+00 7.843504e+00 1.133526e+02
      vertex   8.136454e+00 -4.656496e+00 1.128288e+02
      vertex   7.866399e+00 -4.656496e+00 1.133526e+02
    endloop
  endfacet
  facet normal -7.860531e-01 3.909670e-16 -6.181590e-01
    outer loop
      vertex   7.866399e+00 7.843504e+00 1.133526e+02
      vertex   7.866399e+00 -4.656496e+00 1.133526e+02
      vertex   7.502089e+00 7.843504e+00 1.138159e+02
    endloop
  endfacet
  facet normal -7.860531e-01 4.468195e-16 -6.181590e-01
    outer loop
      vertex   7.502089e+00 7.843504e+00 1.138159e+02
      vertex   7.866399e+00 -4.656496e+00 1.133526e+02
      vertex   7.502089e+00 -4.656496e+00 1.138159e+02
    endloop
  endfacet
  facet normal -6.548607e-01 3.722452e-16 -7.557496e-01
    outer loop
      vertex   7.502089e+00 7.843504e+00 1.138159e+02
      vertex   7.502089e+00 -4.656496e+00 1.138159e+02
      vertex   7.056690e+00 7.843504e+00 1.142018e+02
    endloop
  endfacet
  facet normal -6.548607e-01 2.791839e-16 -7.557496e-01
    outer loop
      vertex   7.056690e+00 7.843504e+00 1.142018e+02
      vertex   7.502089e+00 -4.656496e+00 1.138159e+02
      vertex   7.056690e+00 -4.656496e+00 1.142018e+02
    endloop
  endfacet
  facet normal -5.000000e-01 2.131628e-16 -8.660254e-01
    outer loop
      vertex   7.056690e+00 7.843504e+00 1.142018e+02
      vertex   7.056690e+00 -4.656496e+00 1.142018e+02
      vertex   6.546300e+00 7.843504e+00 1.144965e+02
    endloop
  endfacet
  facet normal -5.000000e-01 1.776357e-16 -8.660254e-01
    outer loop
      vertex   6.546300e+00 7.843504e+00 1.144965e+02
      vertex   7.056690e+00 -4.656496e+00 1.142018e+02
      vertex   6.546300e+00 -4.656496e+00 1.144965e+02
    endloop
  endfacet
  facet normal -3.270680e-01 1.161979e-16 -9.450008e-01
    outer loop
      vertex   6.546300e+00 7.843504e+00 1.144965e+02
      vertex   6.546300e+00 -4.656496e+00 1.144965e+02
      vertex   5.989366e+00 7.843504e+00 1.146893e+02
    endloop
  endfacet
  facet normal -3.270680e-01 6.971873e-17 -9.450008e-01
    outer loop
      vertex   5.989366e+00 7.843504e+00 1.146893e+02
      vertex   6.546300e+00 -4.656496e+00 1.144965e+02
      vertex   5.989366e+00 -4.656496e+00 1.146893e+02
    endloop
  endfacet
  facet normal -1.423148e-01 3.033623e-17 -9.898214e-01
    outer loop
      vertex   5.989366e+00 7.843504e+00 1.146893e+02
      vertex   5.989366e+00 -4.656496e+00 1.146893e+02
      vertex   5.406017e+00 7.843504e+00 1.147731e+02
    endloop
  endfacet
  facet normal -1.423148e-01 4.044831e-17 -9.898214e-01
    outer loop
      vertex   5.406017e+00 7.843504e+00 1.147731e+02
      vertex   5.989366e+00 -4.656496e+00 1.146893e+02
      vertex   5.406017e+00 -4.656496e+00 1.147731e+02
    endloop
  endfacet
  facet normal 4.758192e-02 -1.352359e-17 -9.988673e-01
    outer loop
      vertex   5.406017e+00 7.843504e+00 1.147731e+02
      vertex   5.406017e+00 -4.656496e+00 1.147731e+02
      vertex   4.817337e+00 7.843504e+00 1.147451e+02
    endloop
  endfacet
  facet normal 4.758192e-02 -1.690449e-17 -9.988673e-01
    outer loop
      vertex   4.817337e+00 7.843504e+00 1.147451e+02
      vertex   5.406017e+00 -4.656496e+00 1.147731e+02
      vertex   4.817337e+00 -4.656496e+00 1.147451e+02
    endloop
  endfacet
  facet normal 2.357589e-01 -8.375840e-17 -9.718116e-01
    outer loop
      vertex   4.817337e+00 7.843504e+00 1.147451e+02
      vertex   4.817337e+00 -4.656496e+00 1.147451e+02
      vertex   4.244603e+00 7.843504e+00 1.146061e+02
    endloop
  endfacet
  facet normal 2.357589e-01 -5.025504e-17 -9.718116e-01
    outer loop
      vertex   4.244603e+00 7.843504e+00 1.146061e+02
      vertex   4.817337e+00 -4.656496e+00 1.147451e+02
      vertex   4.244603e+00 -4.656496e+00 1.146061e+02
    endloop
  endfacet
  facet normal 4.154150e-01 -8.855104e-17 -9.096320e-01
    outer loop
      vertex   4.244603e+00 7.843504e+00 1.146061e+02
      vertex   4.244603e+00 -4.656496e+00 1.146061e+02
      vertex   3.708513e+00 7.843504e+00 1.143613e+02
    endloop
  endfacet
  facet normal 4.154150e-01 -1.475851e-16 -9.096320e-01
    outer loop
      vertex   3.708513e+00 7.843504e+00 1.143613e+02
      vertex   4.244603e+00 -4.656496e+00 1.146061e+02
      vertex   3.708513e+00 -4.656496e+00 1.143613e+02
    endloop
  endfacet
  facet normal 5.800569e-01 -2.060776e-16 -8.145760e-01
    outer loop
      vertex   3.708513e+00 7.843504e+00 1.143613e+02
      vertex   3.708513e+00 -4.656496e+00 1.143613e+02
      vertex   3.228445e+00 7.843504e+00 1.140195e+02
    endloop
  endfacet
  facet normal 5.800569e-01 -2.060776e-16 -8.145760e-01
    outer loop
      vertex   3.228445e+00 7.843504e+00 1.140195e+02
      vertex   3.708513e+00 -4.656496e+00 1.143613e+02
      vertex   3.228445e+00 -4.656496e+00 1.140195e+02
    endloop
  endfacet
  facet normal 7.237340e-01 -2.571220e-16 -6.900790e-01
    outer loop
      vertex   3.228445e+00 7.843504e+00 1.140195e+02
      vertex   3.228445e+00 -4.656496e+00 1.140195e+02
      vertex   2.821749e+00 7.843504e+00 1.135929e+02
    endloop
  endfacet
  facet normal 7.237340e-01 -2.571220e-16 -6.900790e-01
    outer loop
      vertex   2.821749e+00 7.843504e+00 1.135929e+02
      vertex   3.228445e+00 -4.656496e+00 1.140195e+02
      vertex   2.821749e+00 -4.656496e+00 1.135929e+02
    endloop
  endfacet
  facet normal 8.412535e-01 -2.988733e-16 -5.406408e-01
    outer loop
      vertex   2.821749e+00 7.843504e+00 1.135929e+02
      vertex   2.821749e+00 -4.656496e+00 1.135929e+02
      vertex   2.503123e+00 7.843504e+00 1.130971e+02
    endloop
  endfacet
  facet normal 8.412535e-01 -3.885353e-16 -5.406408e-01
    outer loop
      vertex   2.503123e+00 7.843504e+00 1.130971e+02
      vertex   2.821749e+00 -4.656496e+00 1.135929e+02
      vertex   2.503123e+00 -4.656496e+00 1.130971e+02
    endloop
  endfacet
  facet normal 9.283679e-01 -4.287693e-16 -3.716625e-01
    outer loop
      vertex   2.503123e+00 7.843504e+00 1.130971e+02
      vertex   2.503123e+00 -4.656496e+00 1.130971e+02
      vertex   2.284085e+00 7.843504e+00 1.125500e+02
    endloop
  endfacet
  facet normal 9.283679e-01 -1.978935e-16 -3.716625e-01
    outer loop
      vertex   2.284085e+00 7.843504e+00 1.125500e+02
      vertex   2.503123e+00 -4.656496e+00 1.130971e+02
      vertex   2.284085e+00 -4.656496e+00 1.125500e+02
    endloop
  endfacet
  facet normal 9.819287e-01 -2.093107e-16 -1.892512e-01
    outer loop
      vertex   2.284085e+00 7.843504e+00 1.125500e+02
      vertex   2.284085e+00 -4.656496e+00 1.125500e+02
      vertex   2.172550e+00 7.843504e+00 1.119713e+02
    endloop
  endfacet
  facet normal 9.819892e-01 1.508595e-05 -1.889370e-01
    outer loop
      vertex   2.172550e+00 7.843504e+00 1.119713e+02
      vertex   2.284085e+00 -4.656496e+00 1.125500e+02
      vertex   2.172362e+00 -4.656496e+00 1.119693e+02
    endloop
  endfacet
  facet normal 1.000000e+00 -1.503540e-05 0.000000e+00
    outer loop
      vertex   2.172550e+00 7.843504e+00 1.119713e+02
      vertex   2.172362e+00 -4.656496e+00 1.119693e+02
      vertex   2.172362e+00 -4.656496e+00 1.113839e+02
    endloop
  endfacet
  facet normal -9.594930e-01 4.090565e-16 2.817326e-01
    outer loop
      vertex   8.302492e+00 -4.656496e+00 1.110900e+02
      vertex   8.302492e+00 7.843504e+00 1.110900e+02
      vertex   8.136454e+00 -4.656496e+00 1.105245e+02
    endloop
  endfacet
  facet normal -9.594930e-01 4.090565e-16 2.817326e-01
    outer loop
      vertex   8.136454e+00 -4.656496e+00 1.105245e+02
      vertex   8.302492e+00 7.843504e+00 1.110900e+02
      vertex   8.136454e+00 7.843504e+00 1.105245e+02
    endloop
  endfacet
  facet normal -8.888354e-01 3.789333e-16 4.582265e-01
    outer loop
      vertex   8.136454e+00 -4.656496e+00 1.105245e+02
      vertex   8.136454e+00 7.843504e+00 1.105245e+02
      vertex   7.866399e+00 -4.656496e+00 1.100006e+02
    endloop
  endfacet
  facet normal -8.888354e-01 4.420889e-16 4.582265e-01
    outer loop
      vertex   7.866399e+00 -4.656496e+00 1.100006e+02
      vertex   8.136454e+00 7.843504e+00 1.105245e+02
      vertex   7.866399e+00 7.843504e+00 1.100006e+02
    endloop
  endfacet
  facet normal -7.860531e-01 3.909670e-16 6.181590e-01
    outer loop
      vertex   7.866399e+00 -4.656496e+00 1.100006e+02
      vertex   7.866399e+00 7.843504e+00 1.100006e+02
      vertex   7.502089e+00 -4.656496e+00 1.095374e+02
    endloop
  endfacet
  facet normal -7.860531e-01 4.468195e-16 6.181590e-01
    outer loop
      vertex   7.502089e+00 -4.656496e+00 1.095374e+02
      vertex   7.866399e+00 7.843504e+00 1.100006e+02
      vertex   7.502089e+00 7.843504e+00 1.095374e+02
    endloop
  endfacet
  facet normal -6.548607e-01 3.722452e-16 7.557496e-01
    outer loop
      vertex   7.502089e+00 -4.656496e+00 1.095374e+02
      vertex   7.502089e+00 7.843504e+00 1.095374e+02
      vertex   7.056690e+00 -4.656496e+00 1.091515e+02
    endloop
  endfacet
  facet normal -6.548607e-01 2.791839e-16 7.557496e-01
    outer loop
      vertex   7.056690e+00 -4.656496e+00 1.091515e+02
      vertex   7.502089e+00 7.843504e+00 1.095374e+02
      vertex   7.056690e+00 7.843504e+00 1.091515e+02
    endloop
  endfacet
  facet normal -5.000000e-01 2.131628e-16 8.660254e-01
    outer loop
      vertex   7.056690e+00 -4.656496e+00 1.091515e+02
      vertex   7.056690e+00 7.843504e+00 1.091515e+02
      vertex   6.546300e+00 -4.656496e+00 1.088568e+02
    endloop
  endfacet
  facet normal -5.000000e-01 1.776357e-16 8.660254e-01
    outer loop
      vertex   6.546300e+00 -4.656496e+00 1.088568e+02
      vertex   7.056690e+00 7.843504e+00 1.091515e+02
      vertex   6.546300e+00 7.843504e+00 1.088568e+02
    endloop
  endfacet
  facet normal -3.270680e-01 1.161979e-16 9.450008e-01
    outer loop
      vertex   6.546300e+00 -4.656496e+00 1.088568e+02
      vertex   6.546300e+00 7.843504e+00 1.088568e+02
      vertex   5.989366e+00 -4.656496e+00 1.086640e+02
    endloop
  endfacet
  facet normal -3.270680e-01 1.161979e-16 9.450008e-01
    outer loop
      vertex   5.989366e+00 -4.656496e+00 1.086640e+02
      vertex   6.546300e+00 7.843504e+00 1.088568e+02
      vertex   5.989366e+00 7.843504e+00 1.086640e+02
    endloop
  endfacet
  facet normal -1.423148e-01 5.056039e-17 9.898214e-01
    outer loop
      vertex   5.989366e+00 -4.656496e+00 1.086640e+02
      vertex   5.989366e+00 7.843504e+00 1.086640e+02
      vertex   5.406017e+00 -4.656496e+00 1.085801e+02
    endloop
  endfacet
  facet normal -1.423148e-01 4.044831e-17 9.898214e-01
    outer loop
      vertex   5.406017e+00 -4.656496e+00 1.085801e+02
      vertex   5.989366e+00 7.843504e+00 1.086640e+02
      vertex   5.406017e+00 7.843504e+00 1.085801e+02
    endloop
  endfacet
  facet normal 4.758192e-02 -1.352359e-17 9.988673e-01
    outer loop
      vertex   5.406017e+00 -4.656496e+00 1.085801e+02
      vertex   5.406017e+00 7.843504e+00 1.085801e+02
      vertex   4.817337e+00 -4.656496e+00 1.086082e+02
    endloop
  endfacet
  facet normal 4.758192e-02 -1.690449e-17 9.988673e-01
    outer loop
      vertex   4.817337e+00 -4.656496e+00 1.086082e+02
      vertex   5.406017e+00 7.843504e+00 1.085801e+02
      vertex   4.817337e+00 7.843504e+00 1.086082e+02
    endloop
  endfacet
  facet normal 2.357589e-01 -8.375840e-17 9.718116e-01
    outer loop
      vertex   4.817337e+00 -4.656496e+00 1.086082e+02
      vertex   4.817337e+00 7.843504e+00 1.086082e+02
      vertex   4.244603e+00 -4.656496e+00 1.087471e+02
    endloop
  endfacet
  facet normal 2.357589e-01 -6.700672e-17 9.718116e-01
    outer loop
      vertex   4.244603e+00 -4.656496e+00 1.087471e+02
      vertex   4.817337e+00 7.843504e+00 1.086082e+02
      vertex   4.244603e+00 7.843504e+00 1.087471e+02
    endloop
  endfacet
  facet normal 4.154150e-01 -1.180680e-16 9.096320e-01
    outer loop
      vertex   4.244603e+00 -4.656496e+00 1.087471e+02
      vertex   4.244603e+00 7.843504e+00 1.087471e+02
      vertex   3.708513e+00 -4.656496e+00 1.089920e+02
    endloop
  endfacet
  facet normal 4.154150e-01 -1.475851e-16 9.096320e-01
    outer loop
      vertex   3.708513e+00 -4.656496e+00 1.089920e+02
      vertex   4.244603e+00 7.843504e+00 1.087471e+02
      vertex   3.708513e+00 7.843504e+00 1.089920e+02
    endloop
  endfacet
  facet normal 5.800569e-01 -2.060776e-16 8.145760e-01
    outer loop
      vertex   3.708513e+00 -4.656496e+00 1.089920e+02
      vertex   3.708513e+00 7.843504e+00 1.089920e+02
      vertex   3.228445e+00 -4.656496e+00 1.093338e+02
    endloop
  endfacet
  facet normal 5.800569e-01 -2.060776e-16 8.145760e-01
    outer loop
      vertex   3.228445e+00 -4.656496e+00 1.093338e+02
      vertex   3.708513e+00 7.843504e+00 1.089920e+02
      vertex   3.228445e+00 7.843504e+00 1.093338e+02
    endloop
  endfacet
  facet normal 7.237340e-01 -2.571220e-16 6.900790e-01
    outer loop
      vertex   3.228445e+00 -4.656496e+00 1.093338e+02
      vertex   3.228445e+00 7.843504e+00 1.093338e+02
      vertex   2.821749e+00 -4.656496e+00 1.097603e+02
    endloop
  endfacet
  facet normal 7.237340e-01 -2.828342e-16 6.900790e-01
    outer loop
      vertex   2.821749e+00 -4.656496e+00 1.097603e+02
      vertex   3.228445e+00 7.843504e+00 1.093338e+02
      vertex   2.821749e+00 7.843504e+00 1.097603e+02
    endloop
  endfacet
  facet normal 8.412535e-01 -3.287606e-16 5.406408e-01
    outer loop
      vertex   2.821749e+00 -4.656496e+00 1.097603e+02
      vertex   2.821749e+00 7.843504e+00 1.097603e+02
      vertex   2.503123e+00 -4.656496e+00 1.102561e+02
    endloop
  endfacet
  facet normal 8.412535e-01 -3.885353e-16 5.406408e-01
    outer loop
      vertex   2.503123e+00 -4.656496e+00 1.102561e+02
      vertex   2.821749e+00 7.843504e+00 1.097603e+02
      vertex   2.503123e+00 7.843504e+00 1.102561e+02
    endloop
  endfacet
  facet normal 9.283679e-01 -4.287693e-16 3.716625e-01
    outer loop
      vertex   2.503123e+00 -4.656496e+00 1.102561e+02
      vertex   2.503123e+00 7.843504e+00 1.102561e+02
      vertex   2.284085e+00 -4.656496e+00 1.108033e+02
    endloop
  endfacet
  facet normal 9.283679e-01 -4.287693e-16 3.716625e-01
    outer loop
      vertex   2.284085e+00 -4.656496e+00 1.108033e+02
      vertex   2.503123e+00 7.843504e+00 1.102561e+02
      vertex   2.284085e+00 7.843504e+00 1.108033e+02
    endloop
  endfacet
  facet normal 9.819287e-01 -4.535065e-16 1.892512e-01
    outer loop
      vertex   2.284085e+00 -4.656496e+00 1.108033e+02
      vertex   2.284085e+00 7.843504e+00 1.108033e+02
      vertex   2.172550e+00 7.843504e+00 1.113820e+02
    endloop
  endfacet
  facet normal 9.819892e-01 1.508595e-05 1.889370e-01
    outer loop
      vertex   2.284085e+00 -4.656496e+00 1.108033e+02
      vertex   2.172550e+00 7.843504e+00 1.113820e+02
      vertex   2.172362e+00 -4.656496e+00 1.113839e+02
    endloop
  endfacet
  facet normal 1.000000e+00 -1.503540e-05 0.000000e+00
    outer loop
      vertex   2.172362e+00 -4.656496e+00 1.113839e+02
      vertex   2.172550e+00 7.843504e+00 1.113820e+02
      vertex   2.172550e+00 7.843504e+00 1.119713e+02
    endloop
  endfacet
  facet normal 0.000000e+00 1.000000e+00 0.000000e+00
    outer loop
      vertex   -4.524149e+01 -1.715650e+01 1.147360e+02
      vertex   -4.467898e+01 -1.715650e+01 1.145889e+02
      vertex   -4.524149e+01 -1.715650e+01 1.086172e+02
    endloop
  endfacet
  facet normal 0.000000e+00 1.000000e+00 0.000000e+00
    outer loop
      vertex   -4.524149e+01 -1.715650e+01 1.086172e+02
      vertex   -4.467898e+01 -1.715650e+01 1.145889e+02
      vertex   -4.467898e+01 -1.715650e+01 1.087644e+02
    endloop
  endfacet
  facet normal 0.000000e+00 1.000000e+00 0.000000e+00
    outer loop
      vertex   -4.467898e+01 -1.715650e+01 1.087644e+02
      vertex   -4.467898e+01 -1.715650e+01 1.145889e+02
      vertex   -4.415384e+01 -1.715650e+01 1.090140e+02
    endloop
  endfacet
  facet normal 0.000000e+00 1.000000e+00 -0.000000e+00
    outer loop
      vertex   -4.415384e+01 -1.715650e+01 1.090140e+02
      vertex   -4.467898e+01 -1.715650e+01 1.145889e+02
      vertex   -4.415384e+01 -1.715650e+01 1.143392e+02
    endloop
  endfacet
  facet normal 0.000000e+00 1.000000e+00 0.000000e+00
    outer loop
      vertex   -4.415384e+01 -1.715650e+01 1.090140e+02
      vertex   -4.415384e+01 -1.715650e+01 1.143392e+02
      vertex   -4.368457e+01 -1.715650e+01 1.093574e+02
    endloop
  endfacet
  facet normal 0.000000e+00 1.000000e+00 -0.000000e+00
    outer loop
      vertex   -4.368457e+01 -1.715650e+01 1.093574e+02
      vertex   -4.415384e+01 -1.715650e+01 1.143392e+02
      vertex   -4.368457e+01 -1.715650e+01 1.139959e+02
    endloop
  endfacet
  facet normal 0.000000e+00 1.000000e+00 0.000000e+00
    outer loop
      vertex   -4.368457e+01 -1.715650e+01 1.093574e+02
      vertex   -4.368457e+01 -1.715650e+01 1.139959e+02
      vertex   -4.328765e+01 -1.715650e+01 1.097823e+02
    endloop
  endfacet
  facet normal 0.000000e+00 1.000000e+00 -0.000000e+00
    outer loop
      vertex   -4.328765e+01 -1.715650e+01 1.097823e+02
      vertex   -4.368457e+01 -1.715650e+01 1.139959e+02
      vertex   -4.328765e+01 -1.715650e+01 1.135710e+02
    endloop
  endfacet
  facet normal 0.000000e+00 1.000000e+00 0.000000e+00
    outer loop
      vertex   -4.328765e+01 -1.715650e+01 1.097823e+02
      vertex   -4.328765e+01 -1.715650e+01 1.135710e+02
      vertex   -4.297706e+01 -1.715650e+01 1.102738e+02
    endloop
  endfacet
  facet normal 0.000000e+00 1.000000e+00 -0.000000e+00
    outer loop
      vertex   -4.297706e+01 -1.715650e+01 1.102738e+02
      vertex   -4.328765e+01 -1.715650e+01 1.135710e+02
      vertex   -4.297706e+01 -1.715650e+01 1.130795e+02
    endloop
  endfacet
  facet normal 0.000000e+00 1.000000e+00 0.000000e+00
    outer loop
      vertex   -4.297706e+01 -1.715650e+01 1.102738e+02
      vertex   -4.297706e+01 -1.715650e+01 1.130795e+02
      vertex   -4.276373e+01 -1.715650e+01 1.108147e+02
    endloop
  endfacet
  facet normal 0.000000e+00 1.000000e+00 -0.000000e+00
    outer loop
      vertex   -4.276373e+01 -1.715650e+01 1.108147e+02
      vertex   -4.297706e+01 -1.715650e+01 1.130795e+02
      vertex   -4.276373e+01 -1.715650e+01 1.125386e+02
    endloop
  endfacet
  facet normal 0.000000e+00 1.000000e+00 0.000000e+00
    outer loop
      vertex   -4.276373e+01 -1.715650e+01 1.108147e+02
      vertex   -4.276373e+01 -1.715650e+01 1.125386e+02
      vertex   -4.265515e+01 -1.715650e+01 1.113859e+02
    endloop
  endfacet
  facet normal 0.000000e+00 1.000000e+00 -0.000000e+00
    outer loop
      vertex   -4.265515e+01 -1.715650e+01 1.113859e+02
      vertex   -4.276373e+01 -1.715650e+01 1.125386e+02
      vertex   -4.265515e+01 -1.715650e+01 1.119674e+02
    endloop
  endfacet
  facet normal -1.077271e-01 -8.896910e-05 -9.941805e-01
    outer loop
      vertex   -4.557510e+01 -1.682288e+01 1.147722e+02
      vertex   -4.559398e+01 -4.656496e+00 1.147731e+02
      vertex   -4.524149e+01 -1.715650e+01 1.147360e+02
    endloop
  endfacet
  facet normal -1.423148e-01 -1.077261e-03 -9.898209e-01
    outer loop
      vertex   -4.524149e+01 -1.715650e+01 1.147360e+02
      vertex   -4.559398e+01 -4.656496e+00 1.147731e+02
      vertex   -4.501063e+01 -4.656496e+00 1.146893e+02
    endloop
  endfacet
  facet normal -2.531333e-01 1.053181e-03 -9.674308e-01
    outer loop
      vertex   -4.524149e+01 -1.715650e+01 1.147360e+02
      vertex   -4.501063e+01 -4.656496e+00 1.146893e+02
      vertex   -4.467898e+01 -1.715650e+01 1.145889e+02
    endloop
  endfacet
  facet normal -3.270678e-01 -1.088635e-03 -9.450003e-01
    outer loop
      vertex   -4.467898e+01 -1.715650e+01 1.145889e+02
      vertex   -4.501063e+01 -4.656496e+00 1.146893e+02
      vertex   -4.445370e+01 -4.656496e+00 1.144965e+02
    endloop
  endfacet
  facet normal -4.293359e-01 1.063743e-03 -9.031442e-01
    outer loop
      vertex   -4.467898e+01 -1.715650e+01 1.145889e+02
      vertex   -4.445370e+01 -4.656496e+00 1.144965e+02
      vertex   -4.415384e+01 -1.715650e+01 1.143392e+02
    endloop
  endfacet
  facet normal -4.999997e-01 -1.098385e-03 -8.660249e-01
    outer loop
      vertex   -4.415384e+01 -1.715650e+01 1.143392e+02
      vertex   -4.445370e+01 -4.656496e+00 1.144965e+02
      vertex   -4.394331e+01 -4.656496e+00 1.142018e+02
    endloop
  endfacet
  facet normal -5.904344e-01 1.072681e-03 -8.070849e-01
    outer loop
      vertex   -4.415384e+01 -1.715650e+01 1.143392e+02
      vertex   -4.394331e+01 -4.656496e+00 1.142018e+02
      vertex   -4.368457e+01 -1.715650e+01 1.139959e+02
    endloop
  endfacet
  facet normal -6.548603e-01 -1.106510e-03 -7.557491e-01
    outer loop
      vertex   -4.368457e+01 -1.715650e+01 1.139959e+02
      vertex   -4.394331e+01 -4.656496e+00 1.142018e+02
      vertex   -4.349791e+01 -4.656496e+00 1.138159e+02
    endloop
  endfacet
  facet normal -7.307613e-01 1.079993e-03 -6.826322e-01
    outer loop
      vertex   -4.368457e+01 -1.715650e+01 1.139959e+02
      vertex   -4.349791e+01 -4.656496e+00 1.138159e+02
      vertex   -4.328765e+01 -1.715650e+01 1.135710e+02
    endloop
  endfacet
  facet normal -7.860526e-01 -1.113009e-03 -6.181586e-01
    outer loop
      vertex   -4.328765e+01 -1.715650e+01 1.135710e+02
      vertex   -4.349791e+01 -4.656496e+00 1.138159e+02
      vertex   -4.313360e+01 -4.656496e+00 1.133526e+02
    endloop
  endfacet
  facet normal -8.453799e-01 1.085680e-03 -5.341644e-01
    outer loop
      vertex   -4.328765e+01 -1.715650e+01 1.135710e+02
      vertex   -4.313360e+01 -4.656496e+00 1.133526e+02
      vertex   -4.297706e+01 -1.715650e+01 1.130795e+02
    endloop
  endfacet
  facet normal -8.888349e-01 -1.117884e-03 -4.582262e-01
    outer loop
      vertex   -4.297706e+01 -1.715650e+01 1.130795e+02
      vertex   -4.313360e+01 -4.656496e+00 1.133526e+02
      vertex   -4.286355e+01 -4.656496e+00 1.128288e+02
    endloop
  endfacet
  facet normal -9.302579e-01 1.089743e-03 -3.669046e-01
    outer loop
      vertex   -4.297706e+01 -1.715650e+01 1.130795e+02
      vertex   -4.286355e+01 -4.656496e+00 1.128288e+02
      vertex   -4.276373e+01 -1.715650e+01 1.125386e+02
    endloop
  endfacet
  facet normal -9.594924e-01 -1.121134e-03 -2.817324e-01
    outer loop
      vertex   -4.276373e+01 -1.715650e+01 1.125386e+02
      vertex   -4.286355e+01 -4.656496e+00 1.128288e+02
      vertex   -4.269751e+01 -4.656496e+00 1.122633e+02
    endloop
  endfacet
  facet normal -9.824093e-01 1.092180e-03 -1.867370e-01
    outer loop
      vertex   -4.276373e+01 -1.715650e+01 1.125386e+02
      vertex   -4.269751e+01 -4.656496e+00 1.122633e+02
      vertex   -4.265515e+01 -1.715650e+01 1.119674e+02
    endloop
  endfacet
  facet normal -9.954713e-01 -1.122759e-03 -9.505598e-02
    outer loop
      vertex   -4.265515e+01 -1.715650e+01 1.119674e+02
      vertex   -4.269751e+01 -4.656496e+00 1.122633e+02
      vertex   -4.264149e+01 -4.656496e+00 1.116766e+02
    endloop
  endfacet
  facet normal -9.999994e-01 1.092993e-03 0.000000e+00
    outer loop
      vertex   -4.265515e+01 -1.715650e+01 1.119674e+02
      vertex   -4.264149e+01 -4.656496e+00 1.116766e+02
      vertex   -4.265515e+01 -1.715650e+01 1.113859e+02
    endloop
  endfacet
  facet normal -9.954713e-01 -1.122759e-03 9.505598e-02
    outer loop
      vertex   -4.265515e+01 -1.715650e+01 1.113859e+02
      vertex   -4.264149e+01 -4.656496e+00 1.116766e+02
      vertex   -4.269751e+01 -4.656496e+00 1.110900e+02
    endloop
  endfacet
  facet normal -9.824093e-01 1.092180e-03 1.867370e-01
    outer loop
      vertex   -4.265515e+01 -1.715650e+01 1.113859e+02
      vertex   -4.269751e+01 -4.656496e+00 1.110900e+02
      vertex   -4.276373e+01 -1.715650e+01 1.108147e+02
    endloop
  endfacet
  facet normal -9.594924e-01 -1.121134e-03 2.817324e-01
    outer loop
      vertex   -4.276373e+01 -1.715650e+01 1.108147e+02
      vertex   -4.269751e+01 -4.656496e+00 1.110900e+02
      vertex   -4.286355e+01 -4.656496e+00 1.105245e+02
    endloop
  endfacet
  facet normal -9.302579e-01 1.089743e-03 3.669046e-01
    outer loop
      vertex   -4.276373e+01 -1.715650e+01 1.108147e+02
      vertex   -4.286355e+01 -4.656496e+00 1.105245e+02
      vertex   -4.297706e+01 -1.715650e+01 1.102738e+02
    endloop
  endfacet
  facet normal -8.888349e-01 -1.117884e-03 4.582262e-01
    outer loop
      vertex   -4.297706e+01 -1.715650e+01 1.102738e+02
      vertex   -4.286355e+01 -4.656496e+00 1.105245e+02
      vertex   -4.313360e+01 -4.656496e+00 1.100006e+02
    endloop
  endfacet
  facet normal -8.453799e-01 1.085680e-03 5.341644e-01
    outer loop
      vertex   -4.297706e+01 -1.715650e+01 1.102738e+02
      vertex   -4.313360e+01 -4.656496e+00 1.100006e+02
      vertex   -4.328765e+01 -1.715650e+01 1.097823e+02
    endloop
  endfacet
  facet normal -7.860526e-01 -1.113009e-03 6.181586e-01
    outer loop
      vertex   -4.328765e+01 -1.715650e+01 1.097823e+02
      vertex   -4.313360e+01 -4.656496e+00 1.100006e+02
      vertex   -4.349791e+01 -4.656496e+00 1.095374e+02
    endloop
  endfacet
  facet normal -7.307613e-01 1.079993e-03 6.826322e-01
    outer loop
      vertex   -4.328765e+01 -1.715650e+01 1.097823e+02
      vertex   -4.349791e+01 -4.656496e+00 1.095374e+02
      vertex   -4.368457e+01 -1.715650e+01 1.093574e+02
    endloop
  endfacet
  facet normal -6.548603e-01 -1.106510e-03 7.557491e-01
    outer loop
      vertex   -4.368457e+01 -1.715650e+01 1.093574e+02
      vertex   -4.349791e+01 -4.656496e+00 1.095374e+02
      vertex   -4.394331e+01 -4.656496e+00 1.091515e+02
    endloop
  endfacet
  facet normal -5.904344e-01 1.072681e-03 8.070849e-01
    outer loop
      vertex   -4.368457e+01 -1.715650e+01 1.093574e+02
      vertex   -4.394331e+01 -4.656496e+00 1.091515e+02
      vertex   -4.415384e+01 -1.715650e+01 1.090140e+02
    endloop
  endfacet
  facet normal -4.999997e-01 -1.098385e-03 8.660249e-01
    outer loop
      vertex   -4.415384e+01 -1.715650e+01 1.090140e+02
      vertex   -4.394331e+01 -4.656496e+00 1.091515e+02
      vertex   -4.445370e+01 -4.656496e+00 1.088568e+02
    endloop
  endfacet
  facet normal -4.293359e-01 1.063743e-03 9.031442e-01
    outer loop
      vertex   -4.415384e+01 -1.715650e+01 1.090140e+02
      vertex   -4.445370e+01 -4.656496e+00 1.088568e+02
      vertex   -4.467898e+01 -1.715650e+01 1.087644e+02
    endloop
  endfacet
  facet normal -3.270678e-01 -1.088635e-03 9.450003e-01
    outer loop
      vertex   -4.467898e+01 -1.715650e+01 1.087644e+02
      vertex   -4.445370e+01 -4.656496e+00 1.088568e+02
      vertex   -4.501063e+01 -4.656496e+00 1.086640e+02
    endloop
  endfacet
  facet normal -2.531333e-01 1.053181e-03 9.674308e-01
    outer loop
      vertex   -4.467898e+01 -1.715650e+01 1.087644e+02
      vertex   -4.501063e+01 -4.656496e+00 1.086640e+02
      vertex   -4.524149e+01 -1.715650e+01 1.086172e+02
    endloop
  endfacet
  facet normal -1.423148e-01 -1.077261e-03 9.898209e-01
    outer loop
      vertex   -4.524149e+01 -1.715650e+01 1.086172e+02
      vertex   -4.501063e+01 -4.656496e+00 1.086640e+02
      vertex   -4.559398e+01 -4.656496e+00 1.085801e+02
    endloop
  endfacet
  facet normal -1.077271e-01 -8.896910e-05 9.941805e-01
    outer loop
      vertex   -4.524149e+01 -1.715650e+01 1.086172e+02
      vertex   -4.559398e+01 -4.656496e+00 1.085801e+02
      vertex   -4.557510e+01 -1.682288e+01 1.085811e+02
    endloop
  endfacet
  facet normal 5.310022e-04 7.949294e-05 9.999999e-01
    outer loop
      vertex   -4.557510e+01 -1.682288e+01 1.085811e+02
      vertex   -4.559398e+01 -4.656496e+00 1.085801e+02
      vertex   -4.591067e+01 -1.648732e+01 1.085813e+02
    endloop
  endfacet
  facet normal 4.758188e-02 -1.180058e-03 9.988666e-01
    outer loop
      vertex   -4.591067e+01 -1.648732e+01 1.085813e+02
      vertex   -4.559398e+01 -4.656496e+00 1.085801e+02
      vertex   -4.618266e+01 -4.656496e+00 1.086082e+02
    endloop
  endfacet
  facet normal 1.087718e-01 2.376531e-04 9.940667e-01
    outer loop
      vertex   -4.591067e+01 -1.648732e+01 1.085813e+02
      vertex   -4.618266e+01 -4.656496e+00 1.086082e+02
      vertex   -4.624425e+01 -1.615373e+01 1.086177e+02
    endloop
  endfacet
  facet normal 2.150207e-01 -3.458893e-04 9.766094e-01
    outer loop
      vertex   -4.624425e+01 -1.615373e+01 1.086177e+02
      vertex   -4.618266e+01 -4.656496e+00 1.086082e+02
      vertex   -4.657194e+01 -1.582604e+01 1.086899e+02
    endloop
  endfacet
  facet normal 2.357588e-01 -1.103769e-03 9.718110e-01
    outer loop
      vertex   -4.657194e+01 -1.582604e+01 1.086899e+02
      vertex   -4.618266e+01 -4.656496e+00 1.086082e+02
      vertex   -4.675540e+01 -4.656496e+00 1.087471e+02
    endloop
  endfacet
  facet normal 3.200043e-01 4.048523e-04 9.474160e-01
    outer loop
      vertex   -4.657194e+01 -1.582604e+01 1.086899e+02
      vertex   -4.675540e+01 -4.656496e+00 1.087471e+02
      vertex   -4.688990e+01 -1.550808e+01 1.087972e+02
    endloop
  endfacet
  facet normal 4.154148e-01 -9.520811e-04 9.096316e-01
    outer loop
      vertex   -4.688990e+01 -1.550808e+01 1.087972e+02
      vertex   -4.675540e+01 -4.656496e+00 1.087471e+02
      vertex   -4.729149e+01 -4.656496e+00 1.089920e+02
    endloop
  endfacet
  facet normal 4.195559e-01 -7.646885e-04 9.077292e-01
    outer loop
      vertex   -4.688990e+01 -1.550808e+01 1.087972e+02
      vertex   -4.729149e+01 -4.656496e+00 1.089920e+02
      vertex   -4.719441e+01 -1.520358e+01 1.089382e+02
    endloop
  endfacet
  facet normal 5.160897e-01 3.847891e-04 8.565345e-01
    outer loop
      vertex   -4.719441e+01 -1.520358e+01 1.089382e+02
      vertex   -4.729149e+01 -4.656496e+00 1.089920e+02
      vertex   -4.748189e+01 -1.491610e+01 1.091113e+02
    endloop
  endfacet
  facet normal 5.800564e-01 -1.290346e-03 8.145753e-01
    outer loop
      vertex   -4.748189e+01 -1.491610e+01 1.091113e+02
      vertex   -4.729149e+01 -4.656496e+00 1.089920e+02
      vertex   -4.777155e+01 -4.656496e+00 1.093338e+02
    endloop
  endfacet
  facet normal 6.052735e-01 -1.758630e-04 7.960176e-01
    outer loop
      vertex   -4.748189e+01 -1.491610e+01 1.091113e+02
      vertex   -4.777155e+01 -4.656496e+00 1.093338e+02
      vertex   -4.774897e+01 -1.464901e+01 1.093144e+02
    endloop
  endfacet
  facet normal 6.879465e-01 1.472209e-04 7.257614e-01
    outer loop
      vertex   -4.774897e+01 -1.464901e+01 1.093144e+02
      vertex   -4.777155e+01 -4.656496e+00 1.093338e+02
      vertex   -4.799254e+01 -1.440545e+01 1.095453e+02
    endloop
  endfacet
  facet normal 7.237333e-01 -1.437902e-03 6.900783e-01
    outer loop
      vertex   -4.799254e+01 -1.440545e+01 1.095453e+02
      vertex   -4.777155e+01 -4.656496e+00 1.093338e+02
      vertex   -4.817825e+01 -4.656496e+00 1.097603e+02
    endloop
  endfacet
  facet normal 7.623963e-01 2.465905e-04 6.471103e-01
    outer loop
      vertex   -4.799254e+01 -1.440545e+01 1.095453e+02
      vertex   -4.817825e+01 -4.656496e+00 1.097603e+02
      vertex   -4.820973e+01 -1.418826e+01 1.098011e+02
    endloop
  endfacet
  facet normal 8.276793e-01 -3.359285e-04 5.612013e-01
    outer loop
      vertex   -4.820973e+01 -1.418826e+01 1.098011e+02
      vertex   -4.817825e+01 -4.656496e+00 1.097603e+02
      vertex   -4.839799e+01 -1.399999e+01 1.100788e+02
    endloop
  endfacet
  facet normal 8.412528e-01 -1.356007e-03 5.406403e-01
    outer loop
      vertex   -4.839799e+01 -1.399999e+01 1.100788e+02
      vertex   -4.817825e+01 -4.656496e+00 1.097603e+02
      vertex   -4.849688e+01 -4.656496e+00 1.102561e+02
    endloop
  endfacet
  facet normal 8.836806e-01 4.697165e-04 4.680902e-01
    outer loop
      vertex   -4.839799e+01 -1.399999e+01 1.100788e+02
      vertex   -4.849688e+01 -4.656496e+00 1.102561e+02
      vertex   -4.855513e+01 -1.384285e+01 1.103753e+02
    endloop
  endfacet
  facet normal 9.283674e-01 -1.064859e-03 3.716622e-01
    outer loop
      vertex   -4.855513e+01 -1.384285e+01 1.103753e+02
      vertex   -4.849688e+01 -4.656496e+00 1.102561e+02
      vertex   -4.871591e+01 -4.656496e+00 1.108033e+02
    endloop
  endfacet
  facet normal 9.288801e-01 -9.961125e-04 3.703791e-01
    outer loop
      vertex   -4.855513e+01 -1.384285e+01 1.103753e+02
      vertex   -4.871591e+01 -4.656496e+00 1.108033e+02
      vertex   -4.867930e+01 -1.371868e+01 1.106871e+02
    endloop
  endfacet
  facet normal 9.636040e-01 4.653562e-04 2.673334e-01
    outer loop
      vertex   -4.867930e+01 -1.371868e+01 1.106871e+02
      vertex   -4.871591e+01 -4.656496e+00 1.108033e+02
      vertex   -4.876905e+01 -1.362893e+01 1.110104e+02
    endloop
  endfacet
  facet normal 9.819277e-01 -1.445887e-03 1.892510e-01
    outer loop
      vertex   -4.876905e+01 -1.362893e+01 1.110104e+02
      vertex   -4.871591e+01 -4.656496e+00 1.108033e+02
      vertex   -4.882745e+01 -4.656496e+00 1.113820e+02
    endloop
  endfacet
  facet normal 9.868268e-01 -2.764328e-04 1.617800e-01
    outer loop
      vertex   -4.876905e+01 -1.362893e+01 1.110104e+02
      vertex   -4.882745e+01 -4.656496e+00 1.113820e+02
      vertex   -4.882332e+01 -1.357466e+01 1.113416e+02
    endloop
  endfacet
  facet normal 9.985349e-01 2.167200e-04 5.411165e-02
    outer loop
      vertex   -4.882332e+01 -1.357466e+01 1.113416e+02
      vertex   -4.882745e+01 -4.656496e+00 1.113820e+02
      vertex   -4.884149e+01 -1.355650e+01 1.116766e+02
    endloop
  endfacet
  facet normal 9.999988e-01 -1.577194e-03 0.000000e+00
    outer loop
      vertex   -4.884149e+01 -1.355650e+01 1.116766e+02
      vertex   -4.882745e+01 -4.656496e+00 1.113820e+02
      vertex   -4.882745e+01 -4.656496e+00 1.119713e+02
    endloop
  endfacet
  facet normal 9.985349e-01 2.167200e-04 -5.411165e-02
    outer loop
      vertex   -4.884149e+01 -1.355650e+01 1.116766e+02
      vertex   -4.882745e+01 -4.656496e+00 1.119713e+02
      vertex   -4.882332e+01 -1.357466e+01 1.120117e+02
    endloop
  endfacet
  facet normal 9.868268e-01 -2.764328e-04 -1.617800e-01
    outer loop
      vertex   -4.882332e+01 -1.357466e+01 1.120117e+02
      vertex   -4.882745e+01 -4.656496e+00 1.119713e+02
      vertex   -4.876905e+01 -1.362893e+01 1.123429e+02
    endloop
  endfacet
  facet normal 9.819277e-01 -1.445887e-03 -1.892510e-01
    outer loop
      vertex   -4.876905e+01 -1.362893e+01 1.123429e+02
      vertex   -4.882745e+01 -4.656496e+00 1.119713e+02
      vertex   -4.871591e+01 -4.656496e+00 1.125500e+02
    endloop
  endfacet
  facet normal 9.636040e-01 4.653562e-04 -2.673334e-01
    outer loop
      vertex   -4.876905e+01 -1.362893e+01 1.123429e+02
      vertex   -4.871591e+01 -4.656496e+00 1.125500e+02
      vertex   -4.867930e+01 -1.371868e+01 1.126662e+02
    endloop
  endfacet
  facet normal 9.283675e-01 -1.014635e-03 -3.716623e-01
    outer loop
      vertex   -4.867930e+01 -1.371868e+01 1.126662e+02
      vertex   -4.871591e+01 -4.656496e+00 1.125500e+02
      vertex   -4.849688e+01 -4.656496e+00 1.130971e+02
    endloop
  endfacet
  facet normal 9.288680e-01 -1.084289e-03 -3.704094e-01
    outer loop
      vertex   -4.867930e+01 -1.371868e+01 1.126662e+02
      vertex   -4.849688e+01 -4.656496e+00 1.130971e+02
      vertex   -4.855513e+01 -1.384285e+01 1.129779e+02
    endloop
  endfacet
  facet normal 8.836806e-01 4.697165e-04 -4.680902e-01
    outer loop
      vertex   -4.855513e+01 -1.384285e+01 1.129779e+02
      vertex   -4.849688e+01 -4.656496e+00 1.130971e+02
      vertex   -4.839799e+01 -1.399999e+01 1.132744e+02
    endloop
  endfacet
  facet normal 8.412528e-01 -1.356007e-03 -5.406403e-01
    outer loop
      vertex   -4.839799e+01 -1.399999e+01 1.132744e+02
      vertex   -4.849688e+01 -4.656496e+00 1.130971e+02
      vertex   -4.817825e+01 -4.656496e+00 1.135929e+02
    endloop
  endfacet
  facet normal 8.276793e-01 -3.359285e-04 -5.612013e-01
    outer loop
      vertex   -4.839799e+01 -1.399999e+01 1.132744e+02
      vertex   -4.817825e+01 -4.656496e+00 1.135929e+02
      vertex   -4.820973e+01 -1.418826e+01 1.135522e+02
    endloop
  endfacet
  facet normal 7.623963e-01 2.465905e-04 -6.471103e-01
    outer loop
      vertex   -4.820973e+01 -1.418826e+01 1.135522e+02
      vertex   -4.817825e+01 -4.656496e+00 1.135929e+02
      vertex   -4.799254e+01 -1.440545e+01 1.138080e+02
    endloop
  endfacet
  facet normal 7.237333e-01 -1.437902e-03 -6.900783e-01
    outer loop
      vertex   -4.799254e+01 -1.440545e+01 1.138080e+02
      vertex   -4.817825e+01 -4.656496e+00 1.135929e+02
      vertex   -4.777155e+01 -4.656496e+00 1.140195e+02
    endloop
  endfacet
  facet normal 6.879465e-01 1.472209e-04 -7.257614e-01
    outer loop
      vertex   -4.799254e+01 -1.440545e+01 1.138080e+02
      vertex   -4.777155e+01 -4.656496e+00 1.140195e+02
      vertex   -4.774897e+01 -1.464901e+01 1.140388e+02
    endloop
  endfacet
  facet normal 6.052735e-01 -1.758630e-04 -7.960176e-01
    outer loop
      vertex   -4.774897e+01 -1.464901e+01 1.140388e+02
      vertex   -4.777155e+01 -4.656496e+00 1.140195e+02
      vertex   -4.748189e+01 -1.491610e+01 1.142420e+02
    endloop
  endfacet
  facet normal 5.800564e-01 -1.290346e-03 -8.145753e-01
    outer loop
      vertex   -4.748189e+01 -1.491610e+01 1.142420e+02
      vertex   -4.777155e+01 -4.656496e+00 1.140195e+02
      vertex   -4.729149e+01 -4.656496e+00 1.143613e+02
    endloop
  endfacet
  facet normal 5.160897e-01 3.847891e-04 -8.565345e-01
    outer loop
      vertex   -4.748189e+01 -1.491610e+01 1.142420e+02
      vertex   -4.729149e+01 -4.656496e+00 1.143613e+02
      vertex   -4.719441e+01 -1.520358e+01 1.144151e+02
    endloop
  endfacet
  facet normal 4.154149e-01 -8.125017e-04 -9.096317e-01
    outer loop
      vertex   -4.719441e+01 -1.520358e+01 1.144151e+02
      vertex   -4.729149e+01 -4.656496e+00 1.143613e+02
      vertex   -4.675540e+01 -4.656496e+00 1.146061e+02
    endloop
  endfacet
  facet normal 4.193544e-01 -1.009260e-03 -9.078221e-01
    outer loop
      vertex   -4.719441e+01 -1.520358e+01 1.144151e+02
      vertex   -4.675540e+01 -4.656496e+00 1.146061e+02
      vertex   -4.688990e+01 -1.550808e+01 1.145561e+02
    endloop
  endfacet
  facet normal 3.200043e-01 4.048523e-04 -9.474160e-01
    outer loop
      vertex   -4.688990e+01 -1.550808e+01 1.145561e+02
      vertex   -4.675540e+01 -4.656496e+00 1.146061e+02
      vertex   -4.657194e+01 -1.582604e+01 1.146633e+02
    endloop
  endfacet
  facet normal 2.357588e-01 -1.103769e-03 -9.718110e-01
    outer loop
      vertex   -4.657194e+01 -1.582604e+01 1.146633e+02
      vertex   -4.675540e+01 -4.656496e+00 1.146061e+02
      vertex   -4.618266e+01 -4.656496e+00 1.147451e+02
    endloop
  endfacet
  facet normal 2.150207e-01 -3.458893e-04 -9.766094e-01
    outer loop
      vertex   -4.657194e+01 -1.582604e+01 1.146633e+02
      vertex   -4.618266e+01 -4.656496e+00 1.147451e+02
      vertex   -4.624425e+01 -1.615373e+01 1.147356e+02
    endloop
  endfacet
  facet normal 1.087718e-01 2.376531e-04 -9.940667e-01
    outer loop
      vertex   -4.624425e+01 -1.615373e+01 1.147356e+02
      vertex   -4.618266e+01 -4.656496e+00 1.147451e+02
      vertex   -4.591067e+01 -1.648732e+01 1.147720e+02
    endloop
  endfacet
  facet normal 4.758188e-02 -1.180058e-03 -9.988666e-01
    outer loop
      vertex   -4.591067e+01 -1.648732e+01 1.147720e+02
      vertex   -4.618266e+01 -4.656496e+00 1.147451e+02
      vertex   -4.559398e+01 -4.656496e+00 1.147731e+02
    endloop
  endfacet
  facet normal 5.310022e-04 7.949294e-05 -9.999999e-01
    outer loop
      vertex   -4.591067e+01 -1.648732e+01 1.147720e+02
      vertex   -4.559398e+01 -4.656496e+00 1.147731e+02
      vertex   -4.557510e+01 -1.682288e+01 1.147722e+02
    endloop
  endfacet
  facet normal -9.954719e-01 0.000000e+00 9.505604e-02
    outer loop
      vertex   -4.269751e+01 7.843504e+00 1.110900e+02
      vertex   -4.269751e+01 -4.656496e+00 1.110900e+02
      vertex   -4.264149e+01 7.843504e+00 1.116766e+02
    endloop
  endfacet
  facet normal -9.954719e-01 1.131721e-15 9.505604e-02
    outer loop
      vertex   -4.264149e+01 7.843504e+00 1.116766e+02
      vertex   -4.269751e+01 -4.656496e+00 1.110900e+02
      vertex   -4.264149e+01 -4.656496e+00 1.116766e+02
    endloop
  endfacet
  facet normal -9.954719e-01 1.131721e-15 -9.505604e-02
    outer loop
      vertex   -4.264149e+01 7.843504e+00 1.116766e+02
      vertex   -4.264149e+01 -4.656496e+00 1.116766e+02
      vertex   -4.269751e+01 7.843504e+00 1.122633e+02
    endloop
  endfacet
  facet normal -9.954719e-01 -0.000000e+00 -9.505604e-02
    outer loop
      vertex   -4.269751e+01 7.843504e+00 1.122633e+02
      vertex   -4.264149e+01 -4.656496e+00 1.116766e+02
      vertex   -4.269751e+01 -4.656496e+00 1.122633e+02
    endloop
  endfacet
  facet normal -9.594930e-01 -0.000000e+00 -2.817326e-01
    outer loop
      vertex   -4.269751e+01 7.843504e+00 1.122633e+02
      vertex   -4.269751e+01 -4.656496e+00 1.122633e+02
      vertex   -4.286355e+01 7.843504e+00 1.128288e+02
    endloop
  endfacet
  facet normal -9.594930e-01 5.454086e-16 -2.817326e-01
    outer loop
      vertex   -4.286355e+01 7.843504e+00 1.128288e+02
      vertex   -4.269751e+01 -4.656496e+00 1.122633e+02
      vertex   -4.286355e+01 -4.656496e+00 1.128288e+02
    endloop
  endfacet
  facet normal -8.888354e-01 5.052445e-16 -4.582265e-01
    outer loop
      vertex   -4.286355e+01 7.843504e+00 1.128288e+02
      vertex   -4.286355e+01 -4.656496e+00 1.128288e+02
      vertex   -4.313360e+01 7.843504e+00 1.133526e+02
    endloop
  endfacet
  facet normal -8.888354e-01 5.052445e-16 -4.582265e-01
    outer loop
      vertex   -4.313360e+01 7.843504e+00 1.133526e+02
      vertex   -4.286355e+01 -4.656496e+00 1.128288e+02
      vertex   -4.313360e+01 -4.656496e+00 1.133526e+02
    endloop
  endfacet
  facet normal -7.860531e-01 4.468195e-16 -6.181590e-01
    outer loop
      vertex   -4.313360e+01 7.843504e+00 1.133526e+02
      vertex   -4.313360e+01 -4.656496e+00 1.133526e+02
      vertex   -4.349791e+01 7.843504e+00 1.138159e+02
    endloop
  endfacet
  facet normal -7.860531e-01 8.936389e-16 -6.181590e-01
    outer loop
      vertex   -4.349791e+01 7.843504e+00 1.138159e+02
      vertex   -4.313360e+01 -4.656496e+00 1.133526e+02
      vertex   -4.349791e+01 -4.656496e+00 1.138159e+02
    endloop
  endfacet
  facet normal -6.548607e-01 7.444905e-16 -7.557496e-01
    outer loop
      vertex   -4.349791e+01 7.843504e+00 1.138159e+02
      vertex   -4.349791e+01 -4.656496e+00 1.138159e+02
      vertex   -4.394331e+01 7.843504e+00 1.142018e+02
    endloop
  endfacet
  facet normal -6.548607e-01 3.722452e-16 -7.557496e-01
    outer loop
      vertex   -4.394331e+01 7.843504e+00 1.142018e+02
      vertex   -4.349791e+01 -4.656496e+00 1.138159e+02
      vertex   -4.394331e+01 -4.656496e+00 1.142018e+02
    endloop
  endfacet
  facet normal -5.000000e-01 2.842171e-16 -8.660254e-01
    outer loop
      vertex   -4.394331e+01 7.843504e+00 1.142018e+02
      vertex   -4.394331e+01 -4.656496e+00 1.142018e+02
      vertex   -4.445370e+01 7.843504e+00 1.144965e+02
    endloop
  endfacet
  facet normal -5.000000e-01 2.842171e-16 -8.660254e-01
    outer loop
      vertex   -4.445370e+01 7.843504e+00 1.144965e+02
      vertex   -4.394331e+01 -4.656496e+00 1.142018e+02
      vertex   -4.445370e+01 -4.656496e+00 1.144965e+02
    endloop
  endfacet
  facet normal -3.270680e-01 1.859166e-16 -9.450008e-01
    outer loop
      vertex   -4.445370e+01 7.843504e+00 1.144965e+02
      vertex   -4.445370e+01 -4.656496e+00 1.144965e+02
      vertex   -4.501063e+01 7.843504e+00 1.146893e+02
    endloop
  endfacet
  facet normal -3.270680e-01 1.859166e-16 -9.450008e-01
    outer loop
      vertex   -4.501063e+01 7.843504e+00 1.146893e+02
      vertex   -4.445370e+01 -4.656496e+00 1.144965e+02
      vertex   -4.501063e+01 -4.656496e+00 1.146893e+02
    endloop
  endfacet
  facet normal -1.423148e-01 8.089662e-17 -9.898214e-01
    outer loop
      vertex   -4.501063e+01 7.843504e+00 1.146893e+02
      vertex   -4.501063e+01 -4.656496e+00 1.146893e+02
      vertex   -4.559398e+01 7.843504e+00 1.147731e+02
    endloop
  endfacet
  facet normal -1.423148e-01 -0.000000e+00 -9.898214e-01
    outer loop
      vertex   -4.559398e+01 7.843504e+00 1.147731e+02
      vertex   -4.501063e+01 -4.656496e+00 1.146893e+02
      vertex   -4.559398e+01 -4.656496e+00 1.147731e+02
    endloop
  endfacet
  facet normal 4.758192e-02 0.000000e+00 -9.988673e-01
    outer loop
      vertex   -4.559398e+01 7.843504e+00 1.147731e+02
      vertex   -4.559398e+01 -4.656496e+00 1.147731e+02
      vertex   -4.618266e+01 7.843504e+00 1.147451e+02
    endloop
  endfacet
  facet normal 4.758192e-02 0.000000e+00 -9.988673e-01
    outer loop
      vertex   -4.618266e+01 7.843504e+00 1.147451e+02
      vertex   -4.559398e+01 -4.656496e+00 1.147731e+02
      vertex   -4.618266e+01 -4.656496e+00 1.147451e+02
    endloop
  endfacet
  facet normal 2.357589e-01 0.000000e+00 -9.718116e-01
    outer loop
      vertex   -4.618266e+01 7.843504e+00 1.147451e+02
      vertex   -4.618266e+01 -4.656496e+00 1.147451e+02
      vertex   -4.675540e+01 7.843504e+00 1.146061e+02
    endloop
  endfacet
  facet normal 2.357589e-01 0.000000e+00 -9.718116e-01
    outer loop
      vertex   -4.675540e+01 7.843504e+00 1.146061e+02
      vertex   -4.618266e+01 -4.656496e+00 1.147451e+02
      vertex   -4.675540e+01 -4.656496e+00 1.146061e+02
    endloop
  endfacet
  facet normal 4.154150e-01 0.000000e+00 -9.096320e-01
    outer loop
      vertex   -4.675540e+01 7.843504e+00 1.146061e+02
      vertex   -4.675540e+01 -4.656496e+00 1.146061e+02
      vertex   -4.729149e+01 7.843504e+00 1.143613e+02
    endloop
  endfacet
  facet normal 4.154150e-01 0.000000e+00 -9.096320e-01
    outer loop
      vertex   -4.729149e+01 7.843504e+00 1.143613e+02
      vertex   -4.675540e+01 -4.656496e+00 1.146061e+02
      vertex   -4.729149e+01 -4.656496e+00 1.143613e+02
    endloop
  endfacet
  facet normal 5.800569e-01 0.000000e+00 -8.145760e-01
    outer loop
      vertex   -4.729149e+01 7.843504e+00 1.143613e+02
      vertex   -4.729149e+01 -4.656496e+00 1.143613e+02
      vertex   -4.777155e+01 7.843504e+00 1.140195e+02
    endloop
  endfacet
  facet normal 5.800569e-01 -3.297242e-16 -8.145760e-01
    outer loop
      vertex   -4.777155e+01 7.843504e+00 1.140195e+02
      vertex   -4.729149e+01 -4.656496e+00 1.143613e+02
      vertex   -4.777155e+01 -4.656496e+00 1.140195e+02
    endloop
  endfacet
  facet normal 7.237340e-01 -4.113952e-16 -6.900790e-01
    outer loop
      vertex   -4.777155e+01 7.843504e+00 1.140195e+02
      vertex   -4.777155e+01 -4.656496e+00 1.140195e+02
      vertex   -4.817825e+01 7.843504e+00 1.135929e+02
    endloop
  endfacet
  facet normal 7.237340e-01 0.000000e+00 -6.900790e-01
    outer loop
      vertex   -4.817825e+01 7.843504e+00 1.135929e+02
      vertex   -4.777155e+01 -4.656496e+00 1.140195e+02
      vertex   -4.817825e+01 -4.656496e+00 1.135929e+02
    endloop
  endfacet
  facet normal 8.412535e-01 0.000000e+00 -5.406408e-01
    outer loop
      vertex   -4.817825e+01 7.843504e+00 1.135929e+02
      vertex   -4.817825e+01 -4.656496e+00 1.135929e+02
      vertex   -4.849688e+01 7.843504e+00 1.130971e+02
    endloop
  endfacet
  facet normal 8.412535e-01 0.000000e+00 -5.406408e-01
    outer loop
      vertex   -4.849688e+01 7.843504e+00 1.130971e+02
      vertex   -4.817825e+01 -4.656496e+00 1.135929e+02
      vertex   -4.849688e+01 -4.656496e+00 1.130971e+02
    endloop
  endfacet
  facet normal 9.283679e-01 0.000000e+00 -3.716625e-01
    outer loop
      vertex   -4.849688e+01 7.843504e+00 1.130971e+02
      vertex   -4.849688e+01 -4.656496e+00 1.130971e+02
      vertex   -4.871591e+01 7.843504e+00 1.125500e+02
    endloop
  endfacet
  facet normal 9.283679e-01 -5.277161e-16 -3.716625e-01
    outer loop
      vertex   -4.871591e+01 7.843504e+00 1.125500e+02
      vertex   -4.849688e+01 -4.656496e+00 1.130971e+02
      vertex   -4.871591e+01 -4.656496e+00 1.125500e+02
    endloop
  endfacet
  facet normal 9.819287e-01 -5.581618e-16 -1.892512e-01
    outer loop
      vertex   -4.871591e+01 7.843504e+00 1.125500e+02
      vertex   -4.871591e+01 -4.656496e+00 1.125500e+02
      vertex   -4.882745e+01 7.843504e+00 1.119713e+02
    endloop
  endfacet
  facet normal 9.819287e-01 0.000000e+00 -1.892512e-01
    outer loop
      vertex   -4.882745e+01 7.843504e+00 1.119713e+02
      vertex   -4.871591e+01 -4.656496e+00 1.125500e+02
      vertex   -4.882745e+01 -4.656496e+00 1.119713e+02
    endloop
  endfacet
  facet normal 1.000000e+00 0.000000e+00 0.000000e+00
    outer loop
      vertex   -4.882745e+01 7.843504e+00 1.119713e+02
      vertex   -4.882745e+01 -4.656496e+00 1.119713e+02
      vertex   -4.882745e+01 7.843504e+00 1.113820e+02
    endloop
  endfacet
  facet normal 1.000000e+00 0.000000e+00 0.000000e+00
    outer loop
      vertex   -4.882745e+01 7.843504e+00 1.113820e+02
      vertex   -4.882745e+01 -4.656496e+00 1.119713e+02
      vertex   -4.882745e+01 -4.656496e+00 1.113820e+02
    endloop
  endfacet
  facet normal 9.819287e-01 0.000000e+00 1.892512e-01
    outer loop
      vertex   -4.882745e+01 7.843504e+00 1.113820e+02
      vertex   -4.882745e+01 -4.656496e+00 1.113820e+02
      vertex   -4.871591e+01 7.843504e+00 1.108033e+02
    endloop
  endfacet
  facet normal 9.819287e-01 -5.581618e-16 1.892512e-01
    outer loop
      vertex   -4.871591e+01 7.843504e+00 1.108033e+02
      vertex   -4.882745e+01 -4.656496e+00 1.113820e+02
      vertex   -4.871591e+01 -4.656496e+00 1.108033e+02
    endloop
  endfacet
  facet normal 9.283679e-01 -5.277161e-16 3.716625e-01
    outer loop
      vertex   -4.871591e+01 7.843504e+00 1.108033e+02
      vertex   -4.871591e+01 -4.656496e+00 1.108033e+02
      vertex   -4.849688e+01 7.843504e+00 1.102561e+02
    endloop
  endfacet
  facet normal 9.283679e-01 0.000000e+00 3.716625e-01
    outer loop
      vertex   -4.849688e+01 7.843504e+00 1.102561e+02
      vertex   -4.871591e+01 -4.656496e+00 1.108033e+02
      vertex   -4.849688e+01 -4.656496e+00 1.102561e+02
    endloop
  endfacet
  facet normal 8.412535e-01 0.000000e+00 5.406408e-01
    outer loop
      vertex   -4.849688e+01 7.843504e+00 1.102561e+02
      vertex   -4.849688e+01 -4.656496e+00 1.102561e+02
      vertex   -4.817825e+01 7.843504e+00 1.097603e+02
    endloop
  endfacet
  facet normal 8.412535e-01 0.000000e+00 5.406408e-01
    outer loop
      vertex   -4.817825e+01 7.843504e+00 1.097603e+02
      vertex   -4.849688e+01 -4.656496e+00 1.102561e+02
      vertex   -4.817825e+01 -4.656496e+00 1.097603e+02
    endloop
  endfacet
  facet normal 7.237340e-01 0.000000e+00 6.900790e-01
    outer loop
      vertex   -4.817825e+01 7.843504e+00 1.097603e+02
      vertex   -4.817825e+01 -4.656496e+00 1.097603e+02
      vertex   -4.777155e+01 7.843504e+00 1.093338e+02
    endloop
  endfacet
  facet normal 7.237340e-01 -4.113952e-16 6.900790e-01
    outer loop
      vertex   -4.777155e+01 7.843504e+00 1.093338e+02
      vertex   -4.817825e+01 -4.656496e+00 1.097603e+02
      vertex   -4.777155e+01 -4.656496e+00 1.093338e+02
    endloop
  endfacet
  facet normal 5.800569e-01 -3.297242e-16 8.145760e-01
    outer loop
      vertex   -4.777155e+01 7.843504e+00 1.093338e+02
      vertex   -4.777155e+01 -4.656496e+00 1.093338e+02
      vertex   -4.729149e+01 7.843504e+00 1.089920e+02
    endloop
  endfacet
  facet normal 5.800569e-01 0.000000e+00 8.145760e-01
    outer loop
      vertex   -4.729149e+01 7.843504e+00 1.089920e+02
      vertex   -4.777155e+01 -4.656496e+00 1.093338e+02
      vertex   -4.729149e+01 -4.656496e+00 1.089920e+02
    endloop
  endfacet
  facet normal 4.154150e-01 0.000000e+00 9.096320e-01
    outer loop
      vertex   -4.729149e+01 7.843504e+00 1.089920e+02
      vertex   -4.729149e+01 -4.656496e+00 1.089920e+02
      vertex   -4.675540e+01 7.843504e+00 1.087471e+02
    endloop
  endfacet
  facet normal 4.154150e-01 0.000000e+00 9.096320e-01
    outer loop
      vertex   -4.675540e+01 7.843504e+00 1.087471e+02
      vertex   -4.729149e+01 -4.656496e+00 1.089920e+02
      vertex   -4.675540e+01 -4.656496e+00 1.087471e+02
    endloop
  endfacet
  facet normal 2.357589e-01 0.000000e+00 9.718116e-01
    outer loop
      vertex   -4.675540e+01 7.843504e+00 1.087471e+02
      vertex   -4.675540e+01 -4.656496e+00 1.087471e+02
      vertex   -4.618266e+01 7.843504e+00 1.086082e+02
    endloop
  endfacet
  facet normal 2.357589e-01 0.000000e+00 9.718116e-01
    outer loop
      vertex   -4.618266e+01 7.843504e+00 1.086082e+02
      vertex   -4.675540e+01 -4.656496e+00 1.087471e+02
      vertex   -4.618266e+01 -4.656496e+00 1.086082e+02
    endloop
  endfacet
  facet normal 4.758192e-02 0.000000e+00 9.988673e-01
    outer loop
      vertex   -4.618266e+01 7.843504e+00 1.086082e+02
      vertex   -4.618266e+01 -4.656496e+00 1.086082e+02
      vertex   -4.559398e+01 7.843504e+00 1.085801e+02
    endloop
  endfacet
  facet normal 4.758192e-02 0.000000e+00 9.988673e-01
    outer loop
      vertex   -4.559398e+01 7.843504e+00 1.085801e+02
      vertex   -4.618266e+01 -4.656496e+00 1.086082e+02
      vertex   -4.559398e+01 -4.656496e+00 1.085801e+02
    endloop
  endfacet
  facet normal -1.423148e-01 0.000000e+00 9.898214e-01
    outer loop
      vertex   -4.559398e+01 7.843504e+00 1.085801e+02
      vertex   -4.559398e+01 -4.656496e+00 1.085801e+02
      vertex   -4.501063e+01 7.843504e+00 1.086640e+02
    endloop
  endfacet
  facet normal -1.423148e-01 8.089662e-17 9.898214e-01
    outer loop
      vertex   -4.501063e+01 7.843504e+00 1.086640e+02
      vertex   -4.559398e+01 -4.656496e+00 1.085801e+02
      vertex   -4.501063e+01 -4.656496e+00 1.086640e+02
    endloop
  endfacet
  facet normal -3.270680e-01 1.859166e-16 9.450008e-01
    outer loop
      vertex   -4.501063e+01 7.843504e+00 1.086640e+02
      vertex   -4.501063e+01 -4.656496e+00 1.086640e+02
      vertex   -4.445370e+01 7.843504e+00 1.088568e+02
    endloop
  endfacet
  facet normal -3.270680e-01 1.859166e-16 9.450008e-01
    outer loop
      vertex   -4.445370e+01 7.843504e+00 1.088568e+02
      vertex   -4.501063e+01 -4.656496e+00 1.086640e+02
      vertex   -4.445370e+01 -4.656496e+00 1.088568e+02
    endloop
  endfacet
  facet normal -5.000000e-01 2.842171e-16 8.660254e-01
    outer loop
      vertex   -4.445370e+01 7.843504e+00 1.088568e+02
      vertex   -4.445370e+01 -4.656496e+00 1.088568e+02
      vertex   -4.394331e+01 7.843504e+00 1.091515e+02
    endloop
  endfacet
  facet normal -5.000000e-01 2.842171e-16 8.660254e-01
    outer loop
      vertex   -4.394331e+01 7.843504e+00 1.091515e+02
      vertex   -4.445370e+01 -4.656496e+00 1.088568e+02
      vertex   -4.394331e+01 -4.656496e+00 1.091515e+02
    endloop
  endfacet
  facet normal -6.548607e-01 3.722452e-16 7.557496e-01
    outer loop
      vertex   -4.394331e+01 7.843504e+00 1.091515e+02
      vertex   -4.394331e+01 -4.656496e+00 1.091515e+02
      vertex   -4.349791e+01 7.843504e+00 1.095374e+02
    endloop
  endfacet
  facet normal -6.548607e-01 7.444905e-16 7.557496e-01
    outer loop
      vertex   -4.349791e+01 7.843504e+00 1.095374e+02
      vertex   -4.394331e+01 -4.656496e+00 1.091515e+02
      vertex   -4.349791e+01 -4.656496e+00 1.095374e+02
    endloop
  endfacet
  facet normal -7.860531e-01 8.936389e-16 6.181590e-01
    outer loop
      vertex   -4.349791e+01 7.843504e+00 1.095374e+02
      vertex   -4.349791e+01 -4.656496e+00 1.095374e+02
      vertex   -4.313360e+01 7.843504e+00 1.100006e+02
    endloop
  endfacet
  facet normal -7.860531e-01 0.000000e+00 6.181590e-01
    outer loop
      vertex   -4.313360e+01 7.843504e+00 1.100006e+02
      vertex   -4.349791e+01 -4.656496e+00 1.095374e+02
      vertex   -4.313360e+01 -4.656496e+00 1.100006e+02
    endloop
  endfacet
  facet normal -8.888354e-01 0.000000e+00 4.582265e-01
    outer loop
      vertex   -4.313360e+01 7.843504e+00 1.100006e+02
      vertex   -4.313360e+01 -4.656496e+00 1.100006e+02
      vertex   -4.286355e+01 7.843504e+00 1.105245e+02
    endloop
  endfacet
  facet normal -8.888354e-01 5.052445e-16 4.582265e-01
    outer loop
      vertex   -4.286355e+01 7.843504e+00 1.105245e+02
      vertex   -4.313360e+01 -4.656496e+00 1.100006e+02
      vertex   -4.286355e+01 -4.656496e+00 1.105245e+02
    endloop
  endfacet
  facet normal -9.594930e-01 5.454086e-16 2.817326e-01
    outer loop
      vertex   -4.286355e+01 7.843504e+00 1.105245e+02
      vertex   -4.286355e+01 -4.656496e+00 1.105245e+02
      vertex   -4.269751e+01 7.843504e+00 1.110900e+02
    endloop
  endfacet
  facet normal -9.594930e-01 0.000000e+00 2.817326e-01
    outer loop
      vertex   -4.269751e+01 7.843504e+00 1.110900e+02
      vertex   -4.286355e+01 -4.656496e+00 1.105245e+02
      vertex   -4.269751e+01 -4.656496e+00 1.110900e+02
    endloop
  endfacet
  facet normal 0.000000e+00 1.000000e+00 0.000000e+00
    outer loop
      vertex   4.758513e+00 -1.715650e+01 1.367360e+02
      vertex   4.758513e+00 -1.715650e+01 1.306172e+02
      vertex   4.196003e+00 -1.715650e+01 1.365889e+02
    endloop
  endfacet
  facet normal 0.000000e+00 1.000000e+00 0.000000e+00
    outer loop
      vertex   4.196003e+00 -1.715650e+01 1.365889e+02
      vertex   4.758513e+00 -1.715650e+01 1.306172e+02
      vertex   4.196003e+00 -1.715650e+01 1.307644e+02
    endloop
  endfacet
  facet normal 0.000000e+00 1.000000e+00 0.000000e+00
    outer loop
      vertex   4.196003e+00 -1.715650e+01 1.365889e+02
      vertex   4.196003e+00 -1.715650e+01 1.307644e+02
      vertex   3.670871e+00 -1.715650e+01 1.310140e+02
    endloop
  endfacet
  facet normal 0.000000e+00 1.000000e+00 0.000000e+00
    outer loop
      vertex   4.196003e+00 -1.715650e+01 1.365889e+02
      vertex   3.670871e+00 -1.715650e+01 1.310140e+02
      vertex   3.670871e+00 -1.715650e+01 1.363392e+02
    endloop
  endfacet
  facet normal 0.000000e+00 1.000000e+00 0.000000e+00
    outer loop
      vertex   3.670871e+00 -1.715650e+01 1.363392e+02
      vertex   3.670871e+00 -1.715650e+01 1.310140e+02
      vertex   3.201593e+00 -1.715650e+01 1.313574e+02
    endloop
  endfacet
  facet normal 0.000000e+00 1.000000e+00 0.000000e+00
    outer loop
      vertex   3.670871e+00 -1.715650e+01 1.363392e+02
      vertex   3.201593e+00 -1.715650e+01 1.313574e+02
      vertex   3.201593e+00 -1.715650e+01 1.359959e+02
    endloop
  endfacet
  facet normal 0.000000e+00 1.000000e+00 0.000000e+00
    outer loop
      vertex   3.201593e+00 -1.715650e+01 1.359959e+02
      vertex   3.201593e+00 -1.715650e+01 1.313574e+02
      vertex   2.804678e+00 -1.715650e+01 1.317823e+02
    endloop
  endfacet
  facet normal 0.000000e+00 1.000000e+00 0.000000e+00
    outer loop
      vertex   3.201593e+00 -1.715650e+01 1.359959e+02
      vertex   2.804678e+00 -1.715650e+01 1.317823e+02
      vertex   2.804678e+00 -1.715650e+01 1.355710e+02
    endloop
  endfacet
  facet normal 0.000000e+00 1.000000e+00 0.000000e+00
    outer loop
      vertex   2.804678e+00 -1.715650e+01 1.355710e+02
      vertex   2.804678e+00 -1.715650e+01 1.317823e+02
      vertex   2.494090e+00 -1.715650e+01 1.322738e+02
    endloop
  endfacet
  facet normal 0.000000e+00 1.000000e+00 0.000000e+00
    outer loop
      vertex   2.804678e+00 -1.715650e+01 1.355710e+02
      vertex   2.494090e+00 -1.715650e+01 1.322738e+02
      vertex   2.494090e+00 -1.715650e+01 1.350795e+02
    endloop
  endfacet
  facet normal 0.000000e+00 1.000000e+00 0.000000e+00
    outer loop
      vertex   2.494090e+00 -1.715650e+01 1.350795e+02
      vertex   2.494090e+00 -1.715650e+01 1.322738e+02
      vertex   2.280754e+00 -1.715650e+01 1.328147e+02
    endloop
  endfacet
  facet normal 0.000000e+00 1.000000e+00 0.000000e+00
    outer loop
      vertex   2.494090e+00 -1.715650e+01 1.350795e+02
      vertex   2.280754e+00 -1.715650e+01 1.328147e+02
      vertex   2.280754e+00 -1.715650e+01 1.345386e+02
    endloop
  endfacet
  facet normal 0.000000e+00 1.000000e+00 0.000000e+00
    outer loop
      vertex   2.280754e+00 -1.715650e+01 1.345386e+02
      vertex   2.280754e+00 -1.715650e+01 1.328147e+02
      vertex   2.172176e+00 -1.715650e+01 1.333859e+02
    endloop
  endfacet
  facet normal 0.000000e+00 1.000000e+00 0.000000e+00
    outer loop
      vertex   2.280754e+00 -1.715650e+01 1.345386e+02
      vertex   2.172176e+00 -1.715650e+01 1.333859e+02
      vertex   2.172176e+00 -1.715650e+01 1.339674e+02
    endloop
  endfacet
  facet normal 1.074286e-01 2.130476e-04 9.942128e-01
    outer loop
      vertex   5.092129e+00 -1.682288e+01 1.305811e+02
      vertex   4.817337e+00 -4.656496e+00 1.306082e+02
      vertex   4.758513e+00 -1.715650e+01 1.306172e+02
    endloop
  endfacet
  facet normal 2.357589e-01 -4.070558e-04 9.718115e-01
    outer loop
      vertex   4.758513e+00 -1.715650e+01 1.306172e+02
      vertex   4.817337e+00 -4.656496e+00 1.306082e+02
      vertex   4.244603e+00 -4.656496e+00 1.307471e+02
    endloop
  endfacet
  facet normal 2.531335e-01 3.527831e-04 9.674313e-01
    outer loop
      vertex   4.758513e+00 -1.715650e+01 1.306172e+02
      vertex   4.244603e+00 -4.656496e+00 1.307471e+02
      vertex   4.196003e+00 -1.715650e+01 1.307644e+02
    endloop
  endfacet
  facet normal 4.154150e-01 -3.580446e-04 9.096319e-01
    outer loop
      vertex   4.196003e+00 -1.715650e+01 1.307644e+02
      vertex   4.244603e+00 -4.656496e+00 1.307471e+02
      vertex   3.708513e+00 -4.656496e+00 1.309920e+02
    endloop
  endfacet
  facet normal 4.293362e-01 3.029618e-04 9.031447e-01
    outer loop
      vertex   4.196003e+00 -1.715650e+01 1.307644e+02
      vertex   3.708513e+00 -4.656496e+00 1.309920e+02
      vertex   3.670871e+00 -1.715650e+01 1.310140e+02
    endloop
  endfacet
  facet normal 5.800569e-01 -3.074135e-04 8.145759e-01
    outer loop
      vertex   3.670871e+00 -1.715650e+01 1.310140e+02
      vertex   3.708513e+00 -4.656496e+00 1.309920e+02
      vertex   3.228445e+00 -4.656496e+00 1.313338e+02
    endloop
  endfacet
  facet normal 5.904347e-01 2.515208e-04 8.070853e-01
    outer loop
      vertex   3.670871e+00 -1.715650e+01 1.310140e+02
      vertex   3.228445e+00 -4.656496e+00 1.313338e+02
      vertex   3.201593e+00 -1.715650e+01 1.313574e+02
    endloop
  endfacet
  facet normal 7.237340e-01 -2.551626e-04 6.900790e-01
    outer loop
      vertex   3.201593e+00 -1.715650e+01 1.313574e+02
      vertex   3.228445e+00 -4.656496e+00 1.313338e+02
      vertex   2.821749e+00 -4.656496e+00 1.317603e+02
    endloop
  endfacet
  facet normal 7.307617e-01 1.984603e-04 6.826326e-01
    outer loop
      vertex   3.201593e+00 -1.715650e+01 1.313574e+02
      vertex   2.821749e+00 -4.656496e+00 1.317603e+02
      vertex   2.804678e+00 -1.715650e+01 1.317823e+02
    endloop
  endfacet
  facet normal 8.412535e-01 -2.012925e-04 5.406408e-01
    outer loop
      vertex   2.804678e+00 -1.715650e+01 1.317823e+02
      vertex   2.821749e+00 -4.656496e+00 1.317603e+02
      vertex   2.503123e+00 -4.656496e+00 1.322561e+02
    endloop
  endfacet
  facet normal 8.453804e-01 1.437806e-04 5.341647e-01
    outer loop
      vertex   2.804678e+00 -1.715650e+01 1.317823e+02
      vertex   2.503123e+00 -4.656496e+00 1.322561e+02
      vertex   2.494090e+00 -1.715650e+01 1.322738e+02
    endloop
  endfacet
  facet normal 9.283679e-01 -1.458033e-04 3.716625e-01
    outer loop
      vertex   2.494090e+00 -1.715650e+01 1.322738e+02
      vertex   2.503123e+00 -4.656496e+00 1.322561e+02
      vertex   2.284085e+00 -4.656496e+00 1.328033e+02
    endloop
  endfacet
  facet normal 9.302585e-01 8.748211e-05 3.669048e-01
    outer loop
      vertex   2.494090e+00 -1.715650e+01 1.322738e+02
      vertex   2.284085e+00 -4.656496e+00 1.328033e+02
      vertex   2.280754e+00 -1.715650e+01 1.328147e+02
    endloop
  endfacet
  facet normal 9.819892e-01 -8.899899e-05 1.889370e-01
    outer loop
      vertex   2.280754e+00 -1.715650e+01 1.328147e+02
      vertex   2.284085e+00 -4.656496e+00 1.328033e+02
      vertex   2.172362e+00 -4.656496e+00 1.333839e+02
    endloop
  endfacet
  facet normal 9.824099e-01 1.483317e-05 1.867371e-01
    outer loop
      vertex   2.280754e+00 -1.715650e+01 1.328147e+02
      vertex   2.172362e+00 -4.656496e+00 1.333839e+02
      vertex   2.172176e+00 -1.715650e+01 1.333859e+02
    endloop
  endfacet
  facet normal 1.000000e+00 -1.493429e-05 0.000000e+00
    outer loop
      vertex   2.172176e+00 -1.715650e+01 1.333859e+02
      vertex   2.172362e+00 -4.656496e+00 1.333839e+02
      vertex   2.172362e+00 -4.656496e+00 1.339693e+02
    endloop
  endfacet
  facet normal 1.000000e+00 -1.493429e-05 0.000000e+00
    outer loop
      vertex   2.172176e+00 -1.715650e+01 1.333859e+02
      vertex   2.172362e+00 -4.656496e+00 1.339693e+02
      vertex   2.172176e+00 -1.715650e+01 1.339674e+02
    endloop
  endfacet
  facet normal 9.824099e-01 1.483317e-05 -1.867371e-01
    outer loop
      vertex   2.172176e+00 -1.715650e+01 1.339674e+02
      vertex   2.172362e+00 -4.656496e+00 1.339693e+02
      vertex   2.280754e+00 -1.715650e+01 1.345386e+02
    endloop
  endfacet
  facet normal 9.819892e-01 -8.899899e-05 -1.889370e-01
    outer loop
      vertex   2.280754e+00 -1.715650e+01 1.345386e+02
      vertex   2.172362e+00 -4.656496e+00 1.339693e+02
      vertex   2.284085e+00 -4.656496e+00 1.345500e+02
    endloop
  endfacet
  facet normal 9.302585e-01 8.748211e-05 -3.669048e-01
    outer loop
      vertex   2.280754e+00 -1.715650e+01 1.345386e+02
      vertex   2.284085e+00 -4.656496e+00 1.345500e+02
      vertex   2.494090e+00 -1.715650e+01 1.350795e+02
    endloop
  endfacet
  facet normal 9.283679e-01 -1.458033e-04 -3.716625e-01
    outer loop
      vertex   2.494090e+00 -1.715650e+01 1.350795e+02
      vertex   2.284085e+00 -4.656496e+00 1.345500e+02
      vertex   2.503123e+00 -4.656496e+00 1.350971e+02
    endloop
  endfacet
  facet normal 8.453804e-01 1.437806e-04 -5.341647e-01
    outer loop
      vertex   2.494090e+00 -1.715650e+01 1.350795e+02
      vertex   2.503123e+00 -4.656496e+00 1.350971e+02
      vertex   2.804678e+00 -1.715650e+01 1.355710e+02
    endloop
  endfacet
  facet normal 8.412535e-01 -2.012925e-04 -5.406408e-01
    outer loop
      vertex   2.804678e+00 -1.715650e+01 1.355710e+02
      vertex   2.503123e+00 -4.656496e+00 1.350971e+02
      vertex   2.821749e+00 -4.656496e+00 1.355929e+02
    endloop
  endfacet
  facet normal 7.307617e-01 1.984603e-04 -6.826326e-01
    outer loop
      vertex   2.804678e+00 -1.715650e+01 1.355710e+02
      vertex   2.821749e+00 -4.656496e+00 1.355929e+02
      vertex   3.201593e+00 -1.715650e+01 1.359959e+02
    endloop
  endfacet
  facet normal 7.237340e-01 -2.551626e-04 -6.900790e-01
    outer loop
      vertex   3.201593e+00 -1.715650e+01 1.359959e+02
      vertex   2.821749e+00 -4.656496e+00 1.355929e+02
      vertex   3.228445e+00 -4.656496e+00 1.360195e+02
    endloop
  endfacet
  facet normal 5.904347e-01 2.515208e-04 -8.070853e-01
    outer loop
      vertex   3.201593e+00 -1.715650e+01 1.359959e+02
      vertex   3.228445e+00 -4.656496e+00 1.360195e+02
      vertex   3.670871e+00 -1.715650e+01 1.363392e+02
    endloop
  endfacet
  facet normal 5.800569e-01 -3.074135e-04 -8.145759e-01
    outer loop
      vertex   3.670871e+00 -1.715650e+01 1.363392e+02
      vertex   3.228445e+00 -4.656496e+00 1.360195e+02
      vertex   3.708513e+00 -4.656496e+00 1.363613e+02
    endloop
  endfacet
  facet normal 4.293362e-01 3.029618e-04 -9.031447e-01
    outer loop
      vertex   3.670871e+00 -1.715650e+01 1.363392e+02
      vertex   3.708513e+00 -4.656496e+00 1.363613e+02
      vertex   4.196003e+00 -1.715650e+01 1.365889e+02
    endloop
  endfacet
  facet normal 4.154150e-01 -3.580446e-04 -9.096319e-01
    outer loop
      vertex   4.196003e+00 -1.715650e+01 1.365889e+02
      vertex   3.708513e+00 -4.656496e+00 1.363613e+02
      vertex   4.244603e+00 -4.656496e+00 1.366061e+02
    endloop
  endfacet
  facet normal 2.531335e-01 3.527831e-04 -9.674313e-01
    outer loop
      vertex   4.196003e+00 -1.715650e+01 1.365889e+02
      vertex   4.244603e+00 -4.656496e+00 1.366061e+02
      vertex   4.758513e+00 -1.715650e+01 1.367360e+02
    endloop
  endfacet
  facet normal 2.357589e-01 -4.070558e-04 -9.718115e-01
    outer loop
      vertex   4.758513e+00 -1.715650e+01 1.367360e+02
      vertex   4.244603e+00 -4.656496e+00 1.366061e+02
      vertex   4.817337e+00 -4.656496e+00 1.367451e+02
    endloop
  endfacet
  facet normal 1.074286e-01 2.130476e-04 -9.942128e-01
    outer loop
      vertex   4.758513e+00 -1.715650e+01 1.367360e+02
      vertex   4.817337e+00 -4.656496e+00 1.367451e+02
      vertex   5.092129e+00 -1.682288e+01 1.367722e+02
    endloop
  endfacet
  facet normal 4.758188e-02 -1.149017e-03 -9.988667e-01
    outer loop
      vertex   5.092129e+00 -1.682288e+01 1.367722e+02
      vertex   4.817337e+00 -4.656496e+00 1.367451e+02
      vertex   5.406017e+00 -4.656496e+00 1.367731e+02
    endloop
  endfacet
  facet normal -5.442188e-04 9.270955e-05 -9.999998e-01
    outer loop
      vertex   5.092129e+00 -1.682288e+01 1.367722e+02
      vertex   5.406017e+00 -4.656496e+00 1.367731e+02
      vertex   5.427693e+00 -1.648732e+01 1.367720e+02
    endloop
  endfacet
  facet normal -1.084326e-01 -1.055131e-04 -9.941038e-01
    outer loop
      vertex   5.427693e+00 -1.648732e+01 1.367720e+02
      vertex   5.406017e+00 -4.656496e+00 1.367731e+02
      vertex   5.761276e+00 -1.615373e+01 1.367356e+02
    endloop
  endfacet
  facet normal -1.423147e-01 -1.166433e-03 -9.898208e-01
    outer loop
      vertex   5.761276e+00 -1.615373e+01 1.367356e+02
      vertex   5.406017e+00 -4.656496e+00 1.367731e+02
      vertex   5.989366e+00 -4.656496e+00 1.366893e+02
    endloop
  endfacet
  facet normal -2.156775e-01 3.428239e-04 -9.764646e-01
    outer loop
      vertex   5.761276e+00 -1.615373e+01 1.367356e+02
      vertex   5.989366e+00 -4.656496e+00 1.366893e+02
      vertex   6.088967e+00 -1.582604e+01 1.366633e+02
    endloop
  endfacet
  facet normal -3.190610e-01 -6.457436e-04 -9.477340e-01
    outer loop
      vertex   6.088967e+00 -1.582604e+01 1.366633e+02
      vertex   5.989366e+00 -4.656496e+00 1.366893e+02
      vertex   6.406928e+00 -1.550808e+01 1.365561e+02
    endloop
  endfacet
  facet normal -3.270678e-01 -9.873912e-04 -9.450004e-01
    outer loop
      vertex   6.406928e+00 -1.550808e+01 1.365561e+02
      vertex   5.989366e+00 -4.656496e+00 1.366893e+02
      vertex   6.546300e+00 -4.656496e+00 1.364965e+02
    endloop
  endfacet
  facet normal -4.205317e-01 4.201064e-04 -9.072778e-01
    outer loop
      vertex   6.406928e+00 -1.550808e+01 1.365561e+02
      vertex   6.546300e+00 -4.656496e+00 1.364965e+02
      vertex   6.711432e+00 -1.520358e+01 1.364151e+02
    endloop
  endfacet
  facet normal -4.999997e-01 -1.142575e-03 -8.660248e-01
    outer loop
      vertex   6.711432e+00 -1.520358e+01 1.364151e+02
      vertex   6.546300e+00 -4.656496e+00 1.364965e+02
      vertex   7.056690e+00 -4.656496e+00 1.362018e+02
    endloop
  endfacet
  facet normal -5.154758e-01 -4.515531e-04 -8.569040e-01
    outer loop
      vertex   6.711432e+00 -1.520358e+01 1.364151e+02
      vertex   7.056690e+00 -4.656496e+00 1.362018e+02
      vertex   6.998912e+00 -1.491610e+01 1.362420e+02
    endloop
  endfacet
  facet normal -6.055718e-01 2.950654e-04 -7.957906e-01
    outer loop
      vertex   6.998912e+00 -1.491610e+01 1.362420e+02
      vertex   7.056690e+00 -4.656496e+00 1.362018e+02
      vertex   7.265999e+00 -1.464901e+01 1.360388e+02
    endloop
  endfacet
  facet normal -6.548601e-01 -1.390461e-03 -7.557488e-01
    outer loop
      vertex   7.265999e+00 -1.464901e+01 1.360388e+02
      vertex   7.056690e+00 -4.656496e+00 1.362018e+02
      vertex   7.502089e+00 -4.656496e+00 1.358159e+02
    endloop
  endfacet
  facet normal -6.878997e-01 5.825577e-05 -7.258058e-01
    outer loop
      vertex   7.265999e+00 -1.464901e+01 1.360388e+02
      vertex   7.502089e+00 -4.656496e+00 1.358159e+02
      vertex   7.509564e+00 -1.440545e+01 1.358080e+02
    endloop
  endfacet
  facet normal -7.622670e-01 -6.214925e-05 -6.472627e-01
    outer loop
      vertex   7.509564e+00 -1.440545e+01 1.358080e+02
      vertex   7.502089e+00 -4.656496e+00 1.358159e+02
      vertex   7.726752e+00 -1.418826e+01 1.355522e+02
    endloop
  endfacet
  facet normal -7.860523e-01 -1.427846e-03 -6.181584e-01
    outer loop
      vertex   7.726752e+00 -1.418826e+01 1.355522e+02
      vertex   7.502089e+00 -4.656496e+00 1.358159e+02
      vertex   7.866399e+00 -4.656496e+00 1.353526e+02
    endloop
  endfacet
  facet normal -8.279062e-01 3.850199e-04 -5.608664e-01
    outer loop
      vertex   7.726752e+00 -1.418826e+01 1.355522e+02
      vertex   7.866399e+00 -4.656496e+00 1.353526e+02
      vertex   7.915019e+00 -1.399999e+01 1.352744e+02
    endloop
  endfacet
  facet normal -8.834291e-01 -6.762534e-04 -4.685643e-01
    outer loop
      vertex   7.915019e+00 -1.399999e+01 1.352744e+02
      vertex   7.866399e+00 -4.656496e+00 1.353526e+02
      vertex   8.072159e+00 -1.384285e+01 1.349779e+02
    endloop
  endfacet
  facet normal -8.888348e-01 -1.218990e-03 -4.582262e-01
    outer loop
      vertex   8.072159e+00 -1.384285e+01 1.349779e+02
      vertex   7.866399e+00 -4.656496e+00 1.353526e+02
      vertex   8.136454e+00 -4.656496e+00 1.348288e+02
    endloop
  endfacet
  facet normal -9.290850e-01 4.973611e-04 -3.698659e-01
    outer loop
      vertex   8.072159e+00 -1.384285e+01 1.349779e+02
      vertex   8.136454e+00 -4.656496e+00 1.348288e+02
      vertex   8.196331e+00 -1.371868e+01 1.346662e+02
    endloop
  endfacet
  facet normal -9.594922e-01 -1.284837e-03 -2.817323e-01
    outer loop
      vertex   8.196331e+00 -1.371868e+01 1.346662e+02
      vertex   8.136454e+00 -4.656496e+00 1.348288e+02
      vertex   8.302492e+00 -4.656496e+00 1.342633e+02
    endloop
  endfacet
  facet normal -9.635270e-01 -6.097459e-04 -2.676104e-01
    outer loop
      vertex   8.196331e+00 -1.371868e+01 1.346662e+02
      vertex   8.302492e+00 -4.656496e+00 1.342633e+02
      vertex   8.286079e+00 -1.362893e+01 1.343429e+02
    endloop
  endfacet
  facet normal -9.868437e-01 3.720165e-04 -1.616765e-01
    outer loop
      vertex   8.286079e+00 -1.362893e+01 1.343429e+02
      vertex   8.302492e+00 -4.656496e+00 1.342633e+02
      vertex   8.340351e+00 -1.357466e+01 1.340117e+02
    endloop
  endfacet
  facet normal -9.954707e-01 -1.544156e-03 -9.505593e-02
    outer loop
      vertex   8.340351e+00 -1.357466e+01 1.340117e+02
      vertex   8.302492e+00 -4.656496e+00 1.342633e+02
      vertex   8.358513e+00 -4.656496e+00 1.336766e+02
    endloop
  endfacet
  facet normal -9.985343e-01 5.976944e-16 -5.412336e-02
    outer loop
      vertex   8.340351e+00 -1.357466e+01 1.340117e+02
      vertex   8.358513e+00 -4.656496e+00 1.336766e+02
      vertex   8.358513e+00 -1.355650e+01 1.336766e+02
    endloop
  endfacet
  facet normal -9.985343e-01 5.978943e-16 5.412336e-02
    outer loop
      vertex   8.358513e+00 -1.355650e+01 1.336766e+02
      vertex   8.358513e+00 -4.656496e+00 1.336766e+02
      vertex   8.340351e+00 -1.357466e+01 1.333416e+02
    endloop
  endfacet
  facet normal -9.954707e-01 -1.544156e-03 9.505593e-02
    outer loop
      vertex   8.340351e+00 -1.357466e+01 1.333416e+02
      vertex   8.358513e+00 -4.656496e+00 1.336766e+02
      vertex   8.302492e+00 -4.656496e+00 1.330900e+02
    endloop
  endfacet
  facet normal -9.868437e-01 3.720165e-04 1.616765e-01
    outer loop
      vertex   8.340351e+00 -1.357466e+01 1.333416e+02
      vertex   8.302492e+00 -4.656496e+00 1.330900e+02
      vertex   8.286079e+00 -1.362893e+01 1.330104e+02
    endloop
  endfacet
  facet normal -9.635270e-01 -6.097459e-04 2.676104e-01
    outer loop
      vertex   8.286079e+00 -1.362893e+01 1.330104e+02
      vertex   8.302492e+00 -4.656496e+00 1.330900e+02
      vertex   8.196331e+00 -1.371868e+01 1.326871e+02
    endloop
  endfacet
  facet normal -9.594922e-01 -1.284837e-03 2.817323e-01
    outer loop
      vertex   8.196331e+00 -1.371868e+01 1.326871e+02
      vertex   8.302492e+00 -4.656496e+00 1.330900e+02
      vertex   8.136454e+00 -4.656496e+00 1.325245e+02
    endloop
  endfacet
  facet normal -9.290850e-01 4.973611e-04 3.698659e-01
    outer loop
      vertex   8.196331e+00 -1.371868e+01 1.326871e+02
      vertex   8.136454e+00 -4.656496e+00 1.325245e+02
      vertex   8.072159e+00 -1.384285e+01 1.323753e+02
    endloop
  endfacet
  facet normal -8.888348e-01 -1.218990e-03 4.582262e-01
    outer loop
      vertex   8.072159e+00 -1.384285e+01 1.323753e+02
      vertex   8.136454e+00 -4.656496e+00 1.325245e+02
      vertex   7.866399e+00 -4.656496e+00 1.320006e+02
    endloop
  endfacet
  facet normal -8.834291e-01 -6.762534e-04 4.685643e-01
    outer loop
      vertex   8.072159e+00 -1.384285e+01 1.323753e+02
      vertex   7.866399e+00 -4.656496e+00 1.320006e+02
      vertex   7.915019e+00 -1.399999e+01 1.320788e+02
    endloop
  endfacet
  facet normal -8.279062e-01 3.850199e-04 5.608664e-01
    outer loop
      vertex   7.915019e+00 -1.399999e+01 1.320788e+02
      vertex   7.866399e+00 -4.656496e+00 1.320006e+02
      vertex   7.726752e+00 -1.418826e+01 1.318011e+02
    endloop
  endfacet
  facet normal -7.860523e-01 -1.427846e-03 6.181584e-01
    outer loop
      vertex   7.726752e+00 -1.418826e+01 1.318011e+02
      vertex   7.866399e+00 -4.656496e+00 1.320006e+02
      vertex   7.502089e+00 -4.656496e+00 1.315374e+02
    endloop
  endfacet
  facet normal -7.622670e-01 -6.214925e-05 6.472627e-01
    outer loop
      vertex   7.726752e+00 -1.418826e+01 1.318011e+02
      vertex   7.502089e+00 -4.656496e+00 1.315374e+02
      vertex   7.509564e+00 -1.440545e+01 1.315453e+02
    endloop
  endfacet
  facet normal -6.878997e-01 5.825577e-05 7.258058e-01
    outer loop
      vertex   7.509564e+00 -1.440545e+01 1.315453e+02
      vertex   7.502089e+00 -4.656496e+00 1.315374e+02
      vertex   7.265999e+00 -1.464901e+01 1.313144e+02
    endloop
  endfacet
  facet normal -6.548601e-01 -1.390461e-03 7.557488e-01
    outer loop
      vertex   7.265999e+00 -1.464901e+01 1.313144e+02
      vertex   7.502089e+00 -4.656496e+00 1.315374e+02
      vertex   7.056690e+00 -4.656496e+00 1.311515e+02
    endloop
  endfacet
  facet normal -6.055718e-01 2.950654e-04 7.957906e-01
    outer loop
      vertex   7.265999e+00 -1.464901e+01 1.313144e+02
      vertex   7.056690e+00 -4.656496e+00 1.311515e+02
      vertex   6.998912e+00 -1.491610e+01 1.311113e+02
    endloop
  endfacet
  facet normal -5.154758e-01 -4.515531e-04 8.569040e-01
    outer loop
      vertex   6.998912e+00 -1.491610e+01 1.311113e+02
      vertex   7.056690e+00 -4.656496e+00 1.311515e+02
      vertex   6.711432e+00 -1.520358e+01 1.309382e+02
    endloop
  endfacet
  facet normal -4.999997e-01 -1.142575e-03 8.660248e-01
    outer loop
      vertex   6.711432e+00 -1.520358e+01 1.309382e+02
      vertex   7.056690e+00 -4.656496e+00 1.311515e+02
      vertex   6.546300e+00 -4.656496e+00 1.308568e+02
    endloop
  endfacet
  facet normal -4.205317e-01 4.201064e-04 9.072778e-01
    outer loop
      vertex   6.711432e+00 -1.520358e+01 1.309382e+02
      vertex   6.546300e+00 -4.656496e+00 1.308568e+02
      vertex   6.406928e+00 -1.550808e+01 1.307972e+02
    endloop
  endfacet
  facet normal -3.270678e-01 -9.873912e-04 9.450004e-01
    outer loop
      vertex   6.406928e+00 -1.550808e+01 1.307972e+02
      vertex   6.546300e+00 -4.656496e+00 1.308568e+02
      vertex   5.989366e+00 -4.656496e+00 1.306640e+02
    endloop
  endfacet
  facet normal -3.190610e-01 -6.457436e-04 9.477340e-01
    outer loop
      vertex   6.406928e+00 -1.550808e+01 1.307972e+02
      vertex   5.989366e+00 -4.656496e+00 1.306640e+02
      vertex   6.088967e+00 -1.582604e+01 1.306899e+02
    endloop
  endfacet
  facet normal -2.156775e-01 3.428239e-04 9.764646e-01
    outer loop
      vertex   6.088967e+00 -1.582604e+01 1.306899e+02
      vertex   5.989366e+00 -4.656496e+00 1.306640e+02
      vertex   5.761276e+00 -1.615373e+01 1.306177e+02
    endloop
  endfacet
  facet normal -1.423147e-01 -1.166433e-03 9.898208e-01
    outer loop
      vertex   5.761276e+00 -1.615373e+01 1.306177e+02
      vertex   5.989366e+00 -4.656496e+00 1.306640e+02
      vertex   5.406017e+00 -4.656496e+00 1.305801e+02
    endloop
  endfacet
  facet normal -1.084326e-01 -1.055131e-04 9.941038e-01
    outer loop
      vertex   5.761276e+00 -1.615373e+01 1.306177e+02
      vertex   5.406017e+00 -4.656496e+00 1.305801e+02
      vertex   5.427693e+00 -1.648732e+01 1.305813e+02
    endloop
  endfacet
  facet normal -5.442188e-04 9.270955e-05 9.999998e-01
    outer loop
      vertex   5.427693e+00 -1.648732e+01 1.305813e+02
      vertex   5.406017e+00 -4.656496e+00 1.305801e+02
      vertex   5.092129e+00 -1.682288e+01 1.305811e+02
    endloop
  endfacet
  facet normal 4.758188e-02 -1.149017e-03 9.988667e-01
    outer loop
      vertex   5.092129e+00 -1.682288e+01 1.305811e+02
      vertex   5.406017e+00 -4.656496e+00 1.305801e+02
      vertex   4.817337e+00 -4.656496e+00 1.306082e+02
    endloop
  endfacet
  facet normal -9.954719e-01 2.829301e-16 9.505604e-02
    outer loop
      vertex   8.302492e+00 7.843504e+00 1.330900e+02
      vertex   8.302492e+00 -4.656496e+00 1.330900e+02
      vertex   8.358513e+00 7.843504e+00 1.336766e+02
    endloop
  endfacet
  facet normal -9.954719e-01 2.829301e-16 9.505604e-02
    outer loop
      vertex   8.358513e+00 7.843504e+00 1.336766e+02
      vertex   8.302492e+00 -4.656496e+00 1.330900e+02
      vertex   8.358513e+00 -4.656496e+00 1.336766e+02
    endloop
  endfacet
  facet normal -9.954719e-01 2.829301e-16 -9.505604e-02
    outer loop
      vertex   8.358513e+00 7.843504e+00 1.336766e+02
      vertex   8.358513e+00 -4.656496e+00 1.336766e+02
      vertex   8.302492e+00 7.843504e+00 1.342633e+02
    endloop
  endfacet
  facet normal -9.954719e-01 2.829301e-16 -9.505604e-02
    outer loop
      vertex   8.302492e+00 7.843504e+00 1.342633e+02
      vertex   8.358513e+00 -4.656496e+00 1.336766e+02
      vertex   8.302492e+00 -4.656496e+00 1.342633e+02
    endloop
  endfacet
  facet normal -9.594930e-01 2.727043e-16 -2.817326e-01
    outer loop
      vertex   8.302492e+00 7.843504e+00 1.342633e+02
      vertex   8.302492e+00 -4.656496e+00 1.342633e+02
      vertex   8.136454e+00 7.843504e+00 1.348288e+02
    endloop
  endfacet
  facet normal -9.594930e-01 5.454086e-16 -2.817326e-01
    outer loop
      vertex   8.136454e+00 7.843504e+00 1.348288e+02
      vertex   8.302492e+00 -4.656496e+00 1.342633e+02
      vertex   8.136454e+00 -4.656496e+00 1.348288e+02
    endloop
  endfacet
  facet normal -8.888354e-01 5.052445e-16 -4.582265e-01
    outer loop
      vertex   8.136454e+00 7.843504e+00 1.348288e+02
      vertex   8.136454e+00 -4.656496e+00 1.348288e+02
      vertex   7.866399e+00 7.843504e+00 1.353526e+02
    endloop
  endfacet
  facet normal -8.888354e-01 1.894667e-16 -4.582265e-01
    outer loop
      vertex   7.866399e+00 7.843504e+00 1.353526e+02
      vertex   8.136454e+00 -4.656496e+00 1.348288e+02
      vertex   7.866399e+00 -4.656496e+00 1.353526e+02
    endloop
  endfacet
  facet normal -7.860531e-01 1.675573e-16 -6.181590e-01
    outer loop
      vertex   7.866399e+00 7.843504e+00 1.353526e+02
      vertex   7.866399e+00 -4.656496e+00 1.353526e+02
      vertex   7.502089e+00 7.843504e+00 1.358159e+02
    endloop
  endfacet
  facet normal -7.860531e-01 3.351146e-16 -6.181590e-01
    outer loop
      vertex   7.502089e+00 7.843504e+00 1.358159e+02
      vertex   7.866399e+00 -4.656496e+00 1.353526e+02
      vertex   7.502089e+00 -4.656496e+00 1.358159e+02
    endloop
  endfacet
  facet normal -6.548607e-01 2.791839e-16 -7.557496e-01
    outer loop
      vertex   7.502089e+00 7.843504e+00 1.358159e+02
      vertex   7.502089e+00 -4.656496e+00 1.358159e+02
      vertex   7.056690e+00 7.843504e+00 1.362018e+02
    endloop
  endfacet
  facet normal -6.548607e-01 2.791839e-16 -7.557496e-01
    outer loop
      vertex   7.056690e+00 7.843504e+00 1.362018e+02
      vertex   7.502089e+00 -4.656496e+00 1.358159e+02
      vertex   7.056690e+00 -4.656496e+00 1.362018e+02
    endloop
  endfacet
  facet normal -5.000000e-01 2.131628e-16 -8.660254e-01
    outer loop
      vertex   7.056690e+00 7.843504e+00 1.362018e+02
      vertex   7.056690e+00 -4.656496e+00 1.362018e+02
      vertex   6.546300e+00 7.843504e+00 1.364965e+02
    endloop
  endfacet
  facet normal -5.000000e-01 1.776357e-16 -8.660254e-01
    outer loop
      vertex   6.546300e+00 7.843504e+00 1.364965e+02
      vertex   7.056690e+00 -4.656496e+00 1.362018e+02
      vertex   6.546300e+00 -4.656496e+00 1.364965e+02
    endloop
  endfacet
  facet normal -3.270680e-01 1.161979e-16 -9.450008e-01
    outer loop
      vertex   6.546300e+00 7.843504e+00 1.364965e+02
      vertex   6.546300e+00 -4.656496e+00 1.364965e+02
      vertex   5.989366e+00 7.843504e+00 1.366893e+02
    endloop
  endfacet
  facet normal -3.270680e-01 1.161979e-16 -9.450008e-01
    outer loop
      vertex   5.989366e+00 7.843504e+00 1.366893e+02
      vertex   6.546300e+00 -4.656496e+00 1.364965e+02
      vertex   5.989366e+00 -4.656496e+00 1.366893e+02
    endloop
  endfacet
  facet normal -1.423148e-01 5.056039e-17 -9.898214e-01
    outer loop
      vertex   5.989366e+00 7.843504e+00 1.366893e+02
      vertex   5.989366e+00 -4.656496e+00 1.366893e+02
      vertex   5.406017e+00 7.843504e+00 1.367731e+02
    endloop
  endfacet
  facet normal -1.423148e-01 4.044831e-17 -9.898214e-01
    outer loop
      vertex   5.406017e+00 7.843504e+00 1.367731e+02
      vertex   5.989366e+00 -4.656496e+00 1.366893e+02
      vertex   5.406017e+00 -4.656496e+00 1.367731e+02
    endloop
  endfacet
  facet normal 4.758192e-02 -1.352359e-17 -9.988673e-01
    outer loop
      vertex   5.406017e+00 7.843504e+00 1.367731e+02
      vertex   5.406017e+00 -4.656496e+00 1.367731e+02
      vertex   4.817337e+00 7.843504e+00 1.367451e+02
    endloop
  endfacet
  facet normal 4.758192e-02 -1.690449e-17 -9.988673e-01
    outer loop
      vertex   4.817337e+00 7.843504e+00 1.367451e+02
      vertex   5.406017e+00 -4.656496e+00 1.367731e+02
      vertex   4.817337e+00 -4.656496e+00 1.367451e+02
    endloop
  endfacet
  facet normal 2.357589e-01 -8.375840e-17 -9.718116e-01
    outer loop
      vertex   4.817337e+00 7.843504e+00 1.367451e+02
      vertex   4.817337e+00 -4.656496e+00 1.367451e+02
      vertex   4.244603e+00 7.843504e+00 1.366061e+02
    endloop
  endfacet
  facet normal 2.357589e-01 -1.172618e-16 -9.718116e-01
    outer loop
      vertex   4.244603e+00 7.843504e+00 1.366061e+02
      vertex   4.817337e+00 -4.656496e+00 1.367451e+02
      vertex   4.244603e+00 -4.656496e+00 1.366061e+02
    endloop
  endfacet
  facet normal 4.154150e-01 -2.066191e-16 -9.096320e-01
    outer loop
      vertex   4.244603e+00 7.843504e+00 1.366061e+02
      vertex   4.244603e+00 -4.656496e+00 1.366061e+02
      vertex   3.708513e+00 7.843504e+00 1.363613e+02
    endloop
  endfacet
  facet normal 4.154150e-01 -1.475851e-16 -9.096320e-01
    outer loop
      vertex   3.708513e+00 7.843504e+00 1.363613e+02
      vertex   4.244603e+00 -4.656496e+00 1.366061e+02
      vertex   3.708513e+00 -4.656496e+00 1.363613e+02
    endloop
  endfacet
  facet normal 5.800569e-01 -2.060776e-16 -8.145760e-01
    outer loop
      vertex   3.708513e+00 7.843504e+00 1.363613e+02
      vertex   3.708513e+00 -4.656496e+00 1.363613e+02
      vertex   3.228445e+00 7.843504e+00 1.360195e+02
    endloop
  endfacet
  facet normal 5.800569e-01 -1.648621e-16 -8.145760e-01
    outer loop
      vertex   3.228445e+00 7.843504e+00 1.360195e+02
      vertex   3.708513e+00 -4.656496e+00 1.363613e+02
      vertex   3.228445e+00 -4.656496e+00 1.360195e+02
    endloop
  endfacet
  facet normal 7.237340e-01 -2.056976e-16 -6.900790e-01
    outer loop
      vertex   3.228445e+00 7.843504e+00 1.360195e+02
      vertex   3.228445e+00 -4.656496e+00 1.360195e+02
      vertex   2.821749e+00 7.843504e+00 1.355929e+02
    endloop
  endfacet
  facet normal 7.237340e-01 -2.571220e-16 -6.900790e-01
    outer loop
      vertex   2.821749e+00 7.843504e+00 1.355929e+02
      vertex   3.228445e+00 -4.656496e+00 1.360195e+02
      vertex   2.821749e+00 -4.656496e+00 1.355929e+02
    endloop
  endfacet
  facet normal 8.412535e-01 -2.988733e-16 -5.406408e-01
    outer loop
      vertex   2.821749e+00 7.843504e+00 1.355929e+02
      vertex   2.821749e+00 -4.656496e+00 1.355929e+02
      vertex   2.503123e+00 7.843504e+00 1.350971e+02
    endloop
  endfacet
  facet normal 8.412535e-01 -2.988733e-16 -5.406408e-01
    outer loop
      vertex   2.503123e+00 7.843504e+00 1.350971e+02
      vertex   2.821749e+00 -4.656496e+00 1.355929e+02
      vertex   2.503123e+00 -4.656496e+00 1.350971e+02
    endloop
  endfacet
  facet normal 9.283679e-01 -3.298225e-16 -3.716625e-01
    outer loop
      vertex   2.503123e+00 7.843504e+00 1.350971e+02
      vertex   2.503123e+00 -4.656496e+00 1.350971e+02
      vertex   2.284085e+00 7.843504e+00 1.345500e+02
    endloop
  endfacet
  facet normal 9.283679e-01 -2.308758e-16 -3.716625e-01
    outer loop
      vertex   2.284085e+00 7.843504e+00 1.345500e+02
      vertex   2.503123e+00 -4.656496e+00 1.350971e+02
      vertex   2.284085e+00 -4.656496e+00 1.345500e+02
    endloop
  endfacet
  facet normal 9.819287e-01 -2.441958e-16 -1.892512e-01
    outer loop
      vertex   2.284085e+00 7.843504e+00 1.345500e+02
      vertex   2.284085e+00 -4.656496e+00 1.345500e+02
      vertex   2.172550e+00 7.843504e+00 1.339713e+02
    endloop
  endfacet
  facet normal 9.819892e-01 1.508595e-05 -1.889370e-01
    outer loop
      vertex   2.172550e+00 7.843504e+00 1.339713e+02
      vertex   2.284085e+00 -4.656496e+00 1.345500e+02
      vertex   2.172362e+00 -4.656496e+00 1.339693e+02
    endloop
  endfacet
  facet normal 1.000000e+00 -1.503540e-05 0.000000e+00
    outer loop
      vertex   2.172550e+00 7.843504e+00 1.339713e+02
      vertex   2.172362e+00 -4.656496e+00 1.339693e+02
      vertex   2.172362e+00 -4.656496e+00 1.333839e+02
    endloop
  endfacet
  facet normal -9.594930e-01 2.727043e-16 2.817326e-01
    outer loop
      vertex   8.302492e+00 -4.656496e+00 1.330900e+02
      vertex   8.302492e+00 7.843504e+00 1.330900e+02
      vertex   8.136454e+00 -4.656496e+00 1.325245e+02
    endloop
  endfacet
  facet normal -9.594930e-01 4.090565e-16 2.817326e-01
    outer loop
      vertex   8.136454e+00 -4.656496e+00 1.325245e+02
      vertex   8.302492e+00 7.843504e+00 1.330900e+02
      vertex   8.136454e+00 7.843504e+00 1.325245e+02
    endloop
  endfacet
  facet normal -8.888354e-01 3.789333e-16 4.582265e-01
    outer loop
      vertex   8.136454e+00 -4.656496e+00 1.325245e+02
      vertex   8.136454e+00 7.843504e+00 1.325245e+02
      vertex   7.866399e+00 -4.656496e+00 1.320006e+02
    endloop
  endfacet
  facet normal -8.888354e-01 3.789333e-16 4.582265e-01
    outer loop
      vertex   7.866399e+00 -4.656496e+00 1.320006e+02
      vertex   8.136454e+00 7.843504e+00 1.325245e+02
      vertex   7.866399e+00 7.843504e+00 1.320006e+02
    endloop
  endfacet
  facet normal -7.860531e-01 3.351146e-16 6.181590e-01
    outer loop
      vertex   7.866399e+00 -4.656496e+00 1.320006e+02
      vertex   7.866399e+00 7.843504e+00 1.320006e+02
      vertex   7.502089e+00 -4.656496e+00 1.315374e+02
    endloop
  endfacet
  facet normal -7.860531e-01 3.351146e-16 6.181590e-01
    outer loop
      vertex   7.502089e+00 -4.656496e+00 1.315374e+02
      vertex   7.866399e+00 7.843504e+00 1.320006e+02
      vertex   7.502089e+00 7.843504e+00 1.315374e+02
    endloop
  endfacet
  facet normal -6.548607e-01 2.791839e-16 7.557496e-01
    outer loop
      vertex   7.502089e+00 -4.656496e+00 1.315374e+02
      vertex   7.502089e+00 7.843504e+00 1.315374e+02
      vertex   7.056690e+00 -4.656496e+00 1.311515e+02
    endloop
  endfacet
  facet normal -6.548607e-01 2.791839e-16 7.557496e-01
    outer loop
      vertex   7.056690e+00 -4.656496e+00 1.311515e+02
      vertex   7.502089e+00 7.843504e+00 1.315374e+02
      vertex   7.056690e+00 7.843504e+00 1.311515e+02
    endloop
  endfacet
  facet normal -5.000000e-01 2.131628e-16 8.660254e-01
    outer loop
      vertex   7.056690e+00 -4.656496e+00 1.311515e+02
      vertex   7.056690e+00 7.843504e+00 1.311515e+02
      vertex   6.546300e+00 -4.656496e+00 1.308568e+02
    endloop
  endfacet
  facet normal -5.000000e-01 1.776357e-16 8.660254e-01
    outer loop
      vertex   6.546300e+00 -4.656496e+00 1.308568e+02
      vertex   7.056690e+00 7.843504e+00 1.311515e+02
      vertex   6.546300e+00 7.843504e+00 1.308568e+02
    endloop
  endfacet
  facet normal -3.270680e-01 1.161979e-16 9.450008e-01
    outer loop
      vertex   6.546300e+00 -4.656496e+00 1.308568e+02
      vertex   6.546300e+00 7.843504e+00 1.308568e+02
      vertex   5.989366e+00 -4.656496e+00 1.306640e+02
    endloop
  endfacet
  facet normal -3.270680e-01 1.161979e-16 9.450008e-01
    outer loop
      vertex   5.989366e+00 -4.656496e+00 1.306640e+02
      vertex   6.546300e+00 7.843504e+00 1.308568e+02
      vertex   5.989366e+00 7.843504e+00 1.306640e+02
    endloop
  endfacet
  facet normal -1.423148e-01 5.056039e-17 9.898214e-01
    outer loop
      vertex   5.989366e+00 -4.656496e+00 1.306640e+02
      vertex   5.989366e+00 7.843504e+00 1.306640e+02
      vertex   5.406017e+00 -4.656496e+00 1.305801e+02
    endloop
  endfacet
  facet normal -1.423148e-01 4.044831e-17 9.898214e-01
    outer loop
      vertex   5.406017e+00 -4.656496e+00 1.305801e+02
      vertex   5.989366e+00 7.843504e+00 1.306640e+02
      vertex   5.406017e+00 7.843504e+00 1.305801e+02
    endloop
  endfacet
  facet normal 4.758192e-02 -1.352359e-17 9.988673e-01
    outer loop
      vertex   5.406017e+00 -4.656496e+00 1.305801e+02
      vertex   5.406017e+00 7.843504e+00 1.305801e+02
      vertex   4.817337e+00 -4.656496e+00 1.306082e+02
    endloop
  endfacet
  facet normal 4.758192e-02 -1.690449e-17 9.988673e-01
    outer loop
      vertex   4.817337e+00 -4.656496e+00 1.306082e+02
      vertex   5.406017e+00 7.843504e+00 1.305801e+02
      vertex   4.817337e+00 7.843504e+00 1.306082e+02
    endloop
  endfacet
  facet normal 2.357589e-01 -8.375840e-17 9.718116e-01
    outer loop
      vertex   4.817337e+00 -4.656496e+00 1.306082e+02
      vertex   4.817337e+00 7.843504e+00 1.306082e+02
      vertex   4.244603e+00 -4.656496e+00 1.307471e+02
    endloop
  endfacet
  facet normal 2.357589e-01 -1.005101e-16 9.718116e-01
    outer loop
      vertex   4.244603e+00 -4.656496e+00 1.307471e+02
      vertex   4.817337e+00 7.843504e+00 1.306082e+02
      vertex   4.244603e+00 7.843504e+00 1.307471e+02
    endloop
  endfacet
  facet normal 4.154150e-01 -1.771021e-16 9.096320e-01
    outer loop
      vertex   4.244603e+00 -4.656496e+00 1.307471e+02
      vertex   4.244603e+00 7.843504e+00 1.307471e+02
      vertex   3.708513e+00 -4.656496e+00 1.309920e+02
    endloop
  endfacet
  facet normal 4.154150e-01 -1.475851e-16 9.096320e-01
    outer loop
      vertex   3.708513e+00 -4.656496e+00 1.309920e+02
      vertex   4.244603e+00 7.843504e+00 1.307471e+02
      vertex   3.708513e+00 7.843504e+00 1.309920e+02
    endloop
  endfacet
  facet normal 5.800569e-01 -2.060776e-16 8.145760e-01
    outer loop
      vertex   3.708513e+00 -4.656496e+00 1.309920e+02
      vertex   3.708513e+00 7.843504e+00 1.309920e+02
      vertex   3.228445e+00 -4.656496e+00 1.313338e+02
    endloop
  endfacet
  facet normal 5.800569e-01 -1.648621e-16 8.145760e-01
    outer loop
      vertex   3.228445e+00 -4.656496e+00 1.313338e+02
      vertex   3.708513e+00 7.843504e+00 1.309920e+02
      vertex   3.228445e+00 7.843504e+00 1.313338e+02
    endloop
  endfacet
  facet normal 7.237340e-01 -2.056976e-16 6.900790e-01
    outer loop
      vertex   3.228445e+00 -4.656496e+00 1.313338e+02
      vertex   3.228445e+00 7.843504e+00 1.313338e+02
      vertex   2.821749e+00 -4.656496e+00 1.317603e+02
    endloop
  endfacet
  facet normal 7.237340e-01 -2.571220e-16 6.900790e-01
    outer loop
      vertex   2.821749e+00 -4.656496e+00 1.317603e+02
      vertex   3.228445e+00 7.843504e+00 1.313338e+02
      vertex   2.821749e+00 7.843504e+00 1.317603e+02
    endloop
  endfacet
  facet normal 8.412535e-01 -2.988733e-16 5.406408e-01
    outer loop
      vertex   2.821749e+00 -4.656496e+00 1.317603e+02
      vertex   2.821749e+00 7.843504e+00 1.317603e+02
      vertex   2.503123e+00 -4.656496e+00 1.322561e+02
    endloop
  endfacet
  facet normal 8.412535e-01 -2.988733e-16 5.406408e-01
    outer loop
      vertex   2.503123e+00 -4.656496e+00 1.322561e+02
      vertex   2.821749e+00 7.843504e+00 1.317603e+02
      vertex   2.503123e+00 7.843504e+00 1.322561e+02
    endloop
  endfacet
  facet normal 9.283679e-01 -3.298225e-16 3.716625e-01
    outer loop
      vertex   2.503123e+00 -4.656496e+00 1.322561e+02
      vertex   2.503123e+00 7.843504e+00 1.322561e+02
      vertex   2.284085e+00 -4.656496e+00 1.328033e+02
    endloop
  endfacet
  facet normal 9.283679e-01 -3.628048e-16 3.716625e-01
    outer loop
      vertex   2.284085e+00 -4.656496e+00 1.328033e+02
      vertex   2.503123e+00 7.843504e+00 1.322561e+02
      vertex   2.284085e+00 7.843504e+00 1.328033e+02
    endloop
  endfacet
  facet normal 9.819287e-01 -3.837363e-16 1.892512e-01
    outer loop
      vertex   2.284085e+00 -4.656496e+00 1.328033e+02
      vertex   2.284085e+00 7.843504e+00 1.328033e+02
      vertex   2.172550e+00 7.843504e+00 1.333820e+02
    endloop
  endfacet
  facet normal 9.819892e-01 1.508595e-05 1.889370e-01
    outer loop
      vertex   2.284085e+00 -4.656496e+00 1.328033e+02
      vertex   2.172550e+00 7.843504e+00 1.333820e+02
      vertex   2.172362e+00 -4.656496e+00 1.333839e+02
    endloop
  endfacet
  facet normal 1.000000e+00 -1.503540e-05 0.000000e+00
    outer loop
      vertex   2.172362e+00 -4.656496e+00 1.333839e+02
      vertex   2.172550e+00 7.843504e+00 1.333820e+02
      vertex   2.172550e+00 7.843504e+00 1.339713e+02
    endloop
  endfacet
  facet normal 0.000000e+00 1.000000e+00 0.000000e+00
    outer loop
      vertex   -4.524149e+01 -1.715650e+01 1.367360e+02
      vertex   -4.467898e+01 -1.715650e+01 1.365889e+02
      vertex   -4.524149e+01 -1.715650e+01 1.306172e+02
    endloop
  endfacet
  facet normal 0.000000e+00 1.000000e+00 0.000000e+00
    outer loop
      vertex   -4.524149e+01 -1.715650e+01 1.306172e+02
      vertex   -4.467898e+01 -1.715650e+01 1.365889e+02
      vertex   -4.467898e+01 -1.715650e+01 1.307644e+02
    endloop
  endfacet
  facet normal 0.000000e+00 1.000000e+00 0.000000e+00
    outer loop
      vertex   -4.467898e+01 -1.715650e+01 1.307644e+02
      vertex   -4.467898e+01 -1.715650e+01 1.365889e+02
      vertex   -4.415384e+01 -1.715650e+01 1.310140e+02
    endloop
  endfacet
  facet normal 0.000000e+00 1.000000e+00 -0.000000e+00
    outer loop
      vertex   -4.415384e+01 -1.715650e+01 1.310140e+02
      vertex   -4.467898e+01 -1.715650e+01 1.365889e+02
      vertex   -4.415384e+01 -1.715650e+01 1.363392e+02
    endloop
  endfacet
  facet normal 0.000000e+00 1.000000e+00 0.000000e+00
    outer loop
      vertex   -4.415384e+01 -1.715650e+01 1.310140e+02
      vertex   -4.415384e+01 -1.715650e+01 1.363392e+02
      vertex   -4.368457e+01 -1.715650e+01 1.313574e+02
    endloop
  endfacet
  facet normal 0.000000e+00 1.000000e+00 -0.000000e+00
    outer loop
      vertex   -4.368457e+01 -1.715650e+01 1.313574e+02
      vertex   -4.415384e+01 -1.715650e+01 1.363392e+02
      vertex   -4.368457e+01 -1.715650e+01 1.359959e+02
    endloop
  endfacet
  facet normal 0.000000e+00 1.000000e+00 0.000000e+00
    outer loop
      vertex   -4.368457e+01 -1.715650e+01 1.313574e+02
      vertex   -4.368457e+01 -1.715650e+01 1.359959e+02
      vertex   -4.328765e+01 -1.715650e+01 1.317823e+02
    endloop
  endfacet
  facet normal 0.000000e+00 1.000000e+00 -0.000000e+00
    outer loop
      vertex   -4.328765e+01 -1.715650e+01 1.317823e+02
      vertex   -4.368457e+01 -1.715650e+01 1.359959e+02
      vertex   -4.328765e+01 -1.715650e+01 1.355710e+02
    endloop
  endfacet
  facet normal 0.000000e+00 1.000000e+00 0.000000e+00
    outer loop
      vertex   -4.328765e+01 -1.715650e+01 1.317823e+02
      vertex   -4.328765e+01 -1.715650e+01 1.355710e+02
      vertex   -4.297706e+01 -1.715650e+01 1.322738e+02
    endloop
  endfacet
  facet normal 0.000000e+00 1.000000e+00 -0.000000e+00
    outer loop
      vertex   -4.297706e+01 -1.715650e+01 1.322738e+02
      vertex   -4.328765e+01 -1.715650e+01 1.355710e+02
      vertex   -4.297706e+01 -1.715650e+01 1.350795e+02
    endloop
  endfacet
  facet normal 0.000000e+00 1.000000e+00 0.000000e+00
    outer loop
      vertex   -4.297706e+01 -1.715650e+01 1.322738e+02
      vertex   -4.297706e+01 -1.715650e+01 1.350795e+02
      vertex   -4.276373e+01 -1.715650e+01 1.328147e+02
    endloop
  endfacet
  facet normal 0.000000e+00 1.000000e+00 -0.000000e+00
    outer loop
      vertex   -4.276373e+01 -1.715650e+01 1.328147e+02
      vertex   -4.297706e+01 -1.715650e+01 1.350795e+02
      vertex   -4.276373e+01 -1.715650e+01 1.345386e+02
    endloop
  endfacet
  facet normal 0.000000e+00 1.000000e+00 0.000000e+00
    outer loop
      vertex   -4.276373e+01 -1.715650e+01 1.328147e+02
      vertex   -4.276373e+01 -1.715650e+01 1.345386e+02
      vertex   -4.265515e+01 -1.715650e+01 1.333859e+02
    endloop
  endfacet
  facet normal 0.000000e+00 1.000000e+00 -0.000000e+00
    outer loop
      vertex   -4.265515e+01 -1.715650e+01 1.333859e+02
      vertex   -4.276373e+01 -1.715650e+01 1.345386e+02
      vertex   -4.265515e+01 -1.715650e+01 1.339674e+02
    endloop
  endfacet
  facet normal -1.077271e-01 -8.896910e-05 -9.941805e-01
    outer loop
      vertex   -4.557510e+01 -1.682288e+01 1.367722e+02
      vertex   -4.559398e+01 -4.656496e+00 1.367731e+02
      vertex   -4.524149e+01 -1.715650e+01 1.367360e+02
    endloop
  endfacet
  facet normal -1.423148e-01 -1.077261e-03 -9.898209e-01
    outer loop
      vertex   -4.524149e+01 -1.715650e+01 1.367360e+02
      vertex   -4.559398e+01 -4.656496e+00 1.367731e+02
      vertex   -4.501063e+01 -4.656496e+00 1.366893e+02
    endloop
  endfacet
  facet normal -2.531333e-01 1.053181e-03 -9.674308e-01
    outer loop
      vertex   -4.524149e+01 -1.715650e+01 1.367360e+02
      vertex   -4.501063e+01 -4.656496e+00 1.366893e+02
      vertex   -4.467898e+01 -1.715650e+01 1.365889e+02
    endloop
  endfacet
  facet normal -3.270678e-01 -1.088635e-03 -9.450003e-01
    outer loop
      vertex   -4.467898e+01 -1.715650e+01 1.365889e+02
      vertex   -4.501063e+01 -4.656496e+00 1.366893e+02
      vertex   -4.445370e+01 -4.656496e+00 1.364965e+02
    endloop
  endfacet
  facet normal -4.293359e-01 1.063743e-03 -9.031442e-01
    outer loop
      vertex   -4.467898e+01 -1.715650e+01 1.365889e+02
      vertex   -4.445370e+01 -4.656496e+00 1.364965e+02
      vertex   -4.415384e+01 -1.715650e+01 1.363392e+02
    endloop
  endfacet
  facet normal -4.999997e-01 -1.098385e-03 -8.660249e-01
    outer loop
      vertex   -4.415384e+01 -1.715650e+01 1.363392e+02
      vertex   -4.445370e+01 -4.656496e+00 1.364965e+02
      vertex   -4.394331e+01 -4.656496e+00 1.362018e+02
    endloop
  endfacet
  facet normal -5.904344e-01 1.072681e-03 -8.070849e-01
    outer loop
      vertex   -4.415384e+01 -1.715650e+01 1.363392e+02
      vertex   -4.394331e+01 -4.656496e+00 1.362018e+02
      vertex   -4.368457e+01 -1.715650e+01 1.359959e+02
    endloop
  endfacet
  facet normal -6.548603e-01 -1.106510e-03 -7.557491e-01
    outer loop
      vertex   -4.368457e+01 -1.715650e+01 1.359959e+02
      vertex   -4.394331e+01 -4.656496e+00 1.362018e+02
      vertex   -4.349791e+01 -4.656496e+00 1.358159e+02
    endloop
  endfacet
  facet normal -7.307613e-01 1.079993e-03 -6.826322e-01
    outer loop
      vertex   -4.368457e+01 -1.715650e+01 1.359959e+02
      vertex   -4.349791e+01 -4.656496e+00 1.358159e+02
      vertex   -4.328765e+01 -1.715650e+01 1.355710e+02
    endloop
  endfacet
  facet normal -7.860526e-01 -1.113009e-03 -6.181586e-01
    outer loop
      vertex   -4.328765e+01 -1.715650e+01 1.355710e+02
      vertex   -4.349791e+01 -4.656496e+00 1.358159e+02
      vertex   -4.313360e+01 -4.656496e+00 1.353526e+02
    endloop
  endfacet
  facet normal -8.453799e-01 1.085680e-03 -5.341644e-01
    outer loop
      vertex   -4.328765e+01 -1.715650e+01 1.355710e+02
      vertex   -4.313360e+01 -4.656496e+00 1.353526e+02
      vertex   -4.297706e+01 -1.715650e+01 1.350795e+02
    endloop
  endfacet
  facet normal -8.888349e-01 -1.117884e-03 -4.582262e-01
    outer loop
      vertex   -4.297706e+01 -1.715650e+01 1.350795e+02
      vertex   -4.313360e+01 -4.656496e+00 1.353526e+02
      vertex   -4.286355e+01 -4.656496e+00 1.348288e+02
    endloop
  endfacet
  facet normal -9.302579e-01 1.089743e-03 -3.669046e-01
    outer loop
      vertex   -4.297706e+01 -1.715650e+01 1.350795e+02
      vertex   -4.286355e+01 -4.656496e+00 1.348288e+02
      vertex   -4.276373e+01 -1.715650e+01 1.345386e+02
    endloop
  endfacet
  facet normal -9.594924e-01 -1.121134e-03 -2.817324e-01
    outer loop
      vertex   -4.276373e+01 -1.715650e+01 1.345386e+02
      vertex   -4.286355e+01 -4.656496e+00 1.348288e+02
      vertex   -4.269751e+01 -4.656496e+00 1.342633e+02
    endloop
  endfacet
  facet normal -9.824093e-01 1.092180e-03 -1.867370e-01
    outer loop
      vertex   -4.276373e+01 -1.715650e+01 1.345386e+02
      vertex   -4.269751e+01 -4.656496e+00 1.342633e+02
      vertex   -4.265515e+01 -1.715650e+01 1.339674e+02
    endloop
  endfacet
  facet normal -9.954713e-01 -1.122759e-03 -9.505598e-02
    outer loop
      vertex   -4.265515e+01 -1.715650e+01 1.339674e+02
      vertex   -4.269751e+01 -4.656496e+00 1.342633e+02
      vertex   -4.264149e+01 -4.656496e+00 1.336766e+02
    endloop
  endfacet
  facet normal -9.999994e-01 1.092993e-03 0.000000e+00
    outer loop
      vertex   -4.265515e+01 -1.715650e+01 1.339674e+02
      vertex   -4.264149e+01 -4.656496e+00 1.336766e+02
      vertex   -4.265515e+01 -1.715650e+01 1.333859e+02
    endloop
  endfacet
  facet normal -9.954713e-01 -1.122759e-03 9.505598e-02
    outer loop
      vertex   -4.265515e+01 -1.715650e+01 1.333859e+02
      vertex   -4.264149e+01 -4.656496e+00 1.336766e+02
      vertex   -4.269751e+01 -4.656496e+00 1.330900e+02
    endloop
  endfacet
  facet normal -9.824093e-01 1.092180e-03 1.867370e-01
    outer loop
      vertex   -4.265515e+01 -1.715650e+01 1.333859e+02
      vertex   -4.269751e+01 -4.656496e+00 1.330900e+02
      vertex   -4.276373e+01 -1.715650e+01 1.328147e+02
    endloop
  endfacet
  facet normal -9.594924e-01 -1.121134e-03 2.817324e-01
    outer loop
      vertex   -4.276373e+01 -1.715650e+01 1.328147e+02
      vertex   -4.269751e+01 -4.656496e+00 1.330900e+02
      vertex   -4.286355e+01 -4.656496e+00 1.325245e+02
    endloop
  endfacet
  facet normal -9.302579e-01 1.089743e-03 3.669046e-01
    outer loop
      vertex   -4.276373e+01 -1.715650e+01 1.328147e+02
      vertex   -4.286355e+01 -4.656496e+00 1.325245e+02
      vertex   -4.297706e+01 -1.715650e+01 1.322738e+02
    endloop
  endfacet
  facet normal -8.888349e-01 -1.117884e-03 4.582262e-01
    outer loop
      vertex   -4.297706e+01 -1.715650e+01 1.322738e+02
      vertex   -4.286355e+01 -4.656496e+00 1.325245e+02
      vertex   -4.313360e+01 -4.656496e+00 1.320006e+02
    endloop
  endfacet
  facet normal -8.453799e-01 1.085680e-03 5.341644e-01
    outer loop
      vertex   -4.297706e+01 -1.715650e+01 1.322738e+02
      vertex   -4.313360e+01 -4.656496e+00 1.320006e+02
      vertex   -4.328765e+01 -1.715650e+01 1.317823e+02
    endloop
  endfacet
  facet normal -7.860526e-01 -1.113009e-03 6.181586e-01
    outer loop
      vertex   -4.328765e+01 -1.715650e+01 1.317823e+02
      vertex   -4.313360e+01 -4.656496e+00 1.320006e+02
      vertex   -4.349791e+01 -4.656496e+00 1.315374e+02
    endloop
  endfacet
  facet normal -7.307613e-01 1.079993e-03 6.826322e-01
    outer loop
      vertex   -4.328765e+01 -1.715650e+01 1.317823e+02
      vertex   -4.349791e+01 -4.656496e+00 1.315374e+02
      vertex   -4.368457e+01 -1.715650e+01 1.313574e+02
    endloop
  endfacet
  facet normal -6.548603e-01 -1.106510e-03 7.557491e-01
    outer loop
      vertex   -4.368457e+01 -1.715650e+01 1.313574e+02
      vertex   -4.349791e+01 -4.656496e+00 1.315374e+02
      vertex   -4.394331e+01 -4.656496e+00 1.311515e+02
    endloop
  endfacet
  facet normal -5.904344e-01 1.072681e-03 8.070849e-01
    outer loop
      vertex   -4.368457e+01 -1.715650e+01 1.313574e+02
      vertex   -4.394331e+01 -4.656496e+00 1.311515e+02
      vertex   -4.415384e+01 -1.715650e+01 1.310140e+02
    endloop
  endfacet
  facet normal -4.999997e-01 -1.098385e-03 8.660249e-01
    outer loop
      vertex   -4.415384e+01 -1.715650e+01 1.310140e+02
      vertex   -4.394331e+01 -4.656496e+00 1.311515e+02
      vertex   -4.445370e+01 -4.656496e+00 1.308568e+02
    endloop
  endfacet
  facet normal -4.293359e-01 1.063743e-03 9.031442e-01
    outer loop
      vertex   -4.415384e+01 -1.715650e+01 1.310140e+02
      vertex   -4.445370e+01 -4.656496e+00 1.308568e+02
      vertex   -4.467898e+01 -1.715650e+01 1.307644e+02
    endloop
  endfacet
  facet normal -3.270678e-01 -1.088635e-03 9.450003e-01
    outer loop
      vertex   -4.467898e+01 -1.715650e+01 1.307644e+02
      vertex   -4.445370e+01 -4.656496e+00 1.308568e+02
      vertex   -4.501063e+01 -4.656496e+00 1.306640e+02
    endloop
  endfacet
  facet normal -2.531333e-01 1.053181e-03 9.674308e-01
    outer loop
      vertex   -4.467898e+01 -1.715650e+01 1.307644e+02
      vertex   -4.501063e+01 -4.656496e+00 1.306640e+02
      vertex   -4.524149e+01 -1.715650e+01 1.306172e+02
    endloop
  endfacet
  facet normal -1.423148e-01 -1.077261e-03 9.898209e-01
    outer loop
      vertex   -4.524149e+01 -1.715650e+01 1.306172e+02
      vertex   -4.501063e+01 -4.656496e+00 1.306640e+02
      vertex   -4.559398e+01 -4.656496e+00 1.305801e+02
    endloop
  endfacet
  facet normal -1.077271e-01 -8.896910e-05 9.941805e-01
    outer loop
      vertex   -4.524149e+01 -1.715650e+01 1.306172e+02
      vertex   -4.559398e+01 -4.656496e+00 1.305801e+02
      vertex   -4.557510e+01 -1.682288e+01 1.305811e+02
    endloop
  endfacet
  facet normal 5.310022e-04 7.949294e-05 9.999999e-01
    outer loop
      vertex   -4.557510e+01 -1.682288e+01 1.305811e+02
      vertex   -4.559398e+01 -4.656496e+00 1.305801e+02
      vertex   -4.591067e+01 -1.648732e+01 1.305813e+02
    endloop
  endfacet
  facet normal 4.758188e-02 -1.180058e-03 9.988666e-01
    outer loop
      vertex   -4.591067e+01 -1.648732e+01 1.305813e+02
      vertex   -4.559398e+01 -4.656496e+00 1.305801e+02
      vertex   -4.618266e+01 -4.656496e+00 1.306082e+02
    endloop
  endfacet
  facet normal 1.087718e-01 2.376531e-04 9.940667e-01
    outer loop
      vertex   -4.591067e+01 -1.648732e+01 1.305813e+02
      vertex   -4.618266e+01 -4.656496e+00 1.306082e+02
      vertex   -4.624425e+01 -1.615373e+01 1.306177e+02
    endloop
  endfacet
  facet normal 2.150207e-01 -3.458893e-04 9.766094e-01
    outer loop
      vertex   -4.624425e+01 -1.615373e+01 1.306177e+02
      vertex   -4.618266e+01 -4.656496e+00 1.306082e+02
      vertex   -4.657194e+01 -1.582604e+01 1.306899e+02
    endloop
  endfacet
  facet normal 2.357588e-01 -1.103769e-03 9.718110e-01
    outer loop
      vertex   -4.657194e+01 -1.582604e+01 1.306899e+02
      vertex   -4.618266e+01 -4.656496e+00 1.306082e+02
      vertex   -4.675540e+01 -4.656496e+00 1.307471e+02
    endloop
  endfacet
  facet normal 3.200043e-01 4.048523e-04 9.474160e-01
    outer loop
      vertex   -4.657194e+01 -1.582604e+01 1.306899e+02
      vertex   -4.675540e+01 -4.656496e+00 1.307471e+02
      vertex   -4.688990e+01 -1.550808e+01 1.307972e+02
    endloop
  endfacet
  facet normal 4.154148e-01 -9.520811e-04 9.096316e-01
    outer loop
      vertex   -4.688990e+01 -1.550808e+01 1.307972e+02
      vertex   -4.675540e+01 -4.656496e+00 1.307471e+02
      vertex   -4.729149e+01 -4.656496e+00 1.309920e+02
    endloop
  endfacet
  facet normal 4.195559e-01 -7.646885e-04 9.077292e-01
    outer loop
      vertex   -4.688990e+01 -1.550808e+01 1.307972e+02
      vertex   -4.729149e+01 -4.656496e+00 1.309920e+02
      vertex   -4.719441e+01 -1.520358e+01 1.309382e+02
    endloop
  endfacet
  facet normal 5.160897e-01 3.847891e-04 8.565345e-01
    outer loop
      vertex   -4.719441e+01 -1.520358e+01 1.309382e+02
      vertex   -4.729149e+01 -4.656496e+00 1.309920e+02
      vertex   -4.748189e+01 -1.491610e+01 1.311113e+02
    endloop
  endfacet
  facet normal 5.800564e-01 -1.290346e-03 8.145753e-01
    outer loop
      vertex   -4.748189e+01 -1.491610e+01 1.311113e+02
      vertex   -4.729149e+01 -4.656496e+00 1.309920e+02
      vertex   -4.777155e+01 -4.656496e+00 1.313338e+02
    endloop
  endfacet
  facet normal 6.052735e-01 -1.758630e-04 7.960176e-01
    outer loop
      vertex   -4.748189e+01 -1.491610e+01 1.311113e+02
      vertex   -4.777155e+01 -4.656496e+00 1.313338e+02
      vertex   -4.774897e+01 -1.464901e+01 1.313144e+02
    endloop
  endfacet
  facet normal 6.879465e-01 1.472209e-04 7.257614e-01
    outer loop
      vertex   -4.774897e+01 -1.464901e+01 1.313144e+02
      vertex   -4.777155e+01 -4.656496e+00 1.313338e+02
      vertex   -4.799254e+01 -1.440545e+01 1.315453e+02
    endloop
  endfacet
  facet normal 7.237333e-01 -1.437902e-03 6.900783e-01
    outer loop
      vertex   -4.799254e+01 -1.440545e+01 1.315453e+02
      vertex   -4.777155e+01 -4.656496e+00 1.313338e+02
      vertex   -4.817825e+01 -4.656496e+00 1.317603e+02
    endloop
  endfacet
  facet normal 7.623963e-01 2.465905e-04 6.471103e-01
    outer loop
      vertex   -4.799254e+01 -1.440545e+01 1.315453e+02
      vertex   -4.817825e+01 -4.656496e+00 1.317603e+02
      vertex   -4.820973e+01 -1.418826e+01 1.318011e+02
    endloop
  endfacet
  facet normal 8.276793e-01 -3.359285e-04 5.612013e-01
    outer loop
      vertex   -4.820973e+01 -1.418826e+01 1.318011e+02
      vertex   -4.817825e+01 -4.656496e+00 1.317603e+02
      vertex   -4.839799e+01 -1.399999e+01 1.320788e+02
    endloop
  endfacet
  facet normal 8.412528e-01 -1.356007e-03 5.406403e-01
    outer loop
      vertex   -4.839799e+01 -1.399999e+01 1.320788e+02
      vertex   -4.817825e+01 -4.656496e+00 1.317603e+02
      vertex   -4.849688e+01 -4.656496e+00 1.322561e+02
    endloop
  endfacet
  facet normal 8.836806e-01 4.697165e-04 4.680902e-01
    outer loop
      vertex   -4.839799e+01 -1.399999e+01 1.320788e+02
      vertex   -4.849688e+01 -4.656496e+00 1.322561e+02
      vertex   -4.855513e+01 -1.384285e+01 1.323753e+02
    endloop
  endfacet
  facet normal 9.283674e-01 -1.064859e-03 3.716622e-01
    outer loop
      vertex   -4.855513e+01 -1.384285e+01 1.323753e+02
      vertex   -4.849688e+01 -4.656496e+00 1.322561e+02
      vertex   -4.871591e+01 -4.656496e+00 1.328033e+02
    endloop
  endfacet
  facet normal 9.288801e-01 -9.961125e-04 3.703791e-01
    outer loop
      vertex   -4.855513e+01 -1.384285e+01 1.323753e+02
      vertex   -4.871591e+01 -4.656496e+00 1.328033e+02
      vertex   -4.867930e+01 -1.371868e+01 1.326871e+02
    endloop
  endfacet
  facet normal 9.636040e-01 4.653562e-04 2.673334e-01
    outer loop
      vertex   -4.867930e+01 -1.371868e+01 1.326871e+02
      vertex   -4.871591e+01 -4.656496e+00 1.328033e+02
      vertex   -4.876905e+01 -1.362893e+01 1.330104e+02
    endloop
  endfacet
  facet normal 9.819277e-01 -1.445887e-03 1.892510e-01
    outer loop
      vertex   -4.876905e+01 -1.362893e+01 1.330104e+02
      vertex   -4.871591e+01 -4.656496e+00 1.328033e+02
      vertex   -4.882745e+01 -4.656496e+00 1.333820e+02
    endloop
  endfacet
  facet normal 9.868268e-01 -2.764328e-04 1.617800e-01
    outer loop
      vertex   -4.876905e+01 -1.362893e+01 1.330104e+02
      vertex   -4.882745e+01 -4.656496e+00 1.333820e+02
      vertex   -4.882332e+01 -1.357466e+01 1.333416e+02
    endloop
  endfacet
  facet normal 9.985349e-01 2.167200e-04 5.411165e-02
    outer loop
      vertex   -4.882332e+01 -1.357466e+01 1.333416e+02
      vertex   -4.882745e+01 -4.656496e+00 1.333820e+02
      vertex   -4.884149e+01 -1.355650e+01 1.336766e+02
    endloop
  endfacet
  facet normal 9.999988e-01 -1.577194e-03 0.000000e+00
    outer loop
      vertex   -4.884149e+01 -1.355650e+01 1.336766e+02
      vertex   -4.882745e+01 -4.656496e+00 1.333820e+02
      vertex   -4.882745e+01 -4.656496e+00 1.339713e+02
    endloop
  endfacet
  facet normal 9.985349e-01 2.167200e-04 -5.411165e-02
    outer loop
      vertex   -4.884149e+01 -1.355650e+01 1.336766e+02
      vertex   -4.882745e+01 -4.656496e+00 1.339713e+02
      vertex   -4.882332e+01 -1.357466e+01 1.340117e+02
    endloop
  endfacet
  facet normal 9.868268e-01 -2.764328e-04 -1.617800e-01
    outer loop
      vertex   -4.882332e+01 -1.357466e+01 1.340117e+02
      vertex   -4.882745e+01 -4.656496e+00 1.339713e+02
      vertex   -4.876905e+01 -1.362893e+01 1.343429e+02
    endloop
  endfacet
  facet normal 9.819277e-01 -1.445887e-03 -1.892510e-01
    outer loop
      vertex   -4.876905e+01 -1.362893e+01 1.343429e+02
      vertex   -4.882745e+01 -4.656496e+00 1.339713e+02
      vertex   -4.871591e+01 -4.656496e+00 1.345500e+02
    endloop
  endfacet
  facet normal 9.636040e-01 4.653562e-04 -2.673334e-01
    outer loop
      vertex   -4.876905e+01 -1.362893e+01 1.343429e+02
      vertex   -4.871591e+01 -4.656496e+00 1.345500e+02
      vertex   -4.867930e+01 -1.371868e+01 1.346662e+02
    endloop
  endfacet
  facet normal 9.283675e-01 -1.014635e-03 -3.716623e-01
    outer loop
      vertex   -4.867930e+01 -1.371868e+01 1.346662e+02
      vertex   -4.871591e+01 -4.656496e+00 1.345500e+02
      vertex   -4.849688e+01 -4.656496e+00 1.350971e+02
    endloop
  endfacet
  facet normal 9.288680e-01 -1.084289e-03 -3.704094e-01
    outer loop
      vertex   -4.867930e+01 -1.371868e+01 1.346662e+02
      vertex   -4.849688e+01 -4.656496e+00 1.350971e+02
      vertex   -4.855513e+01 -1.384285e+01 1.349779e+02
    endloop
  endfacet
  facet normal 8.836806e-01 4.697165e-04 -4.680902e-01
    outer loop
      vertex   -4.855513e+01 -1.384285e+01 1.349779e+02
      vertex   -4.849688e+01 -4.656496e+00 1.350971e+02
      vertex   -4.839799e+01 -1.399999e+01 1.352744e+02
    endloop
  endfacet
  facet normal 8.412528e-01 -1.356007e-03 -5.406403e-01
    outer loop
      vertex   -4.839799e+01 -1.399999e+01 1.352744e+02
      vertex   -4.849688e+01 -4.656496e+00 1.350971e+02
      vertex   -4.817825e+01 -4.656496e+00 1.355929e+02
    endloop
  endfacet
  facet normal 8.276793e-01 -3.359285e-04 -5.612013e-01
    outer loop
      vertex   -4.839799e+01 -1.399999e+01 1.352744e+02
      vertex   -4.817825e+01 -4.656496e+00 1.355929e+02
      vertex   -4.820973e+01 -1.418826e+01 1.355522e+02
    endloop
  endfacet
  facet normal 7.623963e-01 2.465905e-04 -6.471103e-01
    outer loop
      vertex   -4.820973e+01 -1.418826e+01 1.355522e+02
      vertex   -4.817825e+01 -4.656496e+00 1.355929e+02
      vertex   -4.799254e+01 -1.440545e+01 1.358080e+02
    endloop
  endfacet
  facet normal 7.237333e-01 -1.437902e-03 -6.900783e-01
    outer loop
      vertex   -4.799254e+01 -1.440545e+01 1.358080e+02
      vertex   -4.817825e+01 -4.656496e+00 1.355929e+02
      vertex   -4.777155e+01 -4.656496e+00 1.360195e+02
    endloop
  endfacet
  facet normal 6.879465e-01 1.472209e-04 -7.257614e-01
    outer loop
      vertex   -4.799254e+01 -1.440545e+01 1.358080e+02
      vertex   -4.777155e+01 -4.656496e+00 1.360195e+02
      vertex   -4.774897e+01 -1.464901e+01 1.360388e+02
    endloop
  endfacet
  facet normal 6.052735e-01 -1.758630e-04 -7.960176e-01
    outer loop
      vertex   -4.774897e+01 -1.464901e+01 1.360388e+02
      vertex   -4.777155e+01 -4.656496e+00 1.360195e+02
      vertex   -4.748189e+01 -1.491610e+01 1.362420e+02
    endloop
  endfacet
  facet normal 5.800564e-01 -1.290346e-03 -8.145753e-01
    outer loop
      vertex   -4.748189e+01 -1.491610e+01 1.362420e+02
      vertex   -4.777155e+01 -4.656496e+00 1.360195e+02
      vertex   -4.729149e+01 -4.656496e+00 1.363613e+02
    endloop
  endfacet
  facet normal 5.160897e-01 3.847891e-04 -8.565345e-01
    outer loop
      vertex   -4.748189e+01 -1.491610e+01 1.362420e+02
      vertex   -4.729149e+01 -4.656496e+00 1.363613e+02
      vertex   -4.719441e+01 -1.520358e+01 1.364151e+02
    endloop
  endfacet
  facet normal 4.154149e-01 -8.125017e-04 -9.096317e-01
    outer loop
      vertex   -4.719441e+01 -1.520358e+01 1.364151e+02
      vertex   -4.729149e+01 -4.656496e+00 1.363613e+02
      vertex   -4.675540e+01 -4.656496e+00 1.366061e+02
    endloop
  endfacet
  facet normal 4.193544e-01 -1.009260e-03 -9.078221e-01
    outer loop
      vertex   -4.719441e+01 -1.520358e+01 1.364151e+02
      vertex   -4.675540e+01 -4.656496e+00 1.366061e+02
      vertex   -4.688990e+01 -1.550808e+01 1.365561e+02
    endloop
  endfacet
  facet normal 3.200043e-01 4.048523e-04 -9.474160e-01
    outer loop
      vertex   -4.688990e+01 -1.550808e+01 1.365561e+02
      vertex   -4.675540e+01 -4.656496e+00 1.366061e+02
      vertex   -4.657194e+01 -1.582604e+01 1.366633e+02
    endloop
  endfacet
  facet normal 2.357588e-01 -1.103769e-03 -9.718110e-01
    outer loop
      vertex   -4.657194e+01 -1.582604e+01 1.366633e+02
      vertex   -4.675540e+01 -4.656496e+00 1.366061e+02
      vertex   -4.618266e+01 -4.656496e+00 1.367451e+02
    endloop
  endfacet
  facet normal 2.150207e-01 -3.458893e-04 -9.766094e-01
    outer loop
      vertex   -4.657194e+01 -1.582604e+01 1.366633e+02
      vertex   -4.618266e+01 -4.656496e+00 1.367451e+02
      vertex   -4.624425e+01 -1.615373e+01 1.367356e+02
    endloop
  endfacet
  facet normal 1.087718e-01 2.376531e-04 -9.940667e-01
    outer loop
      vertex   -4.624425e+01 -1.615373e+01 1.367356e+02
      vertex   -4.618266e+01 -4.656496e+00 1.367451e+02
      vertex   -4.591067e+01 -1.648732e+01 1.367720e+02
    endloop
  endfacet
  facet normal 4.758188e-02 -1.180058e-03 -9.988666e-01
    outer loop
      vertex   -4.591067e+01 -1.648732e+01 1.367720e+02
      vertex   -4.618266e+01 -4.656496e+00 1.367451e+02
      vertex   -4.559398e+01 -4.656496e+00 1.367731e+02
    endloop
  endfacet
  facet normal 5.310022e-04 7.949294e-05 -9.999999e-01
    outer loop
      vertex   -4.591067e+01 -1.648732e+01 1.367720e+02
      vertex   -4.559398e+01 -4.656496e+00 1.367731e+02
      vertex   -4.557510e+01 -1.682288e+01 1.367722e+02
    endloop
  endfacet
  facet normal -9.954719e-01 0.000000e+00 9.505604e-02
    outer loop
      vertex   -4.269751e+01 7.843504e+00 1.330900e+02
      vertex   -4.269751e+01 -4.656496e+00 1.330900e+02
      vertex   -4.264149e+01 7.843504e+00 1.336766e+02
    endloop
  endfacet
  facet normal -9.954719e-01 1.131721e-15 9.505604e-02
    outer loop
      vertex   -4.264149e+01 7.843504e+00 1.336766e+02
      vertex   -4.269751e+01 -4.656496e+00 1.330900e+02
      vertex   -4.264149e+01 -4.656496e+00 1.336766e+02
    endloop
  endfacet
  facet normal -9.954719e-01 1.131721e-15 -9.505604e-02
    outer loop
      vertex   -4.264149e+01 7.843504e+00 1.336766e+02
      vertex   -4.264149e+01 -4.656496e+00 1.336766e+02
      vertex   -4.269751e+01 7.843504e+00 1.342633e+02
    endloop
  endfacet
  facet normal -9.954719e-01 -0.000000e+00 -9.505604e-02
    outer loop
      vertex   -4.269751e+01 7.843504e+00 1.342633e+02
      vertex   -4.264149e+01 -4.656496e+00 1.336766e+02
      vertex   -4.269751e+01 -4.656496e+00 1.342633e+02
    endloop
  endfacet
  facet normal -9.594930e-01 -0.000000e+00 -2.817326e-01
    outer loop
      vertex   -4.269751e+01 7.843504e+00 1.342633e+02
      vertex   -4.269751e+01 -4.656496e+00 1.342633e+02
      vertex   -4.286355e+01 7.843504e+00 1.348288e+02
    endloop
  endfacet
  facet normal -9.594930e-01 5.454086e-16 -2.817326e-01
    outer loop
      vertex   -4.286355e+01 7.843504e+00 1.348288e+02
      vertex   -4.269751e+01 -4.656496e+00 1.342633e+02
      vertex   -4.286355e+01 -4.656496e+00 1.348288e+02
    endloop
  endfacet
  facet normal -8.888354e-01 5.052445e-16 -4.582265e-01
    outer loop
      vertex   -4.286355e+01 7.843504e+00 1.348288e+02
      vertex   -4.286355e+01 -4.656496e+00 1.348288e+02
      vertex   -4.313360e+01 7.843504e+00 1.353526e+02
    endloop
  endfacet
  facet normal -8.888354e-01 5.052445e-16 -4.582265e-01
    outer loop
      vertex   -4.313360e+01 7.843504e+00 1.353526e+02
      vertex   -4.286355e+01 -4.656496e+00 1.348288e+02
      vertex   -4.313360e+01 -4.656496e+00 1.353526e+02
    endloop
  endfacet
  facet normal -7.860531e-01 4.468195e-16 -6.181590e-01
    outer loop
      vertex   -4.313360e+01 7.843504e+00 1.353526e+02
      vertex   -4.313360e+01 -4.656496e+00 1.353526e+02
      vertex   -4.349791e+01 7.843504e+00 1.358159e+02
    endloop
  endfacet
  facet normal -7.860531e-01 8.936389e-16 -6.181590e-01
    outer loop
      vertex   -4.349791e+01 7.843504e+00 1.358159e+02
      vertex   -4.313360e+01 -4.656496e+00 1.353526e+02
      vertex   -4.349791e+01 -4.656496e+00 1.358159e+02
    endloop
  endfacet
  facet normal -6.548607e-01 7.444905e-16 -7.557496e-01
    outer loop
      vertex   -4.349791e+01 7.843504e+00 1.358159e+02
      vertex   -4.349791e+01 -4.656496e+00 1.358159e+02
      vertex   -4.394331e+01 7.843504e+00 1.362018e+02
    endloop
  endfacet
  facet normal -6.548607e-01 3.722452e-16 -7.557496e-01
    outer loop
      vertex   -4.394331e+01 7.843504e+00 1.362018e+02
      vertex   -4.349791e+01 -4.656496e+00 1.358159e+02
      vertex   -4.394331e+01 -4.656496e+00 1.362018e+02
    endloop
  endfacet
  facet normal -5.000000e-01 2.842171e-16 -8.660254e-01
    outer loop
      vertex   -4.394331e+01 7.843504e+00 1.362018e+02
      vertex   -4.394331e+01 -4.656496e+00 1.362018e+02
      vertex   -4.445370e+01 7.843504e+00 1.364965e+02
    endloop
  endfacet
  facet normal -5.000000e-01 2.842171e-16 -8.660254e-01
    outer loop
      vertex   -4.445370e+01 7.843504e+00 1.364965e+02
      vertex   -4.394331e+01 -4.656496e+00 1.362018e+02
      vertex   -4.445370e+01 -4.656496e+00 1.364965e+02
    endloop
  endfacet
  facet normal -3.270680e-01 1.859166e-16 -9.450008e-01
    outer loop
      vertex   -4.445370e+01 7.843504e+00 1.364965e+02
      vertex   -4.445370e+01 -4.656496e+00 1.364965e+02
      vertex   -4.501063e+01 7.843504e+00 1.366893e+02
    endloop
  endfacet
  facet normal -3.270680e-01 1.859166e-16 -9.450008e-01
    outer loop
      vertex   -4.501063e+01 7.843504e+00 1.366893e+02
      vertex   -4.445370e+01 -4.656496e+00 1.364965e+02
      vertex   -4.501063e+01 -4.656496e+00 1.366893e+02
    endloop
  endfacet
  facet normal -1.423148e-01 8.089662e-17 -9.898214e-01
    outer loop
      vertex   -4.501063e+01 7.843504e+00 1.366893e+02
      vertex   -4.501063e+01 -4.656496e+00 1.366893e+02
      vertex   -4.559398e+01 7.843504e+00 1.367731e+02
    endloop
  endfacet
  facet normal -1.423148e-01 -0.000000e+00 -9.898214e-01
    outer loop
      vertex   -4.559398e+01 7.843504e+00 1.367731e+02
      vertex   -4.501063e+01 -4.656496e+00 1.366893e+02
      vertex   -4.559398e+01 -4.656496e+00 1.367731e+02
    endloop
  endfacet
  facet normal 4.758192e-02 0.000000e+00 -9.988673e-01
    outer loop
      vertex   -4.559398e+01 7.843504e+00 1.367731e+02
      vertex   -4.559398e+01 -4.656496e+00 1.367731e+02
      vertex   -4.618266e+01 7.843504e+00 1.367451e+02
    endloop
  endfacet
  facet normal 4.758192e-02 0.000000e+00 -9.988673e-01
    outer loop
      vertex   -4.618266e+01 7.843504e+00 1.367451e+02
      vertex   -4.559398e+01 -4.656496e+00 1.367731e+02
      vertex   -4.618266e+01 -4.656496e+00 1.367451e+02
    endloop
  endfacet
  facet normal 2.357589e-01 0.000000e+00 -9.718116e-01
    outer loop
      vertex   -4.618266e+01 7.843504e+00 1.367451e+02
      vertex   -4.618266e+01 -4.656496e+00 1.367451e+02
      vertex   -4.675540e+01 7.843504e+00 1.366061e+02
    endloop
  endfacet
  facet normal 2.357589e-01 0.000000e+00 -9.718116e-01
    outer loop
      vertex   -4.675540e+01 7.843504e+00 1.366061e+02
      vertex   -4.618266e+01 -4.656496e+00 1.367451e+02
      vertex   -4.675540e+01 -4.656496e+00 1.366061e+02
    endloop
  endfacet
  facet normal 4.154150e-01 0.000000e+00 -9.096320e-01
    outer loop
      vertex   -4.675540e+01 7.843504e+00 1.366061e+02
      vertex   -4.675540e+01 -4.656496e+00 1.366061e+02
      vertex   -4.729149e+01 7.843504e+00 1.363613e+02
    endloop
  endfacet
  facet normal 4.154150e-01 0.000000e+00 -9.096320e-01
    outer loop
      vertex   -4.729149e+01 7.843504e+00 1.363613e+02
      vertex   -4.675540e+01 -4.656496e+00 1.366061e+02
      vertex   -4.729149e+01 -4.656496e+00 1.363613e+02
    endloop
  endfacet
  facet normal 5.800569e-01 0.000000e+00 -8.145760e-01
    outer loop
      vertex   -4.729149e+01 7.843504e+00 1.363613e+02
      vertex   -4.729149e+01 -4.656496e+00 1.363613e+02
      vertex   -4.777155e+01 7.843504e+00 1.360195e+02
    endloop
  endfacet
  facet normal 5.800569e-01 -3.297242e-16 -8.145760e-01
    outer loop
      vertex   -4.777155e+01 7.843504e+00 1.360195e+02
      vertex   -4.729149e+01 -4.656496e+00 1.363613e+02
      vertex   -4.777155e+01 -4.656496e+00 1.360195e+02
    endloop
  endfacet
  facet normal 7.237340e-01 -4.113952e-16 -6.900790e-01
    outer loop
      vertex   -4.777155e+01 7.843504e+00 1.360195e+02
      vertex   -4.777155e+01 -4.656496e+00 1.360195e+02
      vertex   -4.817825e+01 7.843504e+00 1.355929e+02
    endloop
  endfacet
  facet normal 7.237340e-01 0.000000e+00 -6.900790e-01
    outer loop
      vertex   -4.817825e+01 7.843504e+00 1.355929e+02
      vertex   -4.777155e+01 -4.656496e+00 1.360195e+02
      vertex   -4.817825e+01 -4.656496e+00 1.355929e+02
    endloop
  endfacet
  facet normal 8.412535e-01 0.000000e+00 -5.406408e-01
    outer loop
      vertex   -4.817825e+01 7.843504e+00 1.355929e+02
      vertex   -4.817825e+01 -4.656496e+00 1.355929e+02
      vertex   -4.849688e+01 7.843504e+00 1.350971e+02
    endloop
  endfacet
  facet normal 8.412535e-01 0.000000e+00 -5.406408e-01
    outer loop
      vertex   -4.849688e+01 7.843504e+00 1.350971e+02
      vertex   -4.817825e+01 -4.656496e+00 1.355929e+02
      vertex   -4.849688e+01 -4.656496e+00 1.350971e+02
    endloop
  endfacet
  facet normal 9.283679e-01 0.000000e+00 -3.716625e-01
    outer loop
      vertex   -4.849688e+01 7.843504e+00 1.350971e+02
      vertex   -4.849688e+01 -4.656496e+00 1.350971e+02
      vertex   -4.871591e+01 7.843504e+00 1.345500e+02
    endloop
  endfacet
  facet normal 9.283679e-01 -5.277161e-16 -3.716625e-01
    outer loop
      vertex   -4.871591e+01 7.843504e+00 1.345500e+02
      vertex   -4.849688e+01 -4.656496e+00 1.350971e+02
      vertex   -4.871591e+01 -4.656496e+00 1.345500e+02
    endloop
  endfacet
  facet normal 9.819287e-01 -5.581618e-16 -1.892512e-01
    outer loop
      vertex   -4.871591e+01 7.843504e+00 1.345500e+02
      vertex   -4.871591e+01 -4.656496e+00 1.345500e+02
      vertex   -4.882745e+01 7.843504e+00 1.339713e+02
    endloop
  endfacet
  facet normal 9.819287e-01 0.000000e+00 -1.892512e-01
    outer loop
      vertex   -4.882745e+01 7.843504e+00 1.339713e+02
      vertex   -4.871591e+01 -4.656496e+00 1.345500e+02
      vertex   -4.882745e+01 -4.656496e+00 1.339713e+02
    endloop
  endfacet
  facet normal 1.000000e+00 0.000000e+00 0.000000e+00
    outer loop
      vertex   -4.882745e+01 7.843504e+00 1.339713e+02
      vertex   -4.882745e+01 -4.656496e+00 1.339713e+02
      vertex   -4.882745e+01 7.843504e+00 1.333820e+02
    endloop
  endfacet
  facet normal 1.000000e+00 0.000000e+00 0.000000e+00
    outer loop
      vertex   -4.882745e+01 7.843504e+00 1.333820e+02
      vertex   -4.882745e+01 -4.656496e+00 1.339713e+02
      vertex   -4.882745e+01 -4.656496e+00 1.333820e+02
    endloop
  endfacet
  facet normal 9.819287e-01 0.000000e+00 1.892512e-01
    outer loop
      vertex   -4.882745e+01 7.843504e+00 1.333820e+02
      vertex   -4.882745e+01 -4.656496e+00 1.333820e+02
      vertex   -4.871591e+01 7.843504e+00 1.328033e+02
    endloop
  endfacet
  facet normal 9.819287e-01 -5.581618e-16 1.892512e-01
    outer loop
      vertex   -4.871591e+01 7.843504e+00 1.328033e+02
      vertex   -4.882745e+01 -4.656496e+00 1.333820e+02
      vertex   -4.871591e+01 -4.656496e+00 1.328033e+02
    endloop
  endfacet
  facet normal 9.283679e-01 -5.277161e-16 3.716625e-01
    outer loop
      vertex   -4.871591e+01 7.843504e+00 1.328033e+02
      vertex   -4.871591e+01 -4.656496e+00 1.328033e+02
      vertex   -4.849688e+01 7.843504e+00 1.322561e+02
    endloop
  endfacet
  facet normal 9.283679e-01 0.000000e+00 3.716625e-01
    outer loop
      vertex   -4.849688e+01 7.843504e+00 1.322561e+02
      vertex   -4.871591e+01 -4.656496e+00 1.328033e+02
      vertex   -4.849688e+01 -4.656496e+00 1.322561e+02
    endloop
  endfacet
  facet normal 8.412535e-01 0.000000e+00 5.406408e-01
    outer loop
      vertex   -4.849688e+01 7.843504e+00 1.322561e+02
      vertex   -4.849688e+01 -4.656496e+00 1.322561e+02
      vertex   -4.817825e+01 7.843504e+00 1.317603e+02
    endloop
  endfacet
  facet normal 8.412535e-01 0.000000e+00 5.406408e-01
    outer loop
      vertex   -4.817825e+01 7.843504e+00 1.317603e+02
      vertex   -4.849688e+01 -4.656496e+00 1.322561e+02
      vertex   -4.817825e+01 -4.656496e+00 1.317603e+02
    endloop
  endfacet
  facet normal 7.237340e-01 0.000000e+00 6.900790e-01
    outer loop
      vertex   -4.817825e+01 7.843504e+00 1.317603e+02
      vertex   -4.817825e+01 -4.656496e+00 1.317603e+02
      vertex   -4.777155e+01 7.843504e+00 1.313338e+02
    endloop
  endfacet
  facet normal 7.237340e-01 -4.113952e-16 6.900790e-01
    outer loop
      vertex   -4.777155e+01 7.843504e+00 1.313338e+02
      vertex   -4.817825e+01 -4.656496e+00 1.317603e+02
      vertex   -4.777155e+01 -4.656496e+00 1.313338e+02
    endloop
  endfacet
  facet normal 5.800569e-01 -3.297242e-16 8.145760e-01
    outer loop
      vertex   -4.777155e+01 7.843504e+00 1.313338e+02
      vertex   -4.777155e+01 -4.656496e+00 1.313338e+02
      vertex   -4.729149e+01 7.843504e+00 1.309920e+02
    endloop
  endfacet
  facet normal 5.800569e-01 0.000000e+00 8.145760e-01
    outer loop
      vertex   -4.729149e+01 7.843504e+00 1.309920e+02
      vertex   -4.777155e+01 -4.656496e+00 1.313338e+02
      vertex   -4.729149e+01 -4.656496e+00 1.309920e+02
    endloop
  endfacet
  facet normal 4.154150e-01 0.000000e+00 9.096320e-01
    outer loop
      vertex   -4.729149e+01 7.843504e+00 1.309920e+02
      vertex   -4.729149e+01 -4.656496e+00 1.309920e+02
      vertex   -4.675540e+01 7.843504e+00 1.307471e+02
    endloop
  endfacet
  facet normal 4.154150e-01 0.000000e+00 9.096320e-01
    outer loop
      vertex   -4.675540e+01 7.843504e+00 1.307471e+02
      vertex   -4.729149e+01 -4.656496e+00 1.309920e+02
      vertex   -4.675540e+01 -4.656496e+00 1.307471e+02
    endloop
  endfacet
  facet normal 2.357589e-01 0.000000e+00 9.718116e-01
    outer loop
      vertex   -4.675540e+01 7.843504e+00 1.307471e+02
      vertex   -4.675540e+01 -4.656496e+00 1.307471e+02
      vertex   -4.618266e+01 7.843504e+00 1.306082e+02
    endloop
  endfacet
  facet normal 2.357589e-01 0.000000e+00 9.718116e-01
    outer loop
      vertex   -4.618266e+01 7.843504e+00 1.306082e+02
      vertex   -4.675540e+01 -4.656496e+00 1.307471e+02
      vertex   -4.618266e+01 -4.656496e+00 1.306082e+02
    endloop
  endfacet
  facet normal 4.758192e-02 0.000000e+00 9.988673e-01
    outer loop
      vertex   -4.618266e+01 7.843504e+00 1.306082e+02
      vertex   -4.618266e+01 -4.656496e+00 1.306082e+02
      vertex   -4.559398e+01 7.843504e+00 1.305801e+02
    endloop
  endfacet
  facet normal 4.758192e-02 0.000000e+00 9.988673e-01
    outer loop
      vertex   -4.559398e+01 7.843504e+00 1.305801e+02
      vertex   -4.618266e+01 -4.656496e+00 1.306082e+02
      vertex   -4.559398e+01 -4.656496e+00 1.305801e+02
    endloop
  endfacet
  facet normal -1.423148e-01 0.000000e+00 9.898214e-01
    outer loop
      vertex   -4.559398e+01 7.843504e+00 1.305801e+02
      vertex   -4.559398e+01 -4.656496e+00 1.305801e+02
      vertex   -4.501063e+01 7.843504e+00 1.306640e+02
    endloop
  endfacet
  facet normal -1.423148e-01 8.089662e-17 9.898214e-01
    outer loop
      vertex   -4.501063e+01 7.843504e+00 1.306640e+02
      vertex   -4.559398e+01 -4.656496e+00 1.305801e+02
      vertex   -4.501063e+01 -4.656496e+00 1.306640e+02
    endloop
  endfacet
  facet normal -3.270680e-01 1.859166e-16 9.450008e-01
    outer loop
      vertex   -4.501063e+01 7.843504e+00 1.306640e+02
      vertex   -4.501063e+01 -4.656496e+00 1.306640e+02
      vertex   -4.445370e+01 7.843504e+00 1.308568e+02
    endloop
  endfacet
  facet normal -3.270680e-01 1.859166e-16 9.450008e-01
    outer loop
      vertex   -4.445370e+01 7.843504e+00 1.308568e+02
      vertex   -4.501063e+01 -4.656496e+00 1.306640e+02
      vertex   -4.445370e+01 -4.656496e+00 1.308568e+02
    endloop
  endfacet
  facet normal -5.000000e-01 2.842171e-16 8.660254e-01
    outer loop
      vertex   -4.445370e+01 7.843504e+00 1.308568e+02
      vertex   -4.445370e+01 -4.656496e+00 1.308568e+02
      vertex   -4.394331e+01 7.843504e+00 1.311515e+02
    endloop
  endfacet
  facet normal -5.000000e-01 2.842171e-16 8.660254e-01
    outer loop
      vertex   -4.394331e+01 7.843504e+00 1.311515e+02
      vertex   -4.445370e+01 -4.656496e+00 1.308568e+02
      vertex   -4.394331e+01 -4.656496e+00 1.311515e+02
    endloop
  endfacet
  facet normal -6.548607e-01 3.722452e-16 7.557496e-01
    outer loop
      vertex   -4.394331e+01 7.843504e+00 1.311515e+02
      vertex   -4.394331e+01 -4.656496e+00 1.311515e+02
      vertex   -4.349791e+01 7.843504e+00 1.315374e+02
    endloop
  endfacet
  facet normal -6.548607e-01 7.444905e-16 7.557496e-01
    outer loop
      vertex   -4.349791e+01 7.843504e+00 1.315374e+02
      vertex   -4.394331e+01 -4.656496e+00 1.311515e+02
      vertex   -4.349791e+01 -4.656496e+00 1.315374e+02
    endloop
  endfacet
  facet normal -7.860531e-01 8.936389e-16 6.181590e-01
    outer loop
      vertex   -4.349791e+01 7.843504e+00 1.315374e+02
      vertex   -4.349791e+01 -4.656496e+00 1.315374e+02
      vertex   -4.313360e+01 7.843504e+00 1.320006e+02
    endloop
  endfacet
  facet normal -7.860531e-01 0.000000e+00 6.181590e-01
    outer loop
      vertex   -4.313360e+01 7.843504e+00 1.320006e+02
      vertex   -4.349791e+01 -4.656496e+00 1.315374e+02
      vertex   -4.313360e+01 -4.656496e+00 1.320006e+02
    endloop
  endfacet
  facet normal -8.888354e-01 0.000000e+00 4.582265e-01
    outer loop
      vertex   -4.313360e+01 7.843504e+00 1.320006e+02
      vertex   -4.313360e+01 -4.656496e+00 1.320006e+02
      vertex   -4.286355e+01 7.843504e+00 1.325245e+02
    endloop
  endfacet
  facet normal -8.888354e-01 5.052445e-16 4.582265e-01
    outer loop
      vertex   -4.286355e+01 7.843504e+00 1.325245e+02
      vertex   -4.313360e+01 -4.656496e+00 1.320006e+02
      vertex   -4.286355e+01 -4.656496e+00 1.325245e+02
    endloop
  endfacet
  facet normal -9.594930e-01 5.454086e-16 2.817326e-01
    outer loop
      vertex   -4.286355e+01 7.843504e+00 1.325245e+02
      vertex   -4.286355e+01 -4.656496e+00 1.325245e+02
      vertex   -4.269751e+01 7.843504e+00 1.330900e+02
    endloop
  endfacet
  facet normal -9.594930e-01 0.000000e+00 2.817326e-01
    outer loop
      vertex   -4.269751e+01 7.843504e+00 1.330900e+02
      vertex   -4.286355e+01 -4.656496e+00 1.325245e+02
      vertex   -4.269751e+01 -4.656496e+00 1.330900e+02
    endloop
  endfacet
  facet normal 7.071068e-01 -7.071068e-01 0.000000e+00
    outer loop
      vertex   4.758513e+00 -1.715650e+01 1.306172e+02
      vertex   4.758513e+00 -1.715650e+01 1.147360e+02
      vertex   5.092129e+00 -1.682288e+01 1.305811e+02
    endloop
  endfacet
  facet normal 7.071068e-01 -7.071068e-01 -3.972671e-17
    outer loop
      vertex   5.092129e+00 -1.682288e+01 1.305811e+02
      vertex   4.758513e+00 -1.715650e+01 1.147360e+02
      vertex   5.092129e+00 -1.682288e+01 1.147722e+02
    endloop
  endfacet
  facet normal 7.071068e-01 -7.071068e-01 -3.972671e-17
    outer loop
      vertex   5.092129e+00 -1.682288e+01 1.305811e+02
      vertex   5.092129e+00 -1.682288e+01 1.147722e+02
      vertex   5.427693e+00 -1.648732e+01 1.305813e+02
    endloop
  endfacet
  facet normal 7.071068e-01 -7.071068e-01 -1.589038e-16
    outer loop
      vertex   5.427693e+00 -1.648732e+01 1.305813e+02
      vertex   5.092129e+00 -1.682288e+01 1.147722e+02
      vertex   5.427693e+00 -1.648732e+01 1.147720e+02
    endloop
  endfacet
  facet normal 7.071068e-01 -7.071068e-01 -1.589038e-16
    outer loop
      vertex   5.427693e+00 -1.648732e+01 1.305813e+02
      vertex   5.427693e+00 -1.648732e+01 1.147720e+02
      vertex   5.761276e+00 -1.615373e+01 1.306177e+02
    endloop
  endfacet
  facet normal 7.071068e-01 -7.071068e-01 7.908749e-17
    outer loop
      vertex   5.761276e+00 -1.615373e+01 1.306177e+02
      vertex   5.427693e+00 -1.648732e+01 1.147720e+02
      vertex   5.761276e+00 -1.615373e+01 1.147356e+02
    endloop
  endfacet
  facet normal 7.071068e-01 -7.071068e-01 7.908749e-17
    outer loop
      vertex   5.761276e+00 -1.615373e+01 1.306177e+02
      vertex   5.761276e+00 -1.615373e+01 1.147356e+02
      vertex   6.088967e+00 -1.582604e+01 1.306899e+02
    endloop
  endfacet
  facet normal 7.071068e-01 -7.071068e-01 0.000000e+00
    outer loop
      vertex   6.088967e+00 -1.582604e+01 1.306899e+02
      vertex   5.761276e+00 -1.615373e+01 1.147356e+02
      vertex   6.088967e+00 -1.582604e+01 1.146633e+02
    endloop
  endfacet
  facet normal 7.071068e-01 -7.071068e-01 0.000000e+00
    outer loop
      vertex   6.088967e+00 -1.582604e+01 1.306899e+02
      vertex   6.088967e+00 -1.582604e+01 1.146633e+02
      vertex   6.406928e+00 -1.550808e+01 1.307972e+02
    endloop
  endfacet
  facet normal 7.071068e-01 -7.071068e-01 0.000000e+00
    outer loop
      vertex   6.406928e+00 -1.550808e+01 1.307972e+02
      vertex   6.088967e+00 -1.582604e+01 1.146633e+02
      vertex   6.406928e+00 -1.550808e+01 1.145561e+02
    endloop
  endfacet
  facet normal 7.071068e-01 -7.071068e-01 0.000000e+00
    outer loop
      vertex   6.406928e+00 -1.550808e+01 1.307972e+02
      vertex   6.406928e+00 -1.550808e+01 1.145561e+02
      vertex   6.711432e+00 -1.520358e+01 1.309382e+02
    endloop
  endfacet
  facet normal 7.071068e-01 -7.071068e-01 0.000000e+00
    outer loop
      vertex   6.711432e+00 -1.520358e+01 1.309382e+02
      vertex   6.406928e+00 -1.550808e+01 1.145561e+02
      vertex   6.711432e+00 -1.520358e+01 1.144151e+02
    endloop
  endfacet
  facet normal 7.071068e-01 -7.071068e-01 0.000000e+00
    outer loop
      vertex   6.711432e+00 -1.520358e+01 1.309382e+02
      vertex   6.711432e+00 -1.520358e+01 1.144151e+02
      vertex   6.998912e+00 -1.491610e+01 1.311113e+02
    endloop
  endfacet
  facet normal 7.071068e-01 -7.071068e-01 0.000000e+00
    outer loop
      vertex   6.998912e+00 -1.491610e+01 1.311113e+02
      vertex   6.711432e+00 -1.520358e+01 1.144151e+02
      vertex   6.998912e+00 -1.491610e+01 1.142420e+02
    endloop
  endfacet
  facet normal 7.071068e-01 -7.071068e-01 0.000000e+00
    outer loop
      vertex   6.998912e+00 -1.491610e+01 1.311113e+02
      vertex   6.998912e+00 -1.491610e+01 1.142420e+02
      vertex   7.265999e+00 -1.464901e+01 1.313144e+02
    endloop
  endfacet
  facet normal 7.071068e-01 -7.071068e-01 0.000000e+00
    outer loop
      vertex   7.265999e+00 -1.464901e+01 1.313144e+02
      vertex   6.998912e+00 -1.491610e+01 1.142420e+02
      vertex   7.265999e+00 -1.464901e+01 1.140388e+02
    endloop
  endfacet
  facet normal 7.071068e-01 -7.071068e-01 0.000000e+00
    outer loop
      vertex   7.265999e+00 -1.464901e+01 1.313144e+02
      vertex   7.265999e+00 -1.464901e+01 1.140388e+02
      vertex   7.509564e+00 -1.440545e+01 1.315453e+02
    endloop
  endfacet
  facet normal 7.071068e-01 -7.071068e-01 3.540781e-17
    outer loop
      vertex   7.509564e+00 -1.440545e+01 1.315453e+02
      vertex   7.265999e+00 -1.464901e+01 1.140388e+02
      vertex   7.509564e+00 -1.440545e+01 1.138080e+02
    endloop
  endfacet
  facet normal 7.071068e-01 -7.071068e-01 3.540781e-17
    outer loop
      vertex   7.509564e+00 -1.440545e+01 1.315453e+02
      vertex   7.509564e+00 -1.440545e+01 1.138080e+02
      vertex   7.726752e+00 -1.418826e+01 1.318011e+02
    endloop
  endfacet
  facet normal 7.071068e-01 -7.071068e-01 0.000000e+00
    outer loop
      vertex   7.726752e+00 -1.418826e+01 1.318011e+02
      vertex   7.509564e+00 -1.440545e+01 1.138080e+02
      vertex   7.726752e+00 -1.418826e+01 1.135522e+02
    endloop
  endfacet
  facet normal 7.071068e-01 -7.071068e-01 0.000000e+00
    outer loop
      vertex   7.726752e+00 -1.418826e+01 1.318011e+02
      vertex   7.726752e+00 -1.418826e+01 1.135522e+02
      vertex   7.915019e+00 -1.399999e+01 1.320788e+02
    endloop
  endfacet
  facet normal 7.071068e-01 -7.071068e-01 -6.679684e-17
    outer loop
      vertex   7.915019e+00 -1.399999e+01 1.320788e+02
      vertex   7.726752e+00 -1.418826e+01 1.135522e+02
      vertex   7.915019e+00 -1.399999e+01 1.132744e+02
    endloop
  endfacet
  facet normal 7.071068e-01 -7.071068e-01 -6.679684e-17
    outer loop
      vertex   7.915019e+00 -1.399999e+01 1.320788e+02
      vertex   7.915019e+00 -1.399999e+01 1.132744e+02
      vertex   8.072159e+00 -1.384285e+01 1.323753e+02
    endloop
  endfacet
  facet normal 7.071068e-01 -7.071068e-01 -6.475480e-17
    outer loop
      vertex   8.072159e+00 -1.384285e+01 1.323753e+02
      vertex   7.915019e+00 -1.399999e+01 1.132744e+02
      vertex   8.072159e+00 -1.384285e+01 1.129779e+02
    endloop
  endfacet
  facet normal 7.071068e-01 -7.071068e-01 -6.475480e-17
    outer loop
      vertex   8.072159e+00 -1.384285e+01 1.323753e+02
      vertex   8.072159e+00 -1.384285e+01 1.129779e+02
      vertex   8.196331e+00 -1.371868e+01 1.326871e+02
    endloop
  endfacet
  facet normal 7.071068e-01 -7.071068e-01 1.254764e-16
    outer loop
      vertex   8.196331e+00 -1.371868e+01 1.326871e+02
      vertex   8.072159e+00 -1.384285e+01 1.129779e+02
      vertex   8.196331e+00 -1.371868e+01 1.126662e+02
    endloop
  endfacet
  facet normal 7.071068e-01 -7.071068e-01 1.254764e-16
    outer loop
      vertex   8.196331e+00 -1.371868e+01 1.326871e+02
      vertex   8.196331e+00 -1.371868e+01 1.126662e+02
      vertex   8.286079e+00 -1.362893e+01 1.330104e+02
    endloop
  endfacet
  facet normal 7.071068e-01 -7.071068e-01 6.077514e-17
    outer loop
      vertex   8.286079e+00 -1.362893e+01 1.330104e+02
      vertex   8.196331e+00 -1.371868e+01 1.126662e+02
      vertex   8.286079e+00 -1.362893e+01 1.123429e+02
    endloop
  endfacet
  facet normal 7.071068e-01 -7.071068e-01 6.077514e-17
    outer loop
      vertex   8.286079e+00 -1.362893e+01 1.330104e+02
      vertex   8.286079e+00 -1.362893e+01 1.123429e+02
      vertex   8.340351e+00 -1.357466e+01 1.333416e+02
    endloop
  endfacet
  facet normal 7.071068e-01 -7.071068e-01 5.888807e-17
    outer loop
      vertex   8.340351e+00 -1.357466e+01 1.333416e+02
      vertex   8.286079e+00 -1.362893e+01 1.123429e+02
      vertex   8.340351e+00 -1.357466e+01 1.120117e+02
    endloop
  endfacet
  facet normal 7.071068e-01 -7.071068e-01 5.888807e-17
    outer loop
      vertex   8.340351e+00 -1.357466e+01 1.333416e+02
      vertex   8.340351e+00 -1.357466e+01 1.120117e+02
      vertex   1.225851e+01 -9.656496e+00 1.401766e+02
    endloop
  endfacet
  facet normal 7.071068e-01 -7.071068e-01 0.000000e+00
    outer loop
      vertex   1.225851e+01 -9.656496e+00 1.401766e+02
      vertex   8.340351e+00 -1.357466e+01 1.120117e+02
      vertex   1.225851e+01 -9.656496e+00 1.051766e+02
    endloop
  endfacet
  facet normal 7.071068e-01 -7.071068e-01 0.000000e+00
    outer loop
      vertex   1.225851e+01 -9.656496e+00 1.051766e+02
      vertex   8.340351e+00 -1.357466e+01 1.120117e+02
      vertex   8.358513e+00 -1.355650e+01 1.116766e+02
    endloop
  endfacet
  facet normal 7.071068e-01 -7.071068e-01 0.000000e+00
    outer loop
      vertex   1.225851e+01 -9.656496e+00 1.051766e+02
      vertex   8.358513e+00 -1.355650e+01 1.116766e+02
      vertex   8.340351e+00 -1.357466e+01 1.113416e+02
    endloop
  endfacet
  facet normal 7.071068e-01 -7.071068e-01 3.054420e-15
    outer loop
      vertex   8.340351e+00 -1.357466e+01 1.113416e+02
      vertex   8.286079e+00 -1.362893e+01 1.110104e+02
      vertex   1.225851e+01 -9.656496e+00 1.051766e+02
    endloop
  endfacet
  facet normal 7.071068e-01 -7.071068e-01 0.000000e+00
    outer loop
      vertex   1.225851e+01 -9.656496e+00 1.051766e+02
      vertex   8.286079e+00 -1.362893e+01 1.110104e+02
      vertex   8.196331e+00 -1.371868e+01 1.106871e+02
    endloop
  endfacet
  facet normal 7.071068e-01 -7.071068e-01 -5.151523e-15
    outer loop
      vertex   1.225851e+01 -9.656496e+00 1.051766e+02
      vertex   8.196331e+00 -1.371868e+01 1.106871e+02
      vertex   8.072159e+00 -1.384285e+01 1.103753e+02
    endloop
  endfacet
  facet normal 7.071068e-01 -7.071068e-01 1.907150e-16
    outer loop
      vertex   8.072159e+00 -1.384285e+01 1.103753e+02
      vertex   7.915019e+00 -1.399999e+01 1.100788e+02
      vertex   1.225851e+01 -9.656496e+00 1.051766e+02
    endloop
  endfacet
  facet normal 7.071068e-01 -7.071068e-01 -2.359446e-15
    outer loop
      vertex   1.225851e+01 -9.656496e+00 1.051766e+02
      vertex   7.915019e+00 -1.399999e+01 1.100788e+02
      vertex   7.726752e+00 -1.418826e+01 1.098011e+02
    endloop
  endfacet
  facet normal 7.071068e-01 -7.071068e-01 5.805511e-15
    outer loop
      vertex   1.225851e+01 -9.656496e+00 1.051766e+02
      vertex   7.726752e+00 -1.418826e+01 1.098011e+02
      vertex   7.509564e+00 -1.440545e+01 1.095453e+02
    endloop
  endfacet
  facet normal 7.071068e-01 -7.071068e-01 -2.616558e-15
    outer loop
      vertex   7.509564e+00 -1.440545e+01 1.095453e+02
      vertex   7.265999e+00 -1.464901e+01 1.093144e+02
      vertex   1.225851e+01 -9.656496e+00 1.051766e+02
    endloop
  endfacet
  facet normal 7.071068e-01 -7.071068e-01 1.376143e-14
    outer loop
      vertex   1.225851e+01 -9.656496e+00 1.051766e+02
      vertex   7.265999e+00 -1.464901e+01 1.093144e+02
      vertex   4.758513e+00 -1.715650e+01 1.051766e+02
    endloop
  endfacet
  facet normal 7.071068e-01 -7.071068e-01 4.005830e-14
    outer loop
      vertex   4.758513e+00 -1.715650e+01 1.051766e+02
      vertex   7.265999e+00 -1.464901e+01 1.093144e+02
      vertex   6.998912e+00 -1.491610e+01 1.091113e+02
    endloop
  endfacet
  facet normal 7.071068e-01 -7.071068e-01 2.788084e-14
    outer loop
      vertex   4.758513e+00 -1.715650e+01 1.051766e+02
      vertex   6.998912e+00 -1.491610e+01 1.091113e+02
      vertex   6.711432e+00 -1.520358e+01 1.089382e+02
    endloop
  endfacet
  facet normal 7.071068e-01 -7.071068e-01 3.203158e-14
    outer loop
      vertex   6.711432e+00 -1.520358e+01 1.089382e+02
      vertex   6.406928e+00 -1.550808e+01 1.087972e+02
      vertex   4.758513e+00 -1.715650e+01 1.051766e+02
    endloop
  endfacet
  facet normal 7.071068e-01 -7.071068e-01 2.997134e-14
    outer loop
      vertex   4.758513e+00 -1.715650e+01 1.051766e+02
      vertex   6.406928e+00 -1.550808e+01 1.087972e+02
      vertex   6.088967e+00 -1.582604e+01 1.086899e+02
    endloop
  endfacet
  facet normal 7.071068e-01 -7.071068e-01 2.678486e-14
    outer loop
      vertex   4.758513e+00 -1.715650e+01 1.051766e+02
      vertex   6.088967e+00 -1.582604e+01 1.086899e+02
      vertex   5.761276e+00 -1.615373e+01 1.086177e+02
    endloop
  endfacet
  facet normal 7.071068e-01 -7.071068e-01 2.355811e-14
    outer loop
      vertex   5.761276e+00 -1.615373e+01 1.086177e+02
      vertex   5.427693e+00 -1.648732e+01 1.085813e+02
      vertex   4.758513e+00 -1.715650e+01 1.051766e+02
    endloop
  endfacet
  facet normal 7.071068e-01 -7.071068e-01 2.601085e-14
    outer loop
      vertex   4.758513e+00 -1.715650e+01 1.051766e+02
      vertex   5.427693e+00 -1.648732e+01 1.085813e+02
      vertex   5.092129e+00 -1.682288e+01 1.085811e+02
    endloop
  endfacet
  facet normal 7.071068e-01 -7.071068e-01 2.519020e-14
    outer loop
      vertex   4.758513e+00 -1.715650e+01 1.051766e+02
      vertex   5.092129e+00 -1.682288e+01 1.085811e+02
      vertex   4.758513e+00 -1.715650e+01 1.086172e+02
    endloop
  endfacet
  facet normal 7.071068e-01 -7.071068e-01 -6.071220e-15
    outer loop
      vertex   4.758513e+00 -1.715650e+01 1.401766e+02
      vertex   7.265999e+00 -1.464901e+01 1.360388e+02
      vertex   1.225851e+01 -9.656496e+00 1.401766e+02
    endloop
  endfacet
  facet normal 7.071068e-01 -7.071068e-01 -2.325830e-15
    outer loop
      vertex   1.225851e+01 -9.656496e+00 1.401766e+02
      vertex   7.265999e+00 -1.464901e+01 1.360388e+02
      vertex   7.509564e+00 -1.440545e+01 1.358080e+02
    endloop
  endfacet
  facet normal 7.071068e-01 -7.071068e-01 2.322204e-15
    outer loop
      vertex   1.225851e+01 -9.656496e+00 1.401766e+02
      vertex   7.509564e+00 -1.440545e+01 1.358080e+02
      vertex   7.726752e+00 -1.418826e+01 1.355522e+02
    endloop
  endfacet
  facet normal 7.071068e-01 -7.071068e-01 -1.149987e-14
    outer loop
      vertex   4.758513e+00 -1.715650e+01 1.367360e+02
      vertex   5.092129e+00 -1.682288e+01 1.367722e+02
      vertex   4.758513e+00 -1.715650e+01 1.401766e+02
    endloop
  endfacet
  facet normal 7.071068e-01 -7.071068e-01 -1.181999e-14
    outer loop
      vertex   4.758513e+00 -1.715650e+01 1.401766e+02
      vertex   5.092129e+00 -1.682288e+01 1.367722e+02
      vertex   5.427693e+00 -1.648732e+01 1.367720e+02
    endloop
  endfacet
  facet normal 7.071068e-01 -7.071068e-01 -1.172608e-14
    outer loop
      vertex   4.758513e+00 -1.715650e+01 1.401766e+02
      vertex   5.427693e+00 -1.648732e+01 1.367720e+02
      vertex   5.761276e+00 -1.615373e+01 1.367356e+02
    endloop
  endfacet
  facet normal 7.071068e-01 -7.071068e-01 -1.209039e-14
    outer loop
      vertex   5.761276e+00 -1.615373e+01 1.367356e+02
      vertex   6.088967e+00 -1.582604e+01 1.366633e+02
      vertex   4.758513e+00 -1.715650e+01 1.401766e+02
    endloop
  endfacet
  facet normal 7.071068e-01 -7.071068e-01 -1.546908e-14
    outer loop
      vertex   4.758513e+00 -1.715650e+01 1.401766e+02
      vertex   6.088967e+00 -1.582604e+01 1.366633e+02
      vertex   6.406928e+00 -1.550808e+01 1.365561e+02
    endloop
  endfacet
  facet normal 7.071068e-01 -7.071068e-01 -1.299309e-14
    outer loop
      vertex   4.758513e+00 -1.715650e+01 1.401766e+02
      vertex   6.406928e+00 -1.550808e+01 1.365561e+02
      vertex   6.711432e+00 -1.520358e+01 1.364151e+02
    endloop
  endfacet
  facet normal 7.071068e-01 -7.071068e-01 -1.594699e-14
    outer loop
      vertex   6.711432e+00 -1.520358e+01 1.364151e+02
      vertex   6.998912e+00 -1.491610e+01 1.362420e+02
      vertex   4.758513e+00 -1.715650e+01 1.401766e+02
    endloop
  endfacet
  facet normal 7.071068e-01 -7.071068e-01 -1.475832e-14
    outer loop
      vertex   4.758513e+00 -1.715650e+01 1.401766e+02
      vertex   6.998912e+00 -1.491610e+01 1.362420e+02
      vertex   7.265999e+00 -1.464901e+01 1.360388e+02
    endloop
  endfacet
  facet normal 7.071068e-01 -7.071068e-01 1.216589e-15
    outer loop
      vertex   7.726752e+00 -1.418826e+01 1.355522e+02
      vertex   7.915019e+00 -1.399999e+01 1.352744e+02
      vertex   1.225851e+01 -9.656496e+00 1.401766e+02
    endloop
  endfacet
  facet normal 7.071068e-01 -7.071068e-01 -2.441152e-15
    outer loop
      vertex   1.225851e+01 -9.656496e+00 1.401766e+02
      vertex   7.915019e+00 -1.399999e+01 1.352744e+02
      vertex   8.072159e+00 -1.384285e+01 1.349779e+02
    endloop
  endfacet
  facet normal 7.071068e-01 -7.071068e-01 -2.575762e-15
    outer loop
      vertex   1.225851e+01 -9.656496e+00 1.401766e+02
      vertex   8.072159e+00 -1.384285e+01 1.349779e+02
      vertex   8.196331e+00 -1.371868e+01 1.346662e+02
    endloop
  endfacet
  facet normal 7.071068e-01 -7.071068e-01 2.692055e-15
    outer loop
      vertex   8.196331e+00 -1.371868e+01 1.346662e+02
      vertex   8.286079e+00 -1.362893e+01 1.343429e+02
      vertex   1.225851e+01 -9.656496e+00 1.401766e+02
    endloop
  endfacet
  facet normal 7.071068e-01 -7.071068e-01 0.000000e+00
    outer loop
      vertex   1.225851e+01 -9.656496e+00 1.401766e+02
      vertex   8.286079e+00 -1.362893e+01 1.343429e+02
      vertex   8.340351e+00 -1.357466e+01 1.340117e+02
    endloop
  endfacet
  facet normal 7.071068e-01 -7.071068e-01 -3.526225e-15
    outer loop
      vertex   1.225851e+01 -9.656496e+00 1.401766e+02
      vertex   8.340351e+00 -1.357466e+01 1.340117e+02
      vertex   8.358513e+00 -1.355650e+01 1.336766e+02
    endloop
  endfacet
  facet normal 7.071068e-01 -7.071068e-01 4.127539e-17
    outer loop
      vertex   8.358513e+00 -1.355650e+01 1.336766e+02
      vertex   8.340351e+00 -1.357466e+01 1.333416e+02
      vertex   1.225851e+01 -9.656496e+00 1.401766e+02
    endloop
  endfacet
  facet normal 0.000000e+00 0.000000e+00 1.000000e+00
    outer loop
      vertex   1.225851e+01 -9.656496e+00 1.401766e+02
      vertex   -6.173976e+00 -4.171285e+00 1.401766e+02
      vertex   4.758513e+00 -1.715650e+01 1.401766e+02
    endloop
  endfacet
  facet normal 0.000000e+00 0.000000e+00 1.000000e+00
    outer loop
      vertex   4.758513e+00 -1.715650e+01 1.401766e+02
      vertex   -6.173976e+00 -4.171285e+00 1.401766e+02
      vertex   -7.160011e+00 -5.237972e+00 1.401766e+02
    endloop
  endfacet
  facet normal 0.000000e+00 0.000000e+00 1.000000e+00
    outer loop
      vertex   4.758513e+00 -1.715650e+01 1.401766e+02
      vertex   -7.160011e+00 -5.237972e+00 1.401766e+02
      vertex   -8.226698e+00 -6.224007e+00 1.401766e+02
    endloop
  endfacet
  facet normal -1.906799e-15 5.806553e-31 1.000000e+00
    outer loop
      vertex   1.225851e+01 7.843504e+00 1.401766e+02
      vertex   -2.646941e+00 2.126689e+00 1.401766e+02
      vertex   1.225851e+01 -9.656496e+00 1.401766e+02
    endloop
  endfacet
  facet normal 1.128767e-14 1.669069e-14 1.000000e+00
    outer loop
      vertex   1.225851e+01 -9.656496e+00 1.401766e+02
      vertex   -2.646941e+00 2.126689e+00 1.401766e+02
      vertex   -3.149715e+00 7.638601e-01 1.401766e+02
    endloop
  endfacet
  facet normal 0.000000e+00 0.000000e+00 1.000000e+00
    outer loop
      vertex   1.225851e+01 -9.656496e+00 1.401766e+02
      vertex   -3.149715e+00 7.638601e-01 1.401766e+02
      vertex   -3.757866e+00 -5.553207e-01 1.401766e+02
    endloop
  endfacet
  facet normal -4.060244e-15 1.974054e-14 1.000000e+00
    outer loop
      vertex   -1.741487e+00 7.843504e+00 1.401766e+02
      vertex   -1.798516e+00 6.392010e+00 1.401766e+02
      vertex   1.225851e+01 7.843504e+00 1.401766e+02
    endloop
  endfacet
  facet normal -2.046902e-15 2.422668e-16 1.000000e+00
    outer loop
      vertex   1.225851e+01 7.843504e+00 1.401766e+02
      vertex   -1.798516e+00 6.392010e+00 1.401766e+02
      vertex   -1.969252e+00 4.949466e+00 1.401766e+02
    endloop
  endfacet
  facet normal -2.081855e-15 4.141068e-16 1.000000e+00
    outer loop
      vertex   1.225851e+01 7.843504e+00 1.401766e+02
      vertex   -1.969252e+00 4.949466e+00 1.401766e+02
      vertex   -2.252643e+00 3.524764e+00 1.401766e+02
    endloop
  endfacet
  facet normal -2.138072e-15 6.029988e-16 1.000000e+00
    outer loop
      vertex   -2.252643e+00 3.524764e+00 1.401766e+02
      vertex   -2.646941e+00 2.126689e+00 1.401766e+02
      vertex   1.225851e+01 7.843504e+00 1.401766e+02
    endloop
  endfacet
  facet normal 0.000000e+00 0.000000e+00 1.000000e+00
    outer loop
      vertex   -3.757866e+00 -5.553207e-01 1.401766e+02
      vertex   -4.467644e+00 -1.822720e+00 1.401766e+02
      vertex   1.225851e+01 -9.656496e+00 1.401766e+02
    endloop
  endfacet
  facet normal 0.000000e+00 0.000000e+00 1.000000e+00
    outer loop
      vertex   1.225851e+01 -9.656496e+00 1.401766e+02
      vertex   -4.467644e+00 -1.822720e+00 1.401766e+02
      vertex   -5.274672e+00 -3.030524e+00 1.401766e+02
    endloop
  endfacet
  facet normal 0.000000e+00 0.000000e+00 1.000000e+00
    outer loop
      vertex   1.225851e+01 -9.656496e+00 1.401766e+02
      vertex   -5.274672e+00 -3.030524e+00 1.401766e+02
      vertex   -6.173976e+00 -4.171285e+00 1.401766e+02
    endloop
  endfacet
  facet normal 0.000000e+00 0.000000e+00 1.000000e+00
    outer loop
      vertex   -8.226698e+00 -6.224007e+00 1.401766e+02
      vertex   -9.367459e+00 -7.123311e+00 1.401766e+02
      vertex   4.758513e+00 -1.715650e+01 1.401766e+02
    endloop
  endfacet
  facet normal 0.000000e+00 0.000000e+00 1.000000e+00
    outer loop
      vertex   4.758513e+00 -1.715650e+01 1.401766e+02
      vertex   -9.367459e+00 -7.123311e+00 1.401766e+02
      vertex   -1.057526e+01 -7.930339e+00 1.401766e+02
    endloop
  endfacet
  facet normal 0.000000e+00 0.000000e+00 1.000000e+00
    outer loop
      vertex   4.758513e+00 -1.715650e+01 1.401766e+02
      vertex   -1.057526e+01 -7.930339e+00 1.401766e+02
      vertex   -1.184266e+01 -8.640117e+00 1.401766e+02
    endloop
  endfacet
  facet normal 0.000000e+00 0.000000e+00 1.000000e+00
    outer loop
      vertex   -1.184266e+01 -8.640117e+00 1.401766e+02
      vertex   -1.316184e+01 -9.248268e+00 1.401766e+02
      vertex   4.758513e+00 -1.715650e+01 1.401766e+02
    endloop
  endfacet
  facet normal 0.000000e+00 0.000000e+00 1.000000e+00
    outer loop
      vertex   4.758513e+00 -1.715650e+01 1.401766e+02
      vertex   -1.316184e+01 -9.248268e+00 1.401766e+02
      vertex   -1.452467e+01 -9.751042e+00 1.401766e+02
    endloop
  endfacet
  facet normal 0.000000e+00 0.000000e+00 1.000000e+00
    outer loop
      vertex   4.758513e+00 -1.715650e+01 1.401766e+02
      vertex   -1.452467e+01 -9.751042e+00 1.401766e+02
      vertex   -1.592275e+01 -1.014534e+01 1.401766e+02
    endloop
  endfacet
  facet normal 0.000000e+00 0.000000e+00 1.000000e+00
    outer loop
      vertex   -1.592275e+01 -1.014534e+01 1.401766e+02
      vertex   -1.734745e+01 -1.042873e+01 1.401766e+02
      vertex   4.758513e+00 -1.715650e+01 1.401766e+02
    endloop
  endfacet
  facet normal 2.912428e-16 9.569599e-16 1.000000e+00
    outer loop
      vertex   4.758513e+00 -1.715650e+01 1.401766e+02
      vertex   -1.734745e+01 -1.042873e+01 1.401766e+02
      vertex   4.758513e+00 -4.685650e+01 1.401766e+02
    endloop
  endfacet
  facet normal -8.615704e-17 7.279372e-16 1.000000e+00
    outer loop
      vertex   4.758513e+00 -4.685650e+01 1.401766e+02
      vertex   -1.734745e+01 -1.042873e+01 1.401766e+02
      vertex   -1.878999e+01 -1.059947e+01 1.401766e+02
    endloop
  endfacet
  facet normal -3.003293e-17 7.643891e-16 1.000000e+00
    outer loop
      vertex   4.758513e+00 -4.685650e+01 1.401766e+02
      vertex   -1.878999e+01 -1.059947e+01 1.401766e+02
      vertex   -2.024149e+01 -1.065650e+01 1.401766e+02
    endloop
  endfacet
  facet normal 3.347211e-31 7.851301e-16 1.000000e+00
    outer loop
      vertex   4.758513e+00 -4.685650e+01 1.401766e+02
      vertex   -2.024149e+01 -1.065650e+01 1.401766e+02
      vertex   -4.524149e+01 -4.685650e+01 1.401766e+02
    endloop
  endfacet
  facet normal 3.003293e-17 7.643891e-16 1.000000e+00
    outer loop
      vertex   -4.524149e+01 -4.685650e+01 1.401766e+02
      vertex   -2.024149e+01 -1.065650e+01 1.401766e+02
      vertex   -2.169298e+01 -1.059947e+01 1.401766e+02
    endloop
  endfacet
  facet normal 8.615704e-17 7.279372e-16 1.000000e+00
    outer loop
      vertex   -4.524149e+01 -4.685650e+01 1.401766e+02
      vertex   -2.169298e+01 -1.059947e+01 1.401766e+02
      vertex   -2.313552e+01 -1.042873e+01 1.401766e+02
    endloop
  endfacet
  facet normal -2.912428e-16 9.569599e-16 1.000000e+00
    outer loop
      vertex   -4.524149e+01 -4.685650e+01 1.401766e+02
      vertex   -2.313552e+01 -1.042873e+01 1.401766e+02
      vertex   -4.524149e+01 -1.715650e+01 1.401766e+02
    endloop
  endfacet
  facet normal 0.000000e+00 0.000000e+00 1.000000e+00
    outer loop
      vertex   -4.524149e+01 -1.715650e+01 1.401766e+02
      vertex   -2.313552e+01 -1.042873e+01 1.401766e+02
      vertex   -2.456023e+01 -1.014534e+01 1.401766e+02
    endloop
  endfacet
  facet normal 0.000000e+00 0.000000e+00 1.000000e+00
    outer loop
      vertex   -4.524149e+01 -1.715650e+01 1.401766e+02
      vertex   -2.456023e+01 -1.014534e+01 1.401766e+02
      vertex   -2.595830e+01 -9.751042e+00 1.401766e+02
    endloop
  endfacet
  facet normal 0.000000e+00 0.000000e+00 1.000000e+00
    outer loop
      vertex   -2.595830e+01 -9.751042e+00 1.401766e+02
      vertex   -2.732113e+01 -9.248268e+00 1.401766e+02
      vertex   -4.524149e+01 -1.715650e+01 1.401766e+02
    endloop
  endfacet
  facet normal 0.000000e+00 0.000000e+00 1.000000e+00
    outer loop
      vertex   -4.524149e+01 -1.715650e+01 1.401766e+02
      vertex   -2.732113e+01 -9.248268e+00 1.401766e+02
      vertex   -2.864031e+01 -8.640117e+00 1.401766e+02
    endloop
  endfacet
  facet normal 0.000000e+00 0.000000e+00 1.000000e+00
    outer loop
      vertex   -4.524149e+01 -1.715650e+01 1.401766e+02
      vertex   -2.864031e+01 -8.640117e+00 1.401766e+02
      vertex   -2.990771e+01 -7.930339e+00 1.401766e+02
    endloop
  endfacet
  facet normal 0.000000e+00 0.000000e+00 1.000000e+00
    outer loop
      vertex   -2.990771e+01 -7.930339e+00 1.401766e+02
      vertex   -3.111551e+01 -7.123311e+00 1.401766e+02
      vertex   -4.524149e+01 -1.715650e+01 1.401766e+02
    endloop
  endfacet
  facet normal 0.000000e+00 0.000000e+00 1.000000e+00
    outer loop
      vertex   -4.524149e+01 -1.715650e+01 1.401766e+02
      vertex   -3.111551e+01 -7.123311e+00 1.401766e+02
      vertex   -3.225628e+01 -6.224007e+00 1.401766e+02
    endloop
  endfacet
  facet normal 0.000000e+00 0.000000e+00 1.000000e+00
    outer loop
      vertex   -4.524149e+01 -1.715650e+01 1.401766e+02
      vertex   -3.225628e+01 -6.224007e+00 1.401766e+02
      vertex   -3.332296e+01 -5.237972e+00 1.401766e+02
    endloop
  endfacet
  facet normal 0.000000e+00 0.000000e+00 1.000000e+00
    outer loop
      vertex   -3.332296e+01 -5.237972e+00 1.401766e+02
      vertex   -3.430900e+01 -4.171285e+00 1.401766e+02
      vertex   -4.524149e+01 -1.715650e+01 1.401766e+02
    endloop
  endfacet
  facet normal 0.000000e+00 -0.000000e+00 1.000000e+00
    outer loop
      vertex   -4.524149e+01 -1.715650e+01 1.401766e+02
      vertex   -3.430900e+01 -4.171285e+00 1.401766e+02
      vertex   -5.274149e+01 -9.656496e+00 1.401766e+02
    endloop
  endfacet
  facet normal 0.000000e+00 0.000000e+00 1.000000e+00
    outer loop
      vertex   -5.274149e+01 -9.656496e+00 1.401766e+02
      vertex   -3.430900e+01 -4.171285e+00 1.401766e+02
      vertex   -3.520830e+01 -3.030524e+00 1.401766e+02
    endloop
  endfacet
  facet normal 0.000000e+00 0.000000e+00 1.000000e+00
    outer loop
      vertex   -5.274149e+01 -9.656496e+00 1.401766e+02
      vertex   -3.520830e+01 -3.030524e+00 1.401766e+02
      vertex   -3.601533e+01 -1.822720e+00 1.401766e+02
    endloop
  endfacet
  facet normal 0.000000e+00 0.000000e+00 1.000000e+00
    outer loop
      vertex   -3.601533e+01 -1.822720e+00 1.401766e+02
      vertex   -3.672511e+01 -5.553207e-01 1.401766e+02
      vertex   -5.274149e+01 -9.656496e+00 1.401766e+02
    endloop
  endfacet
  facet normal 0.000000e+00 0.000000e+00 1.000000e+00
    outer loop
      vertex   -5.274149e+01 -9.656496e+00 1.401766e+02
      vertex   -3.672511e+01 -5.553207e-01 1.401766e+02
      vertex   -3.733326e+01 7.638601e-01 1.401766e+02
    endloop
  endfacet
  facet normal -1.128767e-14 1.669069e-14 1.000000e+00
    outer loop
      vertex   -5.274149e+01 -9.656496e+00 1.401766e+02
      vertex   -3.733326e+01 7.638601e-01 1.401766e+02
      vertex   -3.783603e+01 2.126689e+00 1.401766e+02
    endloop
  endfacet
  facet normal 1.906799e-15 -7.742071e-31 1.000000e+00
    outer loop
      vertex   -5.274149e+01 -9.656496e+00 1.401766e+02
      vertex   -3.783603e+01 2.126689e+00 1.401766e+02
      vertex   -5.274149e+01 7.843504e+00 1.401766e+02
    endloop
  endfacet
  facet normal 2.138072e-15 6.029988e-16 1.000000e+00
    outer loop
      vertex   -5.274149e+01 7.843504e+00 1.401766e+02
      vertex   -3.783603e+01 2.126689e+00 1.401766e+02
      vertex   -3.823033e+01 3.524764e+00 1.401766e+02
    endloop
  endfacet
  facet normal 2.081855e-15 4.141068e-16 1.000000e+00
    outer loop
      vertex   -5.274149e+01 7.843504e+00 1.401766e+02
      vertex   -3.823033e+01 3.524764e+00 1.401766e+02
      vertex   -3.851372e+01 4.949466e+00 1.401766e+02
    endloop
  endfacet
  facet normal 2.046902e-15 2.422668e-16 1.000000e+00
    outer loop
      vertex   -3.851372e+01 4.949466e+00 1.401766e+02
      vertex   -3.868446e+01 6.392010e+00 1.401766e+02
      vertex   -5.274149e+01 7.843504e+00 1.401766e+02
    endloop
  endfacet
  facet normal 4.060244e-15 1.974054e-14 1.000000e+00
    outer loop
      vertex   -5.274149e+01 7.843504e+00 1.401766e+02
      vertex   -3.868446e+01 6.392010e+00 1.401766e+02
      vertex   -3.874149e+01 7.843504e+00 1.401766e+02
    endloop
  endfacet
  facet normal -7.071068e-01 -7.071068e-01 2.336482e-14
    outer loop
      vertex   -4.524149e+01 -1.715650e+01 1.086172e+02
      vertex   -4.557510e+01 -1.682288e+01 1.085811e+02
      vertex   -4.524149e+01 -1.715650e+01 1.051766e+02
    endloop
  endfacet
  facet normal -7.071068e-01 -7.071068e-01 2.362280e-14
    outer loop
      vertex   -4.524149e+01 -1.715650e+01 1.051766e+02
      vertex   -4.557510e+01 -1.682288e+01 1.085811e+02
      vertex   -4.591067e+01 -1.648732e+01 1.085813e+02
    endloop
  endfacet
  facet normal -7.071068e-01 -7.071068e-01 2.408791e-14
    outer loop
      vertex   -4.524149e+01 -1.715650e+01 1.051766e+02
      vertex   -4.591067e+01 -1.648732e+01 1.085813e+02
      vertex   -4.624425e+01 -1.615373e+01 1.086177e+02
    endloop
  endfacet
  facet normal -7.071068e-01 -7.071068e-01 2.496200e-14
    outer loop
      vertex   -4.624425e+01 -1.615373e+01 1.086177e+02
      vertex   -4.657194e+01 -1.582604e+01 1.086899e+02
      vertex   -4.524149e+01 -1.715650e+01 1.051766e+02
    endloop
  endfacet
  facet normal -7.071068e-01 -7.071068e-01 2.803771e-14
    outer loop
      vertex   -4.524149e+01 -1.715650e+01 1.051766e+02
      vertex   -4.657194e+01 -1.582604e+01 1.086899e+02
      vertex   -4.688990e+01 -1.550808e+01 1.087972e+02
    endloop
  endfacet
  facet normal -7.071068e-01 -7.071068e-01 3.500916e-14
    outer loop
      vertex   -4.524149e+01 -1.715650e+01 1.051766e+02
      vertex   -4.688990e+01 -1.550808e+01 1.087972e+02
      vertex   -4.719441e+01 -1.520358e+01 1.089382e+02
    endloop
  endfacet
  facet normal -7.071068e-01 -7.071068e-01 9.293612e-15
    outer loop
      vertex   -4.719441e+01 -1.520358e+01 1.089382e+02
      vertex   -4.748189e+01 -1.491610e+01 1.091113e+02
      vertex   -4.524149e+01 -1.715650e+01 1.051766e+02
    endloop
  endfacet
  facet normal -7.071068e-01 -7.071068e-01 3.689580e-14
    outer loop
      vertex   -4.524149e+01 -1.715650e+01 1.051766e+02
      vertex   -4.748189e+01 -1.491610e+01 1.091113e+02
      vertex   -4.774897e+01 -1.464901e+01 1.093144e+02
    endloop
  endfacet
  facet normal -7.071068e-01 -7.071068e-01 1.343763e-14
    outer loop
      vertex   -4.524149e+01 -1.715650e+01 1.051766e+02
      vertex   -4.774897e+01 -1.464901e+01 1.093144e+02
      vertex   -5.274149e+01 -9.656496e+00 1.051766e+02
    endloop
  endfacet
  facet normal -7.071068e-01 -7.071068e-01 -1.162915e-14
    outer loop
      vertex   -5.274149e+01 -9.656496e+00 1.051766e+02
      vertex   -4.774897e+01 -1.464901e+01 1.093144e+02
      vertex   -4.799254e+01 -1.440545e+01 1.095453e+02
    endloop
  endfacet
  facet normal -7.071068e-01 -7.071068e-01 8.127715e-15
    outer loop
      vertex   -5.274149e+01 -9.656496e+00 1.051766e+02
      vertex   -4.799254e+01 -1.440545e+01 1.095453e+02
      vertex   -4.820973e+01 -1.418826e+01 1.098011e+02
    endloop
  endfacet
  facet normal -7.071068e-01 -7.071068e-01 -7.999997e-15
    outer loop
      vertex   -4.820973e+01 -1.418826e+01 1.098011e+02
      vertex   -4.839799e+01 -1.399999e+01 1.100788e+02
      vertex   -5.274149e+01 -9.656496e+00 1.051766e+02
    endloop
  endfacet
  facet normal -7.071068e-01 -7.071068e-01 -6.102880e-15
    outer loop
      vertex   -5.274149e+01 -9.656496e+00 1.051766e+02
      vertex   -4.839799e+01 -1.399999e+01 1.100788e+02
      vertex   -4.855513e+01 -1.384285e+01 1.103753e+02
    endloop
  endfacet
  facet normal -7.071068e-01 -7.071068e-01 5.151523e-15
    outer loop
      vertex   -5.274149e+01 -9.656496e+00 1.051766e+02
      vertex   -4.855513e+01 -1.384285e+01 1.103753e+02
      vertex   -4.867930e+01 -1.371868e+01 1.106871e+02
    endloop
  endfacet
  facet normal -7.071068e-01 -7.071068e-01 2.648635e-15
    outer loop
      vertex   -4.867930e+01 -1.371868e+01 1.106871e+02
      vertex   -4.876905e+01 -1.362893e+01 1.110104e+02
      vertex   -5.274149e+01 -9.656496e+00 1.051766e+02
    endloop
  endfacet
  facet normal -7.071068e-01 -7.071068e-01 -3.078471e-15
    outer loop
      vertex   -5.274149e+01 -9.656496e+00 1.051766e+02
      vertex   -4.876905e+01 -1.362893e+01 1.110104e+02
      vertex   -4.882332e+01 -1.357466e+01 1.113416e+02
    endloop
  endfacet
  facet normal -7.071068e-01 -7.071068e-01 6.170894e-15
    outer loop
      vertex   -5.274149e+01 -9.656496e+00 1.051766e+02
      vertex   -4.882332e+01 -1.357466e+01 1.113416e+02
      vertex   -4.884149e+01 -1.355650e+01 1.116766e+02
    endloop
  endfacet
  facet normal -7.071068e-01 -7.071068e-01 -8.222057e-15
    outer loop
      vertex   -4.884149e+01 -1.355650e+01 1.116766e+02
      vertex   -4.882332e+01 -1.357466e+01 1.120117e+02
      vertex   -5.274149e+01 -9.656496e+00 1.051766e+02
    endloop
  endfacet
  facet normal -7.071068e-01 -7.071068e-01 0.000000e+00
    outer loop
      vertex   -5.274149e+01 -9.656496e+00 1.051766e+02
      vertex   -4.882332e+01 -1.357466e+01 1.120117e+02
      vertex   -4.882332e+01 -1.357466e+01 1.333416e+02
    endloop
  endfacet
  facet normal -7.071068e-01 -7.071068e-01 0.000000e+00
    outer loop
      vertex   -5.274149e+01 -9.656496e+00 1.051766e+02
      vertex   -4.882332e+01 -1.357466e+01 1.333416e+02
      vertex   -5.274149e+01 -9.656496e+00 1.401766e+02
    endloop
  endfacet
  facet normal -7.071068e-01 -7.071068e-01 7.396550e-15
    outer loop
      vertex   -5.274149e+01 -9.656496e+00 1.401766e+02
      vertex   -4.882332e+01 -1.357466e+01 1.333416e+02
      vertex   -4.884149e+01 -1.355650e+01 1.336766e+02
    endloop
  endfacet
  facet normal -7.071068e-01 -7.071068e-01 -6.170894e-15
    outer loop
      vertex   -5.274149e+01 -9.656496e+00 1.401766e+02
      vertex   -4.884149e+01 -1.355650e+01 1.336766e+02
      vertex   -4.882332e+01 -1.357466e+01 1.340117e+02
    endloop
  endfacet
  facet normal -7.071068e-01 -7.071068e-01 -0.000000e+00
    outer loop
      vertex   -4.882332e+01 -1.357466e+01 1.333416e+02
      vertex   -4.882332e+01 -1.357466e+01 1.120117e+02
      vertex   -4.876905e+01 -1.362893e+01 1.330104e+02
    endloop
  endfacet
  facet normal -7.071068e-01 -7.071068e-01 -0.000000e+00
    outer loop
      vertex   -4.876905e+01 -1.362893e+01 1.330104e+02
      vertex   -4.882332e+01 -1.357466e+01 1.120117e+02
      vertex   -4.876905e+01 -1.362893e+01 1.123429e+02
    endloop
  endfacet
  facet normal -7.071068e-01 -7.071068e-01 -0.000000e+00
    outer loop
      vertex   -4.876905e+01 -1.362893e+01 1.330104e+02
      vertex   -4.876905e+01 -1.362893e+01 1.123429e+02
      vertex   -4.867930e+01 -1.371868e+01 1.326871e+02
    endloop
  endfacet
  facet normal -7.071068e-01 -7.071068e-01 -0.000000e+00
    outer loop
      vertex   -4.867930e+01 -1.371868e+01 1.326871e+02
      vertex   -4.876905e+01 -1.362893e+01 1.123429e+02
      vertex   -4.867930e+01 -1.371868e+01 1.126662e+02
    endloop
  endfacet
  facet normal -7.071068e-01 -7.071068e-01 -0.000000e+00
    outer loop
      vertex   -4.867930e+01 -1.371868e+01 1.326871e+02
      vertex   -4.867930e+01 -1.371868e+01 1.126662e+02
      vertex   -4.855513e+01 -1.384285e+01 1.323753e+02
    endloop
  endfacet
  facet normal -7.071068e-01 -7.071068e-01 -0.000000e+00
    outer loop
      vertex   -4.855513e+01 -1.384285e+01 1.323753e+02
      vertex   -4.867930e+01 -1.371868e+01 1.126662e+02
      vertex   -4.855513e+01 -1.384285e+01 1.129779e+02
    endloop
  endfacet
  facet normal -7.071068e-01 -7.071068e-01 -0.000000e+00
    outer loop
      vertex   -4.855513e+01 -1.384285e+01 1.323753e+02
      vertex   -4.855513e+01 -1.384285e+01 1.129779e+02
      vertex   -4.839799e+01 -1.399999e+01 1.320788e+02
    endloop
  endfacet
  facet normal -7.071068e-01 -7.071068e-01 -0.000000e+00
    outer loop
      vertex   -4.839799e+01 -1.399999e+01 1.320788e+02
      vertex   -4.855513e+01 -1.384285e+01 1.129779e+02
      vertex   -4.839799e+01 -1.399999e+01 1.132744e+02
    endloop
  endfacet
  facet normal -7.071068e-01 -7.071068e-01 -0.000000e+00
    outer loop
      vertex   -4.839799e+01 -1.399999e+01 1.320788e+02
      vertex   -4.839799e+01 -1.399999e+01 1.132744e+02
      vertex   -4.820973e+01 -1.418826e+01 1.318011e+02
    endloop
  endfacet
  facet normal -7.071068e-01 -7.071068e-01 -0.000000e+00
    outer loop
      vertex   -4.820973e+01 -1.418826e+01 1.318011e+02
      vertex   -4.839799e+01 -1.399999e+01 1.132744e+02
      vertex   -4.820973e+01 -1.418826e+01 1.135522e+02
    endloop
  endfacet
  facet normal -7.071068e-01 -7.071068e-01 -0.000000e+00
    outer loop
      vertex   -4.820973e+01 -1.418826e+01 1.318011e+02
      vertex   -4.820973e+01 -1.418826e+01 1.135522e+02
      vertex   -4.799254e+01 -1.440545e+01 1.315453e+02
    endloop
  endfacet
  facet normal -7.071068e-01 -7.071068e-01 -0.000000e+00
    outer loop
      vertex   -4.799254e+01 -1.440545e+01 1.315453e+02
      vertex   -4.820973e+01 -1.418826e+01 1.135522e+02
      vertex   -4.799254e+01 -1.440545e+01 1.138080e+02
    endloop
  endfacet
  facet normal -7.071068e-01 -7.071068e-01 -0.000000e+00
    outer loop
      vertex   -4.799254e+01 -1.440545e+01 1.315453e+02
      vertex   -4.799254e+01 -1.440545e+01 1.138080e+02
      vertex   -4.774897e+01 -1.464901e+01 1.313144e+02
    endloop
  endfacet
  facet normal -7.071068e-01 -7.071068e-01 -0.000000e+00
    outer loop
      vertex   -4.774897e+01 -1.464901e+01 1.313144e+02
      vertex   -4.799254e+01 -1.440545e+01 1.138080e+02
      vertex   -4.774897e+01 -1.464901e+01 1.140388e+02
    endloop
  endfacet
  facet normal -7.071068e-01 -7.071068e-01 -0.000000e+00
    outer loop
      vertex   -4.774897e+01 -1.464901e+01 1.313144e+02
      vertex   -4.774897e+01 -1.464901e+01 1.140388e+02
      vertex   -4.748189e+01 -1.491610e+01 1.311113e+02
    endloop
  endfacet
  facet normal -7.071068e-01 -7.071068e-01 -0.000000e+00
    outer loop
      vertex   -4.748189e+01 -1.491610e+01 1.311113e+02
      vertex   -4.774897e+01 -1.464901e+01 1.140388e+02
      vertex   -4.748189e+01 -1.491610e+01 1.142420e+02
    endloop
  endfacet
  facet normal -7.071068e-01 -7.071068e-01 -0.000000e+00
    outer loop
      vertex   -4.748189e+01 -1.491610e+01 1.311113e+02
      vertex   -4.748189e+01 -1.491610e+01 1.142420e+02
      vertex   -4.719441e+01 -1.520358e+01 1.309382e+02
    endloop
  endfacet
  facet normal -7.071068e-01 -7.071068e-01 -0.000000e+00
    outer loop
      vertex   -4.719441e+01 -1.520358e+01 1.309382e+02
      vertex   -4.748189e+01 -1.491610e+01 1.142420e+02
      vertex   -4.719441e+01 -1.520358e+01 1.144151e+02
    endloop
  endfacet
  facet normal -7.071068e-01 -7.071068e-01 -0.000000e+00
    outer loop
      vertex   -4.719441e+01 -1.520358e+01 1.309382e+02
      vertex   -4.719441e+01 -1.520358e+01 1.144151e+02
      vertex   -4.688990e+01 -1.550808e+01 1.307972e+02
    endloop
  endfacet
  facet normal -7.071068e-01 -7.071068e-01 -0.000000e+00
    outer loop
      vertex   -4.688990e+01 -1.550808e+01 1.307972e+02
      vertex   -4.719441e+01 -1.520358e+01 1.144151e+02
      vertex   -4.688990e+01 -1.550808e+01 1.145561e+02
    endloop
  endfacet
  facet normal -7.071068e-01 -7.071068e-01 -0.000000e+00
    outer loop
      vertex   -4.688990e+01 -1.550808e+01 1.307972e+02
      vertex   -4.688990e+01 -1.550808e+01 1.145561e+02
      vertex   -4.657194e+01 -1.582604e+01 1.306899e+02
    endloop
  endfacet
  facet normal -7.071068e-01 -7.071068e-01 -0.000000e+00
    outer loop
      vertex   -4.657194e+01 -1.582604e+01 1.306899e+02
      vertex   -4.688990e+01 -1.550808e+01 1.145561e+02
      vertex   -4.657194e+01 -1.582604e+01 1.146633e+02
    endloop
  endfacet
  facet normal -7.071068e-01 -7.071068e-01 -0.000000e+00
    outer loop
      vertex   -4.657194e+01 -1.582604e+01 1.306899e+02
      vertex   -4.657194e+01 -1.582604e+01 1.146633e+02
      vertex   -4.624425e+01 -1.615373e+01 1.306177e+02
    endloop
  endfacet
  facet normal -7.071068e-01 -7.071068e-01 -0.000000e+00
    outer loop
      vertex   -4.624425e+01 -1.615373e+01 1.306177e+02
      vertex   -4.657194e+01 -1.582604e+01 1.146633e+02
      vertex   -4.624425e+01 -1.615373e+01 1.147356e+02
    endloop
  endfacet
  facet normal -7.071068e-01 -7.071068e-01 -0.000000e+00
    outer loop
      vertex   -4.624425e+01 -1.615373e+01 1.306177e+02
      vertex   -4.624425e+01 -1.615373e+01 1.147356e+02
      vertex   -4.591067e+01 -1.648732e+01 1.305813e+02
    endloop
  endfacet
  facet normal -7.071068e-01 -7.071068e-01 -0.000000e+00
    outer loop
      vertex   -4.591067e+01 -1.648732e+01 1.305813e+02
      vertex   -4.624425e+01 -1.615373e+01 1.147356e+02
      vertex   -4.591067e+01 -1.648732e+01 1.147720e+02
    endloop
  endfacet
  facet normal -7.071068e-01 -7.071068e-01 -0.000000e+00
    outer loop
      vertex   -4.591067e+01 -1.648732e+01 1.305813e+02
      vertex   -4.591067e+01 -1.648732e+01 1.147720e+02
      vertex   -4.557510e+01 -1.682288e+01 1.305811e+02
    endloop
  endfacet
  facet normal -7.071068e-01 -7.071068e-01 -0.000000e+00
    outer loop
      vertex   -4.557510e+01 -1.682288e+01 1.305811e+02
      vertex   -4.591067e+01 -1.648732e+01 1.147720e+02
      vertex   -4.557510e+01 -1.682288e+01 1.147722e+02
    endloop
  endfacet
  facet normal -7.071068e-01 -7.071068e-01 -0.000000e+00
    outer loop
      vertex   -4.557510e+01 -1.682288e+01 1.305811e+02
      vertex   -4.557510e+01 -1.682288e+01 1.147722e+02
      vertex   -4.524149e+01 -1.715650e+01 1.306172e+02
    endloop
  endfacet
  facet normal -7.071068e-01 -7.071068e-01 -0.000000e+00
    outer loop
      vertex   -4.524149e+01 -1.715650e+01 1.306172e+02
      vertex   -4.557510e+01 -1.682288e+01 1.147722e+02
      vertex   -4.524149e+01 -1.715650e+01 1.147360e+02
    endloop
  endfacet
  facet normal -7.071068e-01 -7.071068e-01 3.138597e-15
    outer loop
      vertex   -4.882332e+01 -1.357466e+01 1.340117e+02
      vertex   -4.876905e+01 -1.362893e+01 1.343429e+02
      vertex   -5.274149e+01 -9.656496e+00 1.401766e+02
    endloop
  endfacet
  facet normal -7.071068e-01 -7.071068e-01 -2.778896e-15
    outer loop
      vertex   -5.274149e+01 -9.656496e+00 1.401766e+02
      vertex   -4.876905e+01 -1.362893e+01 1.343429e+02
      vertex   -4.867930e+01 -1.371868e+01 1.346662e+02
    endloop
  endfacet
  facet normal -7.071068e-01 -7.071068e-01 -5.151523e-15
    outer loop
      vertex   -5.274149e+01 -9.656496e+00 1.401766e+02
      vertex   -4.867930e+01 -1.371868e+01 1.346662e+02
      vertex   -4.855513e+01 -1.384285e+01 1.349779e+02
    endloop
  endfacet
  facet normal -7.071068e-01 -7.071068e-01 5.607021e-15
    outer loop
      vertex   -4.855513e+01 -1.384285e+01 1.349779e+02
      vertex   -4.839799e+01 -1.399999e+01 1.352744e+02
      vertex   -5.274149e+01 -9.656496e+00 1.401766e+02
    endloop
  endfacet
  facet normal -7.071068e-01 -7.071068e-01 7.078338e-15
    outer loop
      vertex   -5.274149e+01 -9.656496e+00 1.401766e+02
      vertex   -4.839799e+01 -1.399999e+01 1.352744e+02
      vertex   -4.820973e+01 -1.418826e+01 1.355522e+02
    endloop
  endfacet
  facet normal -7.071068e-01 -7.071068e-01 -8.127715e-15
    outer loop
      vertex   -5.274149e+01 -9.656496e+00 1.401766e+02
      vertex   -4.820973e+01 -1.418826e+01 1.355522e+02
      vertex   -4.799254e+01 -1.440545e+01 1.358080e+02
    endloop
  endfacet
  facet normal -7.071068e-01 -7.071068e-01 1.148378e-14
    outer loop
      vertex   -4.799254e+01 -1.440545e+01 1.358080e+02
      vertex   -4.774897e+01 -1.464901e+01 1.360388e+02
      vertex   -5.274149e+01 -9.656496e+00 1.401766e+02
    endloop
  endfacet
  facet normal -7.071068e-01 -7.071068e-01 -7.771161e-15
    outer loop
      vertex   -5.274149e+01 -9.656496e+00 1.401766e+02
      vertex   -4.774897e+01 -1.464901e+01 1.360388e+02
      vertex   -4.524149e+01 -1.715650e+01 1.401766e+02
    endloop
  endfacet
  facet normal -7.071068e-01 -7.071068e-01 -2.108331e-14
    outer loop
      vertex   -4.524149e+01 -1.715650e+01 1.401766e+02
      vertex   -4.774897e+01 -1.464901e+01 1.360388e+02
      vertex   -4.748189e+01 -1.491610e+01 1.362420e+02
    endloop
  endfacet
  facet normal -7.071068e-01 -7.071068e-01 4.224369e-15
    outer loop
      vertex   -4.524149e+01 -1.715650e+01 1.401766e+02
      vertex   -4.748189e+01 -1.491610e+01 1.362420e+02
      vertex   -4.719441e+01 -1.520358e+01 1.364151e+02
    endloop
  endfacet
  facet normal -7.071068e-01 -7.071068e-01 -2.255745e-14
    outer loop
      vertex   -4.719441e+01 -1.520358e+01 1.364151e+02
      vertex   -4.688990e+01 -1.550808e+01 1.365561e+02
      vertex   -4.524149e+01 -1.715650e+01 1.401766e+02
    endloop
  endfacet
  facet normal -7.071068e-01 -7.071068e-01 -1.643590e-14
    outer loop
      vertex   -4.524149e+01 -1.715650e+01 1.401766e+02
      vertex   -4.688990e+01 -1.550808e+01 1.365561e+02
      vertex   -4.657194e+01 -1.582604e+01 1.366633e+02
    endloop
  endfacet
  facet normal -7.071068e-01 -7.071068e-01 -1.398765e-14
    outer loop
      vertex   -4.524149e+01 -1.715650e+01 1.401766e+02
      vertex   -4.657194e+01 -1.582604e+01 1.366633e+02
      vertex   -4.624425e+01 -1.615373e+01 1.367356e+02
    endloop
  endfacet
  facet normal -7.071068e-01 -7.071068e-01 -1.356269e-14
    outer loop
      vertex   -4.624425e+01 -1.615373e+01 1.367356e+02
      vertex   -4.591067e+01 -1.648732e+01 1.367720e+02
      vertex   -4.524149e+01 -1.715650e+01 1.401766e+02
    endloop
  endfacet
  facet normal -7.071068e-01 -7.071068e-01 -1.328031e-14
    outer loop
      vertex   -4.524149e+01 -1.715650e+01 1.401766e+02
      vertex   -4.591067e+01 -1.648732e+01 1.367720e+02
      vertex   -4.557510e+01 -1.682288e+01 1.367722e+02
    endloop
  endfacet
  facet normal -7.071068e-01 -7.071068e-01 -1.314271e-14
    outer loop
      vertex   -4.524149e+01 -1.715650e+01 1.401766e+02
      vertex   -4.557510e+01 -1.682288e+01 1.367722e+02
      vertex   -4.524149e+01 -1.715650e+01 1.367360e+02
    endloop
  endfacet
  facet normal 5.941564e-16 -5.941564e-16 -1.000000e+00
    outer loop
      vertex   4.758513e+00 -1.715650e+01 1.051766e+02
      vertex   -6.173976e+00 -4.171285e+00 1.051766e+02
      vertex   1.225851e+01 -9.656496e+00 1.051766e+02
    endloop
  endfacet
  facet normal 6.244696e-16 -4.922921e-16 -1.000000e+00
    outer loop
      vertex   1.225851e+01 -9.656496e+00 1.051766e+02
      vertex   -6.173976e+00 -4.171285e+00 1.051766e+02
      vertex   -5.274672e+00 -3.030524e+00 1.051766e+02
    endloop
  endfacet
  facet normal 6.471092e-16 -4.323846e-16 -1.000000e+00
    outer loop
      vertex   1.225851e+01 -9.656496e+00 1.051766e+02
      vertex   -5.274672e+00 -3.030524e+00 1.051766e+02
      vertex   -4.467644e+00 -1.822720e+00 1.051766e+02
    endloop
  endfacet
  facet normal -1.248908e-15 -1.435440e-15 -1.000000e+00
    outer loop
      vertex   4.758513e+00 -4.685650e+01 1.051766e+02
      vertex   -1.275571e+01 -3.161820e+01 1.051766e+02
      vertex   4.758513e+00 -1.715650e+01 1.051766e+02
    endloop
  endfacet
  facet normal -2.434168e-15 0.000000e+00 -1.000000e+00
    outer loop
      vertex   4.758513e+00 -1.715650e+01 1.051766e+02
      vertex   -1.275571e+01 -3.161820e+01 1.051766e+02
      vertex   -1.275571e+01 -3.069479e+01 1.051766e+02
    endloop
  endfacet
  facet normal -2.221530e-15 -2.750851e-16 -1.000000e+00
    outer loop
      vertex   4.758513e+00 -1.715650e+01 1.051766e+02
      vertex   -1.275571e+01 -3.069479e+01 1.051766e+02
      vertex   -1.286919e+01 -2.977838e+01 1.051766e+02
    endloop
  endfacet
  facet normal 4.923435e-31 1.732280e-15 -1.000000e+00
    outer loop
      vertex   -4.524149e+01 -4.685650e+01 1.051766e+02
      vertex   -2.001052e+01 -3.865294e+01 1.051766e+02
      vertex   4.758513e+00 -4.685650e+01 1.051766e+02
    endloop
  endfacet
  facet normal -1.254273e-16 1.353576e-15 -1.000000e+00
    outer loop
      vertex   4.758513e+00 -4.685650e+01 1.051766e+02
      vertex   -2.001052e+01 -3.865294e+01 1.051766e+02
      vertex   -1.909105e+01 -3.856774e+01 1.051766e+02
    endloop
  endfacet
  facet normal -2.303323e-16 1.051729e-15 -1.000000e+00
    outer loop
      vertex   4.758513e+00 -4.685650e+01 1.051766e+02
      vertex   -1.909105e+01 -3.856774e+01 1.051766e+02
      vertex   -1.818901e+01 -3.837019e+01 1.051766e+02
    endloop
  endfacet
  facet normal 4.757458e-16 -1.435440e-15 -1.000000e+00
    outer loop
      vertex   -4.524149e+01 -1.715650e+01 1.051766e+02
      vertex   -2.774149e+01 -3.115650e+01 1.051766e+02
      vertex   -4.524149e+01 -4.685650e+01 1.051766e+02
    endloop
  endfacet
  facet normal 1.233804e-14 -1.465774e-14 -1.000000e+00
    outer loop
      vertex   -4.524149e+01 -4.685650e+01 1.051766e+02
      vertex   -2.774149e+01 -3.115650e+01 1.051766e+02
      vertex   -2.768464e+01 -3.207816e+01 1.051766e+02
    endloop
  endfacet
  facet normal 0.000000e+00 0.000000e+00 -1.000000e+00
    outer loop
      vertex   -4.524149e+01 -4.685650e+01 1.051766e+02
      vertex   -2.768464e+01 -3.207816e+01 1.051766e+02
      vertex   -2.751496e+01 -3.298585e+01 1.051766e+02
    endloop
  endfacet
  facet normal -5.941564e-16 -5.941564e-16 -1.000000e+00
    outer loop
      vertex   -5.274149e+01 -9.656496e+00 1.051766e+02
      vertex   -3.430900e+01 -4.171285e+00 1.051766e+02
      vertex   -4.524149e+01 -1.715650e+01 1.051766e+02
    endloop
  endfacet
  facet normal -6.195901e-16 -5.727432e-16 -1.000000e+00
    outer loop
      vertex   -4.524149e+01 -1.715650e+01 1.051766e+02
      vertex   -3.430900e+01 -4.171285e+00 1.051766e+02
      vertex   -3.332296e+01 -5.237972e+00 1.051766e+02
    endloop
  endfacet
  facet normal -5.727432e-16 -6.195901e-16 -1.000000e+00
    outer loop
      vertex   -4.524149e+01 -1.715650e+01 1.051766e+02
      vertex   -3.332296e+01 -5.237972e+00 1.051766e+02
      vertex   -3.225628e+01 -6.224007e+00 1.051766e+02
    endloop
  endfacet
  facet normal -1.906799e-15 7.742071e-31 -1.000000e+00
    outer loop
      vertex   -5.274149e+01 7.843504e+00 1.051766e+02
      vertex   -3.783603e+01 2.126689e+00 1.051766e+02
      vertex   -5.274149e+01 -9.656496e+00 1.051766e+02
    endloop
  endfacet
  facet normal 4.905704e-15 -8.617657e-15 -1.000000e+00
    outer loop
      vertex   -5.274149e+01 -9.656496e+00 1.051766e+02
      vertex   -3.783603e+01 2.126689e+00 1.051766e+02
      vertex   -3.733326e+01 7.638601e-01 1.051766e+02
    endloop
  endfacet
  facet normal -7.030872e-16 -3.241277e-16 -1.000000e+00
    outer loop
      vertex   -5.274149e+01 -9.656496e+00 1.051766e+02
      vertex   -3.733326e+01 7.638601e-01 1.051766e+02
      vertex   -3.672511e+01 -5.553207e-01 1.051766e+02
    endloop
  endfacet
  facet normal -3.045183e-15 -9.910152e-15 -1.000000e+00
    outer loop
      vertex   -3.874149e+01 7.843504e+00 1.051766e+02
      vertex   -3.868446e+01 6.392010e+00 1.051766e+02
      vertex   -5.274149e+01 7.843504e+00 1.051766e+02
    endloop
  endfacet
  facet normal -2.046902e-15 -2.422668e-16 -1.000000e+00
    outer loop
      vertex   -5.274149e+01 7.843504e+00 1.051766e+02
      vertex   -3.868446e+01 6.392010e+00 1.051766e+02
      vertex   -3.851372e+01 4.949466e+00 1.051766e+02
    endloop
  endfacet
  facet normal -2.081855e-15 -4.141068e-16 -1.000000e+00
    outer loop
      vertex   -5.274149e+01 7.843504e+00 1.051766e+02
      vertex   -3.851372e+01 4.949466e+00 1.051766e+02
      vertex   -3.823033e+01 3.524764e+00 1.051766e+02
    endloop
  endfacet
  facet normal -2.138072e-15 -6.029988e-16 -1.000000e+00
    outer loop
      vertex   -3.823033e+01 3.524764e+00 1.051766e+02
      vertex   -3.783603e+01 2.126689e+00 1.051766e+02
      vertex   -5.274149e+01 7.843504e+00 1.051766e+02
    endloop
  endfacet
  facet normal -6.730765e-16 -3.769410e-16 -1.000000e+00
    outer loop
      vertex   -3.672511e+01 -5.553207e-01 1.051766e+02
      vertex   -3.601533e+01 -1.822720e+00 1.051766e+02
      vertex   -5.274149e+01 -9.656496e+00 1.051766e+02
    endloop
  endfacet
  facet normal -6.471092e-16 -4.323846e-16 -1.000000e+00
    outer loop
      vertex   -5.274149e+01 -9.656496e+00 1.051766e+02
      vertex   -3.601533e+01 -1.822720e+00 1.051766e+02
      vertex   -3.520830e+01 -3.030524e+00 1.051766e+02
    endloop
  endfacet
  facet normal -6.244696e-16 -4.922921e-16 -1.000000e+00
    outer loop
      vertex   -5.274149e+01 -9.656496e+00 1.051766e+02
      vertex   -3.520830e+01 -3.030524e+00 1.051766e+02
      vertex   -3.430900e+01 -4.171285e+00 1.051766e+02
    endloop
  endfacet
  facet normal -5.292090e-16 -6.712985e-16 -1.000000e+00
    outer loop
      vertex   -3.225628e+01 -6.224007e+00 1.051766e+02
      vertex   -3.111551e+01 -7.123311e+00 1.051766e+02
      vertex   -4.524149e+01 -1.715650e+01 1.051766e+02
    endloop
  endfacet
  facet normal -4.876468e-16 -7.298150e-16 -1.000000e+00
    outer loop
      vertex   -4.524149e+01 -1.715650e+01 1.051766e+02
      vertex   -3.111551e+01 -7.123311e+00 1.051766e+02
      vertex   -2.990771e+01 -7.930339e+00 1.051766e+02
    endloop
  endfacet
  facet normal -4.467661e-16 -7.977583e-16 -1.000000e+00
    outer loop
      vertex   -4.524149e+01 -1.715650e+01 1.051766e+02
      vertex   -2.990771e+01 -7.930339e+00 1.051766e+02
      vertex   -2.864031e+01 -8.640117e+00 1.051766e+02
    endloop
  endfacet
  facet normal -4.051605e-16 -8.788611e-16 -1.000000e+00
    outer loop
      vertex   -2.864031e+01 -8.640117e+00 1.051766e+02
      vertex   -2.732113e+01 -9.248268e+00 1.051766e+02
      vertex   -4.524149e+01 -1.715650e+01 1.051766e+02
    endloop
  endfacet
  facet normal 7.116251e-16 -3.409541e-15 -1.000000e+00
    outer loop
      vertex   -4.524149e+01 -1.715650e+01 1.051766e+02
      vertex   -2.732113e+01 -9.248268e+00 1.051766e+02
      vertex   -2.512112e+01 -2.546096e+01 1.051766e+02
    endloop
  endfacet
  facet normal 1.486251e-15 -1.532748e-15 -1.000000e+00
    outer loop
      vertex   -4.524149e+01 -1.715650e+01 1.051766e+02
      vertex   -2.512112e+01 -2.546096e+01 1.051766e+02
      vertex   -2.578405e+01 -2.610378e+01 1.051766e+02
    endloop
  endfacet
  facet normal -1.509058e-14 -5.553845e-15 -1.000000e+00
    outer loop
      vertex   -2.512112e+01 -2.546096e+01 1.051766e+02
      vertex   -2.732113e+01 -9.248268e+00 1.051766e+02
      vertex   -2.438422e+01 -2.490448e+01 1.051766e+02
    endloop
  endfacet
  facet normal -1.079275e-15 -2.925503e-15 -1.000000e+00
    outer loop
      vertex   -2.438422e+01 -2.490448e+01 1.051766e+02
      vertex   -2.732113e+01 -9.248268e+00 1.051766e+02
      vertex   -2.595830e+01 -9.751042e+00 1.051766e+02
    endloop
  endfacet
  facet normal 1.532410e-15 -2.654212e-15 -1.000000e+00
    outer loop
      vertex   -2.438422e+01 -2.490448e+01 1.051766e+02
      vertex   -2.595830e+01 -9.751042e+00 1.051766e+02
      vertex   -2.358452e+01 -2.444277e+01 1.051766e+02
    endloop
  endfacet
  facet normal -8.574674e-16 -3.040350e-15 -1.000000e+00
    outer loop
      vertex   -2.358452e+01 -2.444277e+01 1.051766e+02
      vertex   -2.595830e+01 -9.751042e+00 1.051766e+02
      vertex   -2.456023e+01 -1.014534e+01 1.051766e+02
    endloop
  endfacet
  facet normal 1.226670e-15 -2.898122e-15 -1.000000e+00
    outer loop
      vertex   -2.358452e+01 -2.444277e+01 1.051766e+02
      vertex   -2.456023e+01 -1.014534e+01 1.051766e+02
      vertex   -2.273415e+01 -2.408284e+01 1.051766e+02
    endloop
  endfacet
  facet normal -6.247220e-16 -3.140690e-15 -1.000000e+00
    outer loop
      vertex   -2.273415e+01 -2.408284e+01 1.051766e+02
      vertex   -2.456023e+01 -1.014534e+01 1.051766e+02
      vertex   -2.313552e+01 -1.042873e+01 1.051766e+02
    endloop
  endfacet
  facet normal 8.810095e-16 -3.096427e-15 -1.000000e+00
    outer loop
      vertex   -2.273415e+01 -2.408284e+01 1.051766e+02
      vertex   -2.313552e+01 -1.042873e+01 1.051766e+02
      vertex   -2.184598e+01 -2.383013e+01 1.051766e+02
    endloop
  endfacet
  facet normal -3.808576e-16 -3.217849e-15 -1.000000e+00
    outer loop
      vertex   -2.184598e+01 -2.383013e+01 1.051766e+02
      vertex   -2.313552e+01 -1.042873e+01 1.051766e+02
      vertex   -2.169298e+01 -1.059947e+01 1.051766e+02
    endloop
  endfacet
  facet normal 5.010858e-16 -3.228048e-15 -1.000000e+00
    outer loop
      vertex   -2.184598e+01 -2.383013e+01 1.051766e+02
      vertex   -2.169298e+01 -1.059947e+01 1.051766e+02
      vertex   -2.093350e+01 -2.368849e+01 1.051766e+02
    endloop
  endfacet
  facet normal -1.282651e-16 -3.264566e-15 -1.000000e+00
    outer loop
      vertex   -2.093350e+01 -2.368849e+01 1.051766e+02
      vertex   -2.169298e+01 -1.059947e+01 1.051766e+02
      vertex   -2.024149e+01 -1.065650e+01 1.051766e+02
    endloop
  endfacet
  facet normal 1.009552e-16 -3.276738e-15 -1.000000e+00
    outer loop
      vertex   -2.093350e+01 -2.368849e+01 1.051766e+02
      vertex   -2.024149e+01 -1.065650e+01 1.051766e+02
      vertex   -2.001052e+01 -2.366005e+01 1.051766e+02
    endloop
  endfacet
  facet normal 1.287240e-16 -3.276245e-15 -1.000000e+00
    outer loop
      vertex   -2.001052e+01 -2.366005e+01 1.051766e+02
      vertex   -2.024149e+01 -1.065650e+01 1.051766e+02
      vertex   -1.878999e+01 -1.059947e+01 1.051766e+02
    endloop
  endfacet
  facet normal -2.998773e-16 -3.236191e-15 -1.000000e+00
    outer loop
      vertex   -2.001052e+01 -2.366005e+01 1.051766e+02
      vertex   -1.878999e+01 -1.059947e+01 1.051766e+02
      vertex   -1.909105e+01 -2.374526e+01 1.051766e+02
    endloop
  endfacet
  facet normal 3.848846e-16 -3.251873e-15 -1.000000e+00
    outer loop
      vertex   -1.909105e+01 -2.374526e+01 1.051766e+02
      vertex   -1.878999e+01 -1.059947e+01 1.051766e+02
      vertex   -1.734745e+01 -1.042873e+01 1.051766e+02
    endloop
  endfacet
  facet normal -6.815898e-16 -3.112234e-15 -1.000000e+00
    outer loop
      vertex   -1.909105e+01 -2.374526e+01 1.051766e+02
      vertex   -1.734745e+01 -1.042873e+01 1.051766e+02
      vertex   -1.818901e+01 -2.394280e+01 1.051766e+02
    endloop
  endfacet
  facet normal 6.353750e-16 -3.194246e-15 -1.000000e+00
    outer loop
      vertex   -1.818901e+01 -2.394280e+01 1.051766e+02
      vertex   -1.734745e+01 -1.042873e+01 1.051766e+02
      vertex   -1.592275e+01 -1.014534e+01 1.051766e+02
    endloop
  endfacet
  facet normal -1.029259e-15 -2.920826e-15 -1.000000e+00
    outer loop
      vertex   -1.818901e+01 -2.394280e+01 1.051766e+02
      vertex   -1.592275e+01 -1.014534e+01 1.051766e+02
      vertex   -1.731809e+01 -2.424971e+01 1.051766e+02
    endloop
  endfacet
  facet normal 8.769433e-16 -3.109406e-15 -1.000000e+00
    outer loop
      vertex   -1.731809e+01 -2.424971e+01 1.051766e+02
      vertex   -1.592275e+01 -1.014534e+01 1.051766e+02
      vertex   -1.452467e+01 -9.751042e+00 1.051766e+02
    endloop
  endfacet
  facet normal -1.335998e-15 -2.683045e-15 -1.000000e+00
    outer loop
      vertex   -1.731809e+01 -2.424971e+01 1.051766e+02
      vertex   -1.452467e+01 -9.751042e+00 1.051766e+02
      vertex   -1.649149e+01 -2.466131e+01 1.051766e+02
    endloop
  endfacet
  facet normal 1.108802e-15 -3.005538e-15 -1.000000e+00
    outer loop
      vertex   -1.649149e+01 -2.466131e+01 1.051766e+02
      vertex   -1.452467e+01 -9.751042e+00 1.051766e+02
      vertex   -1.316184e+01 -9.248268e+00 1.051766e+02
    endloop
  endfacet
  facet normal 1.454635e-14 -5.908422e-15 -1.000000e+00
    outer loop
      vertex   -1.649149e+01 -2.466131e+01 1.051766e+02
      vertex   -1.316184e+01 -9.248268e+00 1.051766e+02
      vertex   -1.572173e+01 -2.517137e+01 1.051766e+02
    endloop
  endfacet
  facet normal -7.305495e-16 -3.452424e-15 -1.000000e+00
    outer loop
      vertex   -1.572173e+01 -2.517137e+01 1.051766e+02
      vertex   -1.316184e+01 -9.248268e+00 1.051766e+02
      vertex   4.758513e+00 -1.715650e+01 1.051766e+02
    endloop
  endfacet
  facet normal -1.428933e-15 -1.667858e-15 -1.000000e+00
    outer loop
      vertex   -1.572173e+01 -2.517137e+01 1.051766e+02
      vertex   4.758513e+00 -1.715650e+01 1.051766e+02
      vertex   -1.502048e+01 -2.577216e+01 1.051766e+02
    endloop
  endfacet
  facet normal -1.542802e-15 -1.406450e-15 -1.000000e+00
    outer loop
      vertex   -1.502048e+01 -2.577216e+01 1.051766e+02
      vertex   4.758513e+00 -1.715650e+01 1.051766e+02
      vertex   -1.439838e+01 -2.645457e+01 1.051766e+02
    endloop
  endfacet
  facet normal -1.656350e-15 -1.172506e-15 -1.000000e+00
    outer loop
      vertex   -1.439838e+01 -2.645457e+01 1.051766e+02
      vertex   4.758513e+00 -1.715650e+01 1.051766e+02
      vertex   -1.386486e+01 -2.720826e+01 1.051766e+02
    endloop
  endfacet
  facet normal -1.774800e-15 -9.530475e-16 -1.000000e+00
    outer loop
      vertex   -1.386486e+01 -2.720826e+01 1.051766e+02
      vertex   4.758513e+00 -1.715650e+01 1.051766e+02
      vertex   -1.342800e+01 -2.802179e+01 1.051766e+02
    endloop
  endfacet
  facet normal -1.903601e-15 -7.374588e-16 -1.000000e+00
    outer loop
      vertex   -1.342800e+01 -2.802179e+01 1.051766e+02
      vertex   4.758513e+00 -1.715650e+01 1.051766e+02
      vertex   -1.309442e+01 -2.888285e+01 1.051766e+02
    endloop
  endfacet
  facet normal -2.049423e-15 -5.154505e-16 -1.000000e+00
    outer loop
      vertex   -1.309442e+01 -2.888285e+01 1.051766e+02
      vertex   4.758513e+00 -1.715650e+01 1.051766e+02
      vertex   -1.286919e+01 -2.977838e+01 1.051766e+02
    endloop
  endfacet
  facet normal 4.051605e-16 -8.788611e-16 -1.000000e+00
    outer loop
      vertex   -1.316184e+01 -9.248268e+00 1.051766e+02
      vertex   -1.184266e+01 -8.640117e+00 1.051766e+02
      vertex   4.758513e+00 -1.715650e+01 1.051766e+02
    endloop
  endfacet
  facet normal 4.467661e-16 -7.977583e-16 -1.000000e+00
    outer loop
      vertex   4.758513e+00 -1.715650e+01 1.051766e+02
      vertex   -1.184266e+01 -8.640117e+00 1.051766e+02
      vertex   -1.057526e+01 -7.930339e+00 1.051766e+02
    endloop
  endfacet
  facet normal 4.876468e-16 -7.298150e-16 -1.000000e+00
    outer loop
      vertex   4.758513e+00 -1.715650e+01 1.051766e+02
      vertex   -1.057526e+01 -7.930339e+00 1.051766e+02
      vertex   -9.367459e+00 -7.123311e+00 1.051766e+02
    endloop
  endfacet
  facet normal 5.292090e-16 -6.712985e-16 -1.000000e+00
    outer loop
      vertex   -9.367459e+00 -7.123311e+00 1.051766e+02
      vertex   -8.226698e+00 -6.224007e+00 1.051766e+02
      vertex   4.758513e+00 -1.715650e+01 1.051766e+02
    endloop
  endfacet
  facet normal 5.727432e-16 -6.195901e-16 -1.000000e+00
    outer loop
      vertex   4.758513e+00 -1.715650e+01 1.051766e+02
      vertex   -8.226698e+00 -6.224007e+00 1.051766e+02
      vertex   -7.160011e+00 -5.237972e+00 1.051766e+02
    endloop
  endfacet
  facet normal 6.195901e-16 -5.727432e-16 -1.000000e+00
    outer loop
      vertex   4.758513e+00 -1.715650e+01 1.051766e+02
      vertex   -7.160011e+00 -5.237972e+00 1.051766e+02
      vertex   -6.173976e+00 -4.171285e+00 1.051766e+02
    endloop
  endfacet
  facet normal 6.730765e-16 -3.769410e-16 -1.000000e+00
    outer loop
      vertex   -4.467644e+00 -1.822720e+00 1.051766e+02
      vertex   -3.757866e+00 -5.553207e-01 1.051766e+02
      vertex   1.225851e+01 -9.656496e+00 1.051766e+02
    endloop
  endfacet
  facet normal 7.030872e-16 -3.241277e-16 -1.000000e+00
    outer loop
      vertex   1.225851e+01 -9.656496e+00 1.051766e+02
      vertex   -3.757866e+00 -5.553207e-01 1.051766e+02
      vertex   -3.149715e+00 7.638601e-01 1.051766e+02
    endloop
  endfacet
  facet normal -4.905704e-15 -8.617657e-15 -1.000000e+00
    outer loop
      vertex   1.225851e+01 -9.656496e+00 1.051766e+02
      vertex   -3.149715e+00 7.638601e-01 1.051766e+02
      vertex   -2.646941e+00 2.126689e+00 1.051766e+02
    endloop
  endfacet
  facet normal 1.906799e-15 -5.806553e-31 -1.000000e+00
    outer loop
      vertex   1.225851e+01 -9.656496e+00 1.051766e+02
      vertex   -2.646941e+00 2.126689e+00 1.051766e+02
      vertex   1.225851e+01 7.843504e+00 1.051766e+02
    endloop
  endfacet
  facet normal 2.138072e-15 -6.029988e-16 -1.000000e+00
    outer loop
      vertex   1.225851e+01 7.843504e+00 1.051766e+02
      vertex   -2.646941e+00 2.126689e+00 1.051766e+02
      vertex   -2.252643e+00 3.524764e+00 1.051766e+02
    endloop
  endfacet
  facet normal 2.081855e-15 -4.141068e-16 -1.000000e+00
    outer loop
      vertex   1.225851e+01 7.843504e+00 1.051766e+02
      vertex   -2.252643e+00 3.524764e+00 1.051766e+02
      vertex   -1.969252e+00 4.949466e+00 1.051766e+02
    endloop
  endfacet
  facet normal 2.046902e-15 -2.422668e-16 -1.000000e+00
    outer loop
      vertex   -1.969252e+00 4.949466e+00 1.051766e+02
      vertex   -1.798516e+00 6.392010e+00 1.051766e+02
      vertex   1.225851e+01 7.843504e+00 1.051766e+02
    endloop
  endfacet
  facet normal 3.045183e-15 -9.910152e-15 -1.000000e+00
    outer loop
      vertex   1.225851e+01 7.843504e+00 1.051766e+02
      vertex   -1.798516e+00 6.392010e+00 1.051766e+02
      vertex   -1.741487e+00 7.843504e+00 1.051766e+02
    endloop
  endfacet
  facet normal 0.000000e+00 -0.000000e+00 -1.000000e+00
    outer loop
      vertex   -2.751496e+01 -3.298585e+01 1.051766e+02
      vertex   -2.723503e+01 -3.386581e+01 1.051766e+02
      vertex   -4.524149e+01 -4.685650e+01 1.051766e+02
    endloop
  endfacet
  facet normal 0.000000e+00 0.000000e+00 -1.000000e+00
    outer loop
      vertex   -4.524149e+01 -4.685650e+01 1.051766e+02
      vertex   -2.723503e+01 -3.386581e+01 1.051766e+02
      vertex   -2.684908e+01 -3.470470e+01 1.051766e+02
    endloop
  endfacet
  facet normal 0.000000e+00 0.000000e+00 -1.000000e+00
    outer loop
      vertex   -4.524149e+01 -4.685650e+01 1.051766e+02
      vertex   -2.684908e+01 -3.470470e+01 1.051766e+02
      vertex   -2.636296e+01 -3.548980e+01 1.051766e+02
    endloop
  endfacet
  facet normal 0.000000e+00 -0.000000e+00 -1.000000e+00
    outer loop
      vertex   -2.636296e+01 -3.548980e+01 1.051766e+02
      vertex   -2.578405e+01 -3.620921e+01 1.051766e+02
      vertex   -4.524149e+01 -4.685650e+01 1.051766e+02
    endloop
  endfacet
  facet normal 0.000000e+00 0.000000e+00 -1.000000e+00
    outer loop
      vertex   -4.524149e+01 -4.685650e+01 1.051766e+02
      vertex   -2.578405e+01 -3.620921e+01 1.051766e+02
      vertex   -2.512112e+01 -3.685203e+01 1.051766e+02
    endloop
  endfacet
  facet normal 7.656461e-15 -1.539821e-14 -1.000000e+00
    outer loop
      vertex   -4.524149e+01 -4.685650e+01 1.051766e+02
      vertex   -2.512112e+01 -3.685203e+01 1.051766e+02
      vertex   -2.438422e+01 -3.740851e+01 1.051766e+02
    endloop
  endfacet
  facet normal 3.817900e-16 6.612798e-16 -1.000000e+00
    outer loop
      vertex   -2.438422e+01 -3.740851e+01 1.051766e+02
      vertex   -2.358452e+01 -3.787022e+01 1.051766e+02
      vertex   -4.524149e+01 -4.685650e+01 1.051766e+02
    endloop
  endfacet
  facet normal 3.313490e-16 7.828429e-16 -1.000000e+00
    outer loop
      vertex   -4.524149e+01 -4.685650e+01 1.051766e+02
      vertex   -2.358452e+01 -3.787022e+01 1.051766e+02
      vertex   -2.273415e+01 -3.823015e+01 1.051766e+02
    endloop
  endfacet
  facet normal 2.690136e-16 9.454847e-16 -1.000000e+00
    outer loop
      vertex   -4.524149e+01 -4.685650e+01 1.051766e+02
      vertex   -2.273415e+01 -3.823015e+01 1.051766e+02
      vertex   -2.184598e+01 -3.848286e+01 1.051766e+02
    endloop
  endfacet
  facet normal 1.837467e-16 1.183716e-15 -1.000000e+00
    outer loop
      vertex   -2.184598e+01 -3.848286e+01 1.051766e+02
      vertex   -2.093350e+01 -3.862450e+01 1.051766e+02
      vertex   -4.524149e+01 -4.685650e+01 1.051766e+02
    endloop
  endfacet
  facet normal 4.875135e-17 1.582339e-15 -1.000000e+00
    outer loop
      vertex   -4.524149e+01 -4.685650e+01 1.051766e+02
      vertex   -2.093350e+01 -3.862450e+01 1.051766e+02
      vertex   -2.001052e+01 -3.865294e+01 1.051766e+02
    endloop
  endfacet
  facet normal -3.021663e-16 8.574856e-16 -1.000000e+00
    outer loop
      vertex   -1.818901e+01 -3.837019e+01 1.051766e+02
      vertex   -1.731809e+01 -3.806329e+01 1.051766e+02
      vertex   4.758513e+00 -4.685650e+01 1.051766e+02
    endloop
  endfacet
  facet normal -3.576340e-16 7.182259e-16 -1.000000e+00
    outer loop
      vertex   4.758513e+00 -4.685650e+01 1.051766e+02
      vertex   -1.731809e+01 -3.806329e+01 1.051766e+02
      vertex   -1.649149e+01 -3.765169e+01 1.051766e+02
    endloop
  endfacet
  facet normal -7.702206e-15 -1.623728e-14 -1.000000e+00
    outer loop
      vertex   4.758513e+00 -4.685650e+01 1.051766e+02
      vertex   -1.649149e+01 -3.765169e+01 1.051766e+02
      vertex   -1.572173e+01 -3.714163e+01 1.051766e+02
    endloop
  endfacet
  facet normal 0.000000e+00 0.000000e+00 -1.000000e+00
    outer loop
      vertex   -1.572173e+01 -3.714163e+01 1.051766e+02
      vertex   -1.502048e+01 -3.654084e+01 1.051766e+02
      vertex   4.758513e+00 -4.685650e+01 1.051766e+02
    endloop
  endfacet
  facet normal 0.000000e+00 0.000000e+00 -1.000000e+00
    outer loop
      vertex   4.758513e+00 -4.685650e+01 1.051766e+02
      vertex   -1.502048e+01 -3.654084e+01 1.051766e+02
      vertex   -1.439838e+01 -3.585842e+01 1.051766e+02
    endloop
  endfacet
  facet normal 0.000000e+00 0.000000e+00 -1.000000e+00
    outer loop
      vertex   4.758513e+00 -4.685650e+01 1.051766e+02
      vertex   -1.439838e+01 -3.585842e+01 1.051766e+02
      vertex   -1.386486e+01 -3.510474e+01 1.051766e+02
    endloop
  endfacet
  facet normal 0.000000e+00 0.000000e+00 -1.000000e+00
    outer loop
      vertex   -1.386486e+01 -3.510474e+01 1.051766e+02
      vertex   -1.342800e+01 -3.429120e+01 1.051766e+02
      vertex   4.758513e+00 -4.685650e+01 1.051766e+02
    endloop
  endfacet
  facet normal 0.000000e+00 0.000000e+00 -1.000000e+00
    outer loop
      vertex   4.758513e+00 -4.685650e+01 1.051766e+02
      vertex   -1.342800e+01 -3.429120e+01 1.051766e+02
      vertex   -1.309442e+01 -3.343014e+01 1.051766e+02
    endloop
  endfacet
  facet normal 0.000000e+00 0.000000e+00 -1.000000e+00
    outer loop
      vertex   4.758513e+00 -4.685650e+01 1.051766e+02
      vertex   -1.309442e+01 -3.343014e+01 1.051766e+02
      vertex   -1.286919e+01 -3.253462e+01 1.051766e+02
    endloop
  endfacet
  facet normal 0.000000e+00 0.000000e+00 -1.000000e+00
    outer loop
      vertex   -1.286919e+01 -3.253462e+01 1.051766e+02
      vertex   -1.275571e+01 -3.161820e+01 1.051766e+02
      vertex   4.758513e+00 -4.685650e+01 1.051766e+02
    endloop
  endfacet
  facet normal 1.599284e-15 -1.286939e-15 -1.000000e+00
    outer loop
      vertex   -2.578405e+01 -2.610378e+01 1.051766e+02
      vertex   -2.636296e+01 -2.682319e+01 1.051766e+02
      vertex   -4.524149e+01 -1.715650e+01 1.051766e+02
    endloop
  endfacet
  facet normal 1.714638e-15 -1.061659e-15 -1.000000e+00
    outer loop
      vertex   -4.524149e+01 -1.715650e+01 1.051766e+02
      vertex   -2.636296e+01 -2.682319e+01 1.051766e+02
      vertex   -2.684908e+01 -2.760829e+01 1.051766e+02
    endloop
  endfacet
  facet normal 1.837531e-15 -8.453986e-16 -1.000000e+00
    outer loop
      vertex   -4.524149e+01 -1.715650e+01 1.051766e+02
      vertex   -2.684908e+01 -2.760829e+01 1.051766e+02
      vertex   -2.723503e+01 -2.844718e+01 1.051766e+02
    endloop
  endfacet
  facet normal 1.973887e-15 -6.279385e-16 -1.000000e+00
    outer loop
      vertex   -2.723503e+01 -2.844718e+01 1.051766e+02
      vertex   -2.751496e+01 -2.932714e+01 1.051766e+02
      vertex   -4.524149e+01 -1.715650e+01 1.051766e+02
    endloop
  endfacet
  facet normal 2.131456e-15 -3.984383e-16 -1.000000e+00
    outer loop
      vertex   -4.524149e+01 -1.715650e+01 1.051766e+02
      vertex   -2.751496e+01 -2.932714e+01 1.051766e+02
      vertex   -2.768464e+01 -3.023483e+01 1.051766e+02
    endloop
  endfacet
  facet normal 1.330269e-14 1.459824e-14 -1.000000e+00
    outer loop
      vertex   -4.524149e+01 -1.715650e+01 1.051766e+02
      vertex   -2.768464e+01 -3.023483e+01 1.051766e+02
      vertex   -2.774149e+01 -3.115650e+01 1.051766e+02
    endloop
  endfacet
  facet normal 9.992290e-01 3.925982e-02 -5.579155e-17
    outer loop
      vertex   -3.874149e+01 7.843504e+00 1.051766e+02
      vertex   -3.874149e+01 7.843504e+00 1.401766e+02
      vertex   -3.868446e+01 6.392010e+00 1.226766e+02
    endloop
  endfacet
  facet normal 9.992290e-01 3.925982e-02 -5.579155e-17
    outer loop
      vertex   -3.868446e+01 6.392010e+00 1.226766e+02
      vertex   -3.874149e+01 7.843504e+00 1.401766e+02
      vertex   -3.868446e+01 6.392010e+00 1.401766e+02
    endloop
  endfacet
  facet normal 9.930685e-01 1.175374e-01 -1.670307e-16
    outer loop
      vertex   -3.868446e+01 6.392010e+00 1.226766e+02
      vertex   -3.868446e+01 6.392010e+00 1.401766e+02
      vertex   -3.851372e+01 4.949466e+00 1.226766e+02
    endloop
  endfacet
  facet normal 9.930685e-01 1.175374e-01 -1.610653e-16
    outer loop
      vertex   -3.851372e+01 4.949466e+00 1.226766e+02
      vertex   -3.868446e+01 6.392010e+00 1.401766e+02
      vertex   -3.851372e+01 4.949466e+00 1.401766e+02
    endloop
  endfacet
  facet normal 9.807853e-01 1.950903e-01 -2.673386e-16
    outer loop
      vertex   -3.851372e+01 4.949466e+00 1.226766e+02
      vertex   -3.851372e+01 4.949466e+00 1.401766e+02
      vertex   -3.823033e+01 3.524764e+00 1.226766e+02
    endloop
  endfacet
  facet normal 9.807853e-01 1.950903e-01 -2.772400e-16
    outer loop
      vertex   -3.823033e+01 3.524764e+00 1.226766e+02
      vertex   -3.851372e+01 4.949466e+00 1.401766e+02
      vertex   -3.823033e+01 3.524764e+00 1.401766e+02
    endloop
  endfacet
  facet normal 9.624552e-01 2.714404e-01 -3.857401e-16
    outer loop
      vertex   -3.823033e+01 3.524764e+00 1.226766e+02
      vertex   -3.823033e+01 3.524764e+00 1.401766e+02
      vertex   -3.783603e+01 2.126689e+00 1.226766e+02
    endloop
  endfacet
  facet normal 9.624552e-01 2.714404e-01 -3.719636e-16
    outer loop
      vertex   -3.783603e+01 2.126689e+00 1.226766e+02
      vertex   -3.823033e+01 3.524764e+00 1.401766e+02
      vertex   -3.783603e+01 2.126689e+00 1.401766e+02
    endloop
  endfacet
  facet normal 9.381913e-01 3.461171e-01 -4.742954e-16
    outer loop
      vertex   -3.783603e+01 2.126689e+00 1.226766e+02
      vertex   -3.783603e+01 2.126689e+00 1.401766e+02
      vertex   -3.733326e+01 7.638601e-01 1.226766e+02
    endloop
  endfacet
  facet normal 9.381913e-01 3.461171e-01 -4.940577e-16
    outer loop
      vertex   -3.733326e+01 7.638601e-01 1.226766e+02
      vertex   -3.783603e+01 2.126689e+00 1.401766e+02
      vertex   -3.733326e+01 7.638601e-01 1.401766e+02
    endloop
  endfacet
  facet normal 9.081432e-01 4.186597e-01 -5.976073e-16
    outer loop
      vertex   -3.733326e+01 7.638601e-01 1.226766e+02
      vertex   -3.733326e+01 7.638601e-01 1.401766e+02
      vertex   -3.672511e+01 -5.553207e-01 1.226766e+02
    endloop
  endfacet
  facet normal 9.081432e-01 4.186597e-01 -5.976073e-16
    outer loop
      vertex   -3.672511e+01 -5.553207e-01 1.226766e+02
      vertex   -3.733326e+01 7.638601e-01 1.401766e+02
      vertex   -3.672511e+01 -5.553207e-01 1.401766e+02
    endloop
  endfacet
  facet normal 8.724960e-01 4.886212e-01 -6.974724e-16
    outer loop
      vertex   -3.672511e+01 -5.553207e-01 1.226766e+02
      vertex   -3.672511e+01 -5.553207e-01 1.401766e+02
      vertex   -3.601533e+01 -1.822720e+00 1.226766e+02
    endloop
  endfacet
  facet normal 8.724960e-01 4.886212e-01 -7.005723e-16
    outer loop
      vertex   -3.601533e+01 -1.822720e+00 1.226766e+02
      vertex   -3.672511e+01 -5.553207e-01 1.401766e+02
      vertex   -3.601533e+01 -1.822720e+00 1.401766e+02
    endloop
  endfacet
  facet normal 8.314696e-01 5.555702e-01 -7.965620e-16
    outer loop
      vertex   -3.601533e+01 -1.822720e+00 1.226766e+02
      vertex   -3.601533e+01 -1.822720e+00 1.401766e+02
      vertex   -3.520830e+01 -3.030524e+00 1.226766e+02
    endloop
  endfacet
  facet normal 8.314696e-01 5.555702e-01 -7.190206e-16
    outer loop
      vertex   -3.520830e+01 -3.030524e+00 1.226766e+02
      vertex   -3.601533e+01 -1.822720e+00 1.401766e+02
      vertex   -3.520830e+01 -3.030524e+00 1.401766e+02
    endloop
  endfacet
  facet normal 7.853169e-01 6.190939e-01 -8.012331e-16
    outer loop
      vertex   -3.520830e+01 -3.030524e+00 1.226766e+02
      vertex   -3.520830e+01 -3.030524e+00 1.401766e+02
      vertex   -3.430900e+01 -4.171285e+00 1.226766e+02
    endloop
  endfacet
  facet normal 7.853169e-01 6.190939e-01 -8.797854e-16
    outer loop
      vertex   -3.430900e+01 -4.171285e+00 1.226766e+02
      vertex   -3.520830e+01 -3.030524e+00 1.401766e+02
      vertex   -3.430900e+01 -4.171285e+00 1.401766e+02
    endloop
  endfacet
  facet normal 7.343225e-01 6.788007e-01 -9.646339e-16
    outer loop
      vertex   -3.430900e+01 -4.171285e+00 1.226766e+02
      vertex   -3.430900e+01 -4.171285e+00 1.401766e+02
      vertex   -3.332296e+01 -5.237972e+00 1.226766e+02
    endloop
  endfacet
  facet normal 7.343225e-01 6.788007e-01 -9.301827e-16
    outer loop
      vertex   -3.332296e+01 -5.237972e+00 1.226766e+02
      vertex   -3.430900e+01 -4.171285e+00 1.401766e+02
      vertex   -3.332296e+01 -5.237972e+00 1.401766e+02
    endloop
  endfacet
  facet normal 6.788007e-01 7.343225e-01 -1.006266e-15
    outer loop
      vertex   -3.332296e+01 -5.237972e+00 1.226766e+02
      vertex   -3.332296e+01 -5.237972e+00 1.401766e+02
      vertex   -3.225628e+01 -6.224007e+00 1.226766e+02
    endloop
  endfacet
  facet normal 6.788007e-01 7.343225e-01 -1.118073e-15
    outer loop
      vertex   -3.225628e+01 -6.224007e+00 1.226766e+02
      vertex   -3.332296e+01 -5.237972e+00 1.401766e+02
      vertex   -3.225628e+01 -6.224007e+00 1.401766e+02
    endloop
  endfacet
  facet normal 6.190939e-01 7.853169e-01 -1.195717e-15
    outer loop
      vertex   -3.225628e+01 -6.224007e+00 1.226766e+02
      vertex   -3.225628e+01 -6.224007e+00 1.401766e+02
      vertex   -3.111551e+01 -7.123311e+00 1.226766e+02
    endloop
  endfacet
  facet normal 6.190939e-01 7.853169e-01 -8.247780e-16
    outer loop
      vertex   -3.111551e+01 -7.123311e+00 1.226766e+02
      vertex   -3.225628e+01 -6.224007e+00 1.401766e+02
      vertex   -3.111551e+01 -7.123311e+00 1.401766e+02
    endloop
  endfacet
  facet normal 5.555702e-01 8.314696e-01 -9.138147e-16
    outer loop
      vertex   -3.111551e+01 -7.123311e+00 1.226766e+02
      vertex   -3.111551e+01 -7.123311e+00 1.401766e+02
      vertex   -2.990771e+01 -7.930339e+00 1.226766e+02
    endloop
  endfacet
  facet normal 5.555702e-01 8.314696e-01 -1.139390e-15
    outer loop
      vertex   -2.990771e+01 -7.930339e+00 1.226766e+02
      vertex   -3.111551e+01 -7.123311e+00 1.401766e+02
      vertex   -2.990771e+01 -7.930339e+00 1.401766e+02
    endloop
  endfacet
  facet normal 4.886212e-01 8.724960e-01 -1.195610e-15
    outer loop
      vertex   -2.990771e+01 -7.930339e+00 1.226766e+02
      vertex   -2.990771e+01 -7.930339e+00 1.401766e+02
      vertex   -2.864031e+01 -8.640117e+00 1.226766e+02
    endloop
  endfacet
  facet normal 4.886212e-01 8.724960e-01 -1.239891e-15
    outer loop
      vertex   -2.864031e+01 -8.640117e+00 1.226766e+02
      vertex   -2.990771e+01 -7.930339e+00 1.401766e+02
      vertex   -2.864031e+01 -8.640117e+00 1.401766e+02
    endloop
  endfacet
  facet normal 4.186597e-01 9.081432e-01 -1.290549e-15
    outer loop
      vertex   -2.864031e+01 -8.640117e+00 1.226766e+02
      vertex   -2.864031e+01 -8.640117e+00 1.401766e+02
      vertex   -2.732113e+01 -9.248268e+00 1.226766e+02
    endloop
  endfacet
  facet normal 4.186597e-01 9.081432e-01 -1.198367e-15
    outer loop
      vertex   -2.732113e+01 -9.248268e+00 1.226766e+02
      vertex   -2.864031e+01 -8.640117e+00 1.401766e+02
      vertex   -2.732113e+01 -9.248268e+00 1.401766e+02
    endloop
  endfacet
  facet normal 3.461171e-01 9.381913e-01 -1.238018e-15
    outer loop
      vertex   -2.732113e+01 -9.248268e+00 1.226766e+02
      vertex   -2.732113e+01 -9.248268e+00 1.401766e+02
      vertex   -2.595830e+01 -9.751042e+00 1.226766e+02
    endloop
  endfacet
  facet normal 3.461171e-01 9.381913e-01 -1.238018e-15
    outer loop
      vertex   -2.595830e+01 -9.751042e+00 1.226766e+02
      vertex   -2.732113e+01 -9.248268e+00 1.401766e+02
      vertex   -2.595830e+01 -9.751042e+00 1.401766e+02
    endloop
  endfacet
  facet normal 2.714404e-01 9.624552e-01 -1.270036e-15
    outer loop
      vertex   -2.595830e+01 -9.751042e+00 1.226766e+02
      vertex   -2.595830e+01 -9.751042e+00 1.401766e+02
      vertex   -2.456023e+01 -1.014534e+01 1.226766e+02
    endloop
  endfacet
  facet normal 2.714404e-01 9.624552e-01 -1.367731e-15
    outer loop
      vertex   -2.456023e+01 -1.014534e+01 1.226766e+02
      vertex   -2.595830e+01 -9.751042e+00 1.401766e+02
      vertex   -2.456023e+01 -1.014534e+01 1.401766e+02
    endloop
  endfacet
  facet normal 1.950903e-01 9.807853e-01 -1.393780e-15
    outer loop
      vertex   -2.456023e+01 -1.014534e+01 1.226766e+02
      vertex   -2.456023e+01 -1.014534e+01 1.401766e+02
      vertex   -2.313552e+01 -1.042873e+01 1.226766e+02
    endloop
  endfacet
  facet normal 1.950903e-01 9.807853e-01 -1.393780e-15
    outer loop
      vertex   -2.313552e+01 -1.042873e+01 1.226766e+02
      vertex   -2.456023e+01 -1.014534e+01 1.401766e+02
      vertex   -2.313552e+01 -1.042873e+01 1.401766e+02
    endloop
  endfacet
  facet normal 1.175374e-01 9.930685e-01 -1.411235e-15
    outer loop
      vertex   -2.313552e+01 -1.042873e+01 1.226766e+02
      vertex   -2.313552e+01 -1.042873e+01 1.401766e+02
      vertex   -2.169298e+01 -1.059947e+01 1.226766e+02
    endloop
  endfacet
  facet normal 1.175374e-01 9.930685e-01 -1.411235e-15
    outer loop
      vertex   -2.169298e+01 -1.059947e+01 1.226766e+02
      vertex   -2.313552e+01 -1.042873e+01 1.401766e+02
      vertex   -2.169298e+01 -1.059947e+01 1.401766e+02
    endloop
  endfacet
  facet normal 3.925982e-02 9.992290e-01 -1.419990e-15
    outer loop
      vertex   -2.169298e+01 -1.059947e+01 1.226766e+02
      vertex   -2.169298e+01 -1.059947e+01 1.401766e+02
      vertex   -2.024149e+01 -1.065650e+01 1.226766e+02
    endloop
  endfacet
  facet normal 3.925982e-02 9.992290e-01 -1.419990e-15
    outer loop
      vertex   -2.024149e+01 -1.065650e+01 1.226766e+02
      vertex   -2.169298e+01 -1.059947e+01 1.401766e+02
      vertex   -2.024149e+01 -1.065650e+01 1.401766e+02
    endloop
  endfacet
  facet normal -3.925982e-02 9.992290e-01 -1.419990e-15
    outer loop
      vertex   -2.024149e+01 -1.065650e+01 1.226766e+02
      vertex   -2.024149e+01 -1.065650e+01 1.401766e+02
      vertex   -1.878999e+01 -1.059947e+01 1.226766e+02
    endloop
  endfacet
  facet normal -3.925982e-02 9.992290e-01 -1.419990e-15
    outer loop
      vertex   -1.878999e+01 -1.059947e+01 1.226766e+02
      vertex   -2.024149e+01 -1.065650e+01 1.401766e+02
      vertex   -1.878999e+01 -1.059947e+01 1.401766e+02
    endloop
  endfacet
  facet normal -1.175374e-01 9.930685e-01 -1.411235e-15
    outer loop
      vertex   -1.878999e+01 -1.059947e+01 1.226766e+02
      vertex   -1.878999e+01 -1.059947e+01 1.401766e+02
      vertex   -1.734745e+01 -1.042873e+01 1.226766e+02
    endloop
  endfacet
  facet normal -1.175374e-01 9.930685e-01 -1.411235e-15
    outer loop
      vertex   -1.734745e+01 -1.042873e+01 1.226766e+02
      vertex   -1.878999e+01 -1.059947e+01 1.401766e+02
      vertex   -1.734745e+01 -1.042873e+01 1.401766e+02
    endloop
  endfacet
  facet normal -1.950903e-01 9.807853e-01 -1.393780e-15
    outer loop
      vertex   -1.734745e+01 -1.042873e+01 1.226766e+02
      vertex   -1.734745e+01 -1.042873e+01 1.401766e+02
      vertex   -1.592275e+01 -1.014534e+01 1.226766e+02
    endloop
  endfacet
  facet normal -1.950903e-01 9.807853e-01 -1.393780e-15
    outer loop
      vertex   -1.592275e+01 -1.014534e+01 1.226766e+02
      vertex   -1.734745e+01 -1.042873e+01 1.401766e+02
      vertex   -1.592275e+01 -1.014534e+01 1.401766e+02
    endloop
  endfacet
  facet normal -2.714404e-01 9.624552e-01 -1.367731e-15
    outer loop
      vertex   -1.592275e+01 -1.014534e+01 1.226766e+02
      vertex   -1.592275e+01 -1.014534e+01 1.401766e+02
      vertex   -1.452467e+01 -9.751042e+00 1.226766e+02
    endloop
  endfacet
  facet normal -2.714404e-01 9.624552e-01 -1.367731e-15
    outer loop
      vertex   -1.452467e+01 -9.751042e+00 1.226766e+02
      vertex   -1.592275e+01 -1.014534e+01 1.401766e+02
      vertex   -1.452467e+01 -9.751042e+00 1.401766e+02
    endloop
  endfacet
  facet normal -3.461171e-01 9.381913e-01 -1.333250e-15
    outer loop
      vertex   -1.452467e+01 -9.751042e+00 1.226766e+02
      vertex   -1.452467e+01 -9.751042e+00 1.401766e+02
      vertex   -1.316184e+01 -9.248268e+00 1.226766e+02
    endloop
  endfacet
  facet normal -3.461171e-01 9.381913e-01 -1.238018e-15
    outer loop
      vertex   -1.316184e+01 -9.248268e+00 1.226766e+02
      vertex   -1.452467e+01 -9.751042e+00 1.401766e+02
      vertex   -1.316184e+01 -9.248268e+00 1.401766e+02
    endloop
  endfacet
  facet normal -4.186597e-01 9.081432e-01 -1.198367e-15
    outer loop
      vertex   -1.316184e+01 -9.248268e+00 1.226766e+02
      vertex   -1.316184e+01 -9.248268e+00 1.401766e+02
      vertex   -1.184266e+01 -8.640117e+00 1.226766e+02
    endloop
  endfacet
  facet normal -4.186597e-01 9.081432e-01 -1.290549e-15
    outer loop
      vertex   -1.184266e+01 -8.640117e+00 1.226766e+02
      vertex   -1.316184e+01 -9.248268e+00 1.401766e+02
      vertex   -1.184266e+01 -8.640117e+00 1.401766e+02
    endloop
  endfacet
  facet normal -4.886212e-01 8.724960e-01 -1.239891e-15
    outer loop
      vertex   -1.184266e+01 -8.640117e+00 1.226766e+02
      vertex   -1.184266e+01 -8.640117e+00 1.401766e+02
      vertex   -1.057526e+01 -7.930339e+00 1.226766e+02
    endloop
  endfacet
  facet normal -4.886212e-01 8.724960e-01 -1.239891e-15
    outer loop
      vertex   -1.057526e+01 -7.930339e+00 1.226766e+02
      vertex   -1.184266e+01 -8.640117e+00 1.401766e+02
      vertex   -1.057526e+01 -7.930339e+00 1.401766e+02
    endloop
  endfacet
  facet normal -5.555702e-01 8.314696e-01 -1.181589e-15
    outer loop
      vertex   -1.057526e+01 -7.930339e+00 1.226766e+02
      vertex   -1.057526e+01 -7.930339e+00 1.401766e+02
      vertex   -9.367459e+00 -7.123311e+00 1.226766e+02
    endloop
  endfacet
  facet normal -5.555702e-01 8.314696e-01 -1.139390e-15
    outer loop
      vertex   -9.367459e+00 -7.123311e+00 1.226766e+02
      vertex   -1.057526e+01 -7.930339e+00 1.401766e+02
      vertex   -9.367459e+00 -7.123311e+00 1.401766e+02
    endloop
  endfacet
  facet normal -6.190939e-01 7.853169e-01 -1.076145e-15
    outer loop
      vertex   -9.367459e+00 -7.123311e+00 1.226766e+02
      vertex   -9.367459e+00 -7.123311e+00 1.401766e+02
      vertex   -8.226698e+00 -6.224007e+00 1.226766e+02
    endloop
  endfacet
  facet normal -6.190939e-01 7.853169e-01 -1.076145e-15
    outer loop
      vertex   -8.226698e+00 -6.224007e+00 1.226766e+02
      vertex   -9.367459e+00 -7.123311e+00 1.401766e+02
      vertex   -8.226698e+00 -6.224007e+00 1.401766e+02
    endloop
  endfacet
  facet normal -6.788007e-01 7.343225e-01 -1.006266e-15
    outer loop
      vertex   -8.226698e+00 -6.224007e+00 1.226766e+02
      vertex   -8.226698e+00 -6.224007e+00 1.401766e+02
      vertex   -7.160011e+00 -5.237972e+00 1.226766e+02
    endloop
  endfacet
  facet normal -6.788007e-01 7.343225e-01 -1.006266e-15
    outer loop
      vertex   -7.160011e+00 -5.237972e+00 1.226766e+02
      vertex   -8.226698e+00 -6.224007e+00 1.401766e+02
      vertex   -7.160011e+00 -5.237972e+00 1.401766e+02
    endloop
  endfacet
  facet normal -7.343225e-01 6.788007e-01 -9.301827e-16
    outer loop
      vertex   -7.160011e+00 -5.237972e+00 1.226766e+02
      vertex   -7.160011e+00 -5.237972e+00 1.401766e+02
      vertex   -6.173976e+00 -4.171285e+00 1.226766e+02
    endloop
  endfacet
  facet normal -7.343225e-01 6.788007e-01 -9.646339e-16
    outer loop
      vertex   -6.173976e+00 -4.171285e+00 1.226766e+02
      vertex   -7.160011e+00 -5.237972e+00 1.401766e+02
      vertex   -6.173976e+00 -4.171285e+00 1.401766e+02
    endloop
  endfacet
  facet normal -7.853169e-01 6.190939e-01 -8.797854e-16
    outer loop
      vertex   -6.173976e+00 -4.171285e+00 1.226766e+02
      vertex   -6.173976e+00 -4.171285e+00 1.401766e+02
      vertex   -5.274672e+00 -3.030524e+00 1.226766e+02
    endloop
  endfacet
  facet normal -7.853169e-01 6.190939e-01 -8.797854e-16
    outer loop
      vertex   -5.274672e+00 -3.030524e+00 1.226766e+02
      vertex   -6.173976e+00 -4.171285e+00 1.401766e+02
      vertex   -5.274672e+00 -3.030524e+00 1.401766e+02
    endloop
  endfacet
  facet normal -8.314696e-01 5.555702e-01 -7.895128e-16
    outer loop
      vertex   -5.274672e+00 -3.030524e+00 1.226766e+02
      vertex   -5.274672e+00 -3.030524e+00 1.401766e+02
      vertex   -4.467644e+00 -1.822720e+00 1.226766e+02
    endloop
  endfacet
  facet normal -8.314696e-01 5.555702e-01 -7.895128e-16
    outer loop
      vertex   -4.467644e+00 -1.822720e+00 1.226766e+02
      vertex   -5.274672e+00 -3.030524e+00 1.401766e+02
      vertex   -4.467644e+00 -1.822720e+00 1.401766e+02
    endloop
  endfacet
  facet normal -8.724960e-01 4.886212e-01 -6.943725e-16
    outer loop
      vertex   -4.467644e+00 -1.822720e+00 1.226766e+02
      vertex   -4.467644e+00 -1.822720e+00 1.401766e+02
      vertex   -3.757866e+00 -5.553207e-01 1.226766e+02
    endloop
  endfacet
  facet normal -8.724960e-01 4.886212e-01 -6.974724e-16
    outer loop
      vertex   -3.757866e+00 -5.553207e-01 1.226766e+02
      vertex   -4.467644e+00 -1.822720e+00 1.401766e+02
      vertex   -3.757866e+00 -5.553207e-01 1.401766e+02
    endloop
  endfacet
  facet normal -9.081432e-01 4.186597e-01 -5.976073e-16
    outer loop
      vertex   -3.757866e+00 -5.553207e-01 1.226766e+02
      vertex   -3.757866e+00 -5.553207e-01 1.401766e+02
      vertex   -3.149715e+00 7.638601e-01 1.226766e+02
    endloop
  endfacet
  facet normal -9.081432e-01 4.186597e-01 -5.976073e-16
    outer loop
      vertex   -3.149715e+00 7.638601e-01 1.226766e+02
      vertex   -3.757866e+00 -5.553207e-01 1.401766e+02
      vertex   -3.149715e+00 7.638601e-01 1.401766e+02
    endloop
  endfacet
  facet normal -9.381913e-01 3.461171e-01 -4.940577e-16
    outer loop
      vertex   -3.149715e+00 7.638601e-01 1.226766e+02
      vertex   -3.149715e+00 7.638601e-01 1.401766e+02
      vertex   -2.646941e+00 2.126689e+00 1.226766e+02
    endloop
  endfacet
  facet normal -9.381913e-01 3.461171e-01 -4.918619e-16
    outer loop
      vertex   -2.646941e+00 2.126689e+00 1.226766e+02
      vertex   -3.149715e+00 7.638601e-01 1.401766e+02
      vertex   -2.646941e+00 2.126689e+00 1.401766e+02
    endloop
  endfacet
  facet normal -9.624552e-01 2.714404e-01 -3.857401e-16
    outer loop
      vertex   -2.646941e+00 2.126689e+00 1.226766e+02
      vertex   -2.646941e+00 2.126689e+00 1.401766e+02
      vertex   -2.252643e+00 3.524764e+00 1.226766e+02
    endloop
  endfacet
  facet normal -9.624552e-01 2.714404e-01 -3.926283e-16
    outer loop
      vertex   -2.252643e+00 3.524764e+00 1.226766e+02
      vertex   -2.646941e+00 2.126689e+00 1.401766e+02
      vertex   -2.252643e+00 3.524764e+00 1.401766e+02
    endloop
  endfacet
  facet normal -9.807853e-01 1.950903e-01 -2.821907e-16
    outer loop
      vertex   -2.252643e+00 3.524764e+00 1.226766e+02
      vertex   -2.252643e+00 3.524764e+00 1.401766e+02
      vertex   -1.969252e+00 4.949466e+00 1.226766e+02
    endloop
  endfacet
  facet normal -9.807853e-01 1.950903e-01 -2.772400e-16
    outer loop
      vertex   -1.969252e+00 4.949466e+00 1.226766e+02
      vertex   -2.252643e+00 3.524764e+00 1.401766e+02
      vertex   -1.969252e+00 4.949466e+00 1.401766e+02
    endloop
  endfacet
  facet normal -9.930685e-01 1.175374e-01 -1.670307e-16
    outer loop
      vertex   -1.969252e+00 4.949466e+00 1.226766e+02
      vertex   -1.969252e+00 4.949466e+00 1.401766e+02
      vertex   -1.798516e+00 6.392010e+00 1.226766e+02
    endloop
  endfacet
  facet normal -9.930685e-01 1.175374e-01 -1.610653e-16
    outer loop
      vertex   -1.798516e+00 6.392010e+00 1.226766e+02
      vertex   -1.969252e+00 4.949466e+00 1.401766e+02
      vertex   -1.798516e+00 6.392010e+00 1.401766e+02
    endloop
  endfacet
  facet normal -9.992290e-01 3.925982e-02 -5.379900e-17
    outer loop
      vertex   -1.798516e+00 6.392010e+00 1.226766e+02
      vertex   -1.798516e+00 6.392010e+00 1.401766e+02
      vertex   -1.741487e+00 7.843504e+00 1.401766e+02
    endloop
  endfacet
  facet normal -9.992290e-01 3.925982e-02 -5.579155e-17
    outer loop
      vertex   -1.741487e+00 7.843504e+00 1.401766e+02
      vertex   -1.741487e+00 7.843504e+00 1.051766e+02
      vertex   -1.798516e+00 6.392010e+00 1.226766e+02
    endloop
  endfacet
  facet normal -9.992290e-01 3.925982e-02 -5.778411e-17
    outer loop
      vertex   -1.798516e+00 6.392010e+00 1.226766e+02
      vertex   -1.741487e+00 7.843504e+00 1.051766e+02
      vertex   -1.798516e+00 6.392010e+00 1.051766e+02
    endloop
  endfacet
  facet normal -9.930685e-01 1.175374e-01 -1.729961e-16
    outer loop
      vertex   -1.798516e+00 6.392010e+00 1.226766e+02
      vertex   -1.798516e+00 6.392010e+00 1.051766e+02
      vertex   -1.969252e+00 4.949466e+00 1.226766e+02
    endloop
  endfacet
  facet normal -9.930685e-01 1.175374e-01 -1.670307e-16
    outer loop
      vertex   -1.969252e+00 4.949466e+00 1.226766e+02
      vertex   -1.798516e+00 6.392010e+00 1.051766e+02
      vertex   -1.969252e+00 4.949466e+00 1.051766e+02
    endloop
  endfacet
  facet normal -9.807853e-01 1.950903e-01 -2.772400e-16
    outer loop
      vertex   -1.969252e+00 4.949466e+00 1.226766e+02
      vertex   -1.969252e+00 4.949466e+00 1.051766e+02
      vertex   -2.252643e+00 3.524764e+00 1.226766e+02
    endloop
  endfacet
  facet normal -9.807853e-01 1.950903e-01 -2.772400e-16
    outer loop
      vertex   -2.252643e+00 3.524764e+00 1.226766e+02
      vertex   -1.969252e+00 4.949466e+00 1.051766e+02
      vertex   -2.252643e+00 3.524764e+00 1.051766e+02
    endloop
  endfacet
  facet normal -9.624552e-01 2.714404e-01 -3.857401e-16
    outer loop
      vertex   -2.252643e+00 3.524764e+00 1.226766e+02
      vertex   -2.252643e+00 3.524764e+00 1.051766e+02
      vertex   -2.646941e+00 2.126689e+00 1.226766e+02
    endloop
  endfacet
  facet normal -9.624552e-01 2.714404e-01 -3.857401e-16
    outer loop
      vertex   -2.646941e+00 2.126689e+00 1.226766e+02
      vertex   -2.252643e+00 3.524764e+00 1.051766e+02
      vertex   -2.646941e+00 2.126689e+00 1.051766e+02
    endloop
  endfacet
  facet normal -9.381913e-01 3.461171e-01 -4.918619e-16
    outer loop
      vertex   -2.646941e+00 2.126689e+00 1.226766e+02
      vertex   -2.646941e+00 2.126689e+00 1.051766e+02
      vertex   -3.149715e+00 7.638601e-01 1.226766e+02
    endloop
  endfacet
  facet normal -9.381913e-01 3.461171e-01 -4.940577e-16
    outer loop
      vertex   -3.149715e+00 7.638601e-01 1.226766e+02
      vertex   -2.646941e+00 2.126689e+00 1.051766e+02
      vertex   -3.149715e+00 7.638601e-01 1.051766e+02
    endloop
  endfacet
  facet normal -9.081432e-01 4.186597e-01 -5.976073e-16
    outer loop
      vertex   -3.149715e+00 7.638601e-01 1.226766e+02
      vertex   -3.149715e+00 7.638601e-01 1.051766e+02
      vertex   -3.757866e+00 -5.553207e-01 1.226766e+02
    endloop
  endfacet
  facet normal -9.081432e-01 4.186597e-01 -5.976073e-16
    outer loop
      vertex   -3.757866e+00 -5.553207e-01 1.226766e+02
      vertex   -3.149715e+00 7.638601e-01 1.051766e+02
      vertex   -3.757866e+00 -5.553207e-01 1.051766e+02
    endloop
  endfacet
  facet normal -8.724960e-01 4.886212e-01 -6.974724e-16
    outer loop
      vertex   -3.757866e+00 -5.553207e-01 1.226766e+02
      vertex   -3.757866e+00 -5.553207e-01 1.051766e+02
      vertex   -4.467644e+00 -1.822720e+00 1.226766e+02
    endloop
  endfacet
  facet normal -8.724960e-01 4.886212e-01 -7.005723e-16
    outer loop
      vertex   -4.467644e+00 -1.822720e+00 1.226766e+02
      vertex   -3.757866e+00 -5.553207e-01 1.051766e+02
      vertex   -4.467644e+00 -1.822720e+00 1.051766e+02
    endloop
  endfacet
  facet normal -8.314696e-01 5.555702e-01 -7.965620e-16
    outer loop
      vertex   -4.467644e+00 -1.822720e+00 1.226766e+02
      vertex   -4.467644e+00 -1.822720e+00 1.051766e+02
      vertex   -5.274672e+00 -3.030524e+00 1.226766e+02
    endloop
  endfacet
  facet normal -8.314696e-01 5.555702e-01 -8.036112e-16
    outer loop
      vertex   -5.274672e+00 -3.030524e+00 1.226766e+02
      vertex   -4.467644e+00 -1.822720e+00 1.051766e+02
      vertex   -5.274672e+00 -3.030524e+00 1.051766e+02
    endloop
  endfacet
  facet normal -7.853169e-01 6.190939e-01 -8.954959e-16
    outer loop
      vertex   -5.274672e+00 -3.030524e+00 1.226766e+02
      vertex   -5.274672e+00 -3.030524e+00 1.051766e+02
      vertex   -6.173976e+00 -4.171285e+00 1.226766e+02
    endloop
  endfacet
  facet normal -7.853169e-01 6.190939e-01 -8.797854e-16
    outer loop
      vertex   -6.173976e+00 -4.171285e+00 1.226766e+02
      vertex   -5.274672e+00 -3.030524e+00 1.051766e+02
      vertex   -6.173976e+00 -4.171285e+00 1.051766e+02
    endloop
  endfacet
  facet normal -7.343225e-01 6.788007e-01 -9.646339e-16
    outer loop
      vertex   -6.173976e+00 -4.171285e+00 1.226766e+02
      vertex   -6.173976e+00 -4.171285e+00 1.051766e+02
      vertex   -7.160011e+00 -5.237972e+00 1.226766e+02
    endloop
  endfacet
  facet normal -7.343225e-01 6.788007e-01 -9.990851e-16
    outer loop
      vertex   -7.160011e+00 -5.237972e+00 1.226766e+02
      vertex   -6.173976e+00 -4.171285e+00 1.051766e+02
      vertex   -7.160011e+00 -5.237972e+00 1.051766e+02
    endloop
  endfacet
  facet normal -6.788007e-01 7.343225e-01 -1.080804e-15
    outer loop
      vertex   -7.160011e+00 -5.237972e+00 1.226766e+02
      vertex   -7.160011e+00 -5.237972e+00 1.051766e+02
      vertex   -8.226698e+00 -6.224007e+00 1.226766e+02
    endloop
  endfacet
  facet normal -6.788007e-01 7.343225e-01 -1.080804e-15
    outer loop
      vertex   -8.226698e+00 -6.224007e+00 1.226766e+02
      vertex   -7.160011e+00 -5.237972e+00 1.051766e+02
      vertex   -8.226698e+00 -6.224007e+00 1.051766e+02
    endloop
  endfacet
  facet normal -6.190939e-01 7.853169e-01 -1.155860e-15
    outer loop
      vertex   -8.226698e+00 -6.224007e+00 1.226766e+02
      vertex   -8.226698e+00 -6.224007e+00 1.051766e+02
      vertex   -9.367459e+00 -7.123311e+00 1.226766e+02
    endloop
  endfacet
  facet normal -6.190939e-01 7.853169e-01 -1.155860e-15
    outer loop
      vertex   -9.367459e+00 -7.123311e+00 1.226766e+02
      vertex   -8.226698e+00 -6.224007e+00 1.051766e+02
      vertex   -9.367459e+00 -7.123311e+00 1.051766e+02
    endloop
  endfacet
  facet normal -5.555702e-01 8.314696e-01 -1.223789e-15
    outer loop
      vertex   -9.367459e+00 -7.123311e+00 1.226766e+02
      vertex   -9.367459e+00 -7.123311e+00 1.051766e+02
      vertex   -1.057526e+01 -7.930339e+00 1.226766e+02
    endloop
  endfacet
  facet normal -5.555702e-01 8.314696e-01 -1.181589e-15
    outer loop
      vertex   -1.057526e+01 -7.930339e+00 1.226766e+02
      vertex   -9.367459e+00 -7.123311e+00 1.051766e+02
      vertex   -1.057526e+01 -7.930339e+00 1.051766e+02
    endloop
  endfacet
  facet normal -4.886212e-01 8.724960e-01 -1.239891e-15
    outer loop
      vertex   -1.057526e+01 -7.930339e+00 1.226766e+02
      vertex   -1.057526e+01 -7.930339e+00 1.051766e+02
      vertex   -1.184266e+01 -8.640117e+00 1.226766e+02
    endloop
  endfacet
  facet normal -4.886212e-01 8.724960e-01 -1.239891e-15
    outer loop
      vertex   -1.184266e+01 -8.640117e+00 1.226766e+02
      vertex   -1.057526e+01 -7.930339e+00 1.051766e+02
      vertex   -1.184266e+01 -8.640117e+00 1.051766e+02
    endloop
  endfacet
  facet normal -4.186597e-01 9.081432e-01 -1.290549e-15
    outer loop
      vertex   -1.184266e+01 -8.640117e+00 1.226766e+02
      vertex   -1.184266e+01 -8.640117e+00 1.051766e+02
      vertex   -1.316184e+01 -9.248268e+00 1.226766e+02
    endloop
  endfacet
  facet normal -4.186597e-01 9.081432e-01 -1.382731e-15
    outer loop
      vertex   -1.316184e+01 -9.248268e+00 1.226766e+02
      vertex   -1.184266e+01 -8.640117e+00 1.051766e+02
      vertex   -1.316184e+01 -9.248268e+00 1.051766e+02
    endloop
  endfacet
  facet normal -3.461171e-01 9.381913e-01 -1.428482e-15
    outer loop
      vertex   -1.316184e+01 -9.248268e+00 1.226766e+02
      vertex   -1.316184e+01 -9.248268e+00 1.051766e+02
      vertex   -1.452467e+01 -9.751042e+00 1.226766e+02
    endloop
  endfacet
  facet normal -3.461171e-01 9.381913e-01 -1.333250e-15
    outer loop
      vertex   -1.452467e+01 -9.751042e+00 1.226766e+02
      vertex   -1.316184e+01 -9.248268e+00 1.051766e+02
      vertex   -1.452467e+01 -9.751042e+00 1.051766e+02
    endloop
  endfacet
  facet normal -2.714404e-01 9.624552e-01 -1.367731e-15
    outer loop
      vertex   -1.452467e+01 -9.751042e+00 1.226766e+02
      vertex   -1.452467e+01 -9.751042e+00 1.051766e+02
      vertex   -1.592275e+01 -1.014534e+01 1.226766e+02
    endloop
  endfacet
  facet normal -2.714404e-01 9.624552e-01 -1.465426e-15
    outer loop
      vertex   -1.592275e+01 -1.014534e+01 1.226766e+02
      vertex   -1.452467e+01 -9.751042e+00 1.051766e+02
      vertex   -1.592275e+01 -1.014534e+01 1.051766e+02
    endloop
  endfacet
  facet normal -1.950903e-01 9.807853e-01 -1.493335e-15
    outer loop
      vertex   -1.592275e+01 -1.014534e+01 1.226766e+02
      vertex   -1.592275e+01 -1.014534e+01 1.051766e+02
      vertex   -1.734745e+01 -1.042873e+01 1.226766e+02
    endloop
  endfacet
  facet normal -1.950903e-01 9.807853e-01 -1.393780e-15
    outer loop
      vertex   -1.734745e+01 -1.042873e+01 1.226766e+02
      vertex   -1.592275e+01 -1.014534e+01 1.051766e+02
      vertex   -1.734745e+01 -1.042873e+01 1.051766e+02
    endloop
  endfacet
  facet normal -1.175374e-01 9.930685e-01 -1.411235e-15
    outer loop
      vertex   -1.734745e+01 -1.042873e+01 1.226766e+02
      vertex   -1.734745e+01 -1.042873e+01 1.051766e+02
      vertex   -1.878999e+01 -1.059947e+01 1.226766e+02
    endloop
  endfacet
  facet normal -1.175374e-01 9.930685e-01 -1.411235e-15
    outer loop
      vertex   -1.878999e+01 -1.059947e+01 1.226766e+02
      vertex   -1.734745e+01 -1.042873e+01 1.051766e+02
      vertex   -1.878999e+01 -1.059947e+01 1.051766e+02
    endloop
  endfacet
  facet normal -3.925982e-02 9.992290e-01 -1.419990e-15
    outer loop
      vertex   -1.878999e+01 -1.059947e+01 1.226766e+02
      vertex   -1.878999e+01 -1.059947e+01 1.051766e+02
      vertex   -2.024149e+01 -1.065650e+01 1.226766e+02
    endloop
  endfacet
  facet normal -3.925982e-02 9.992290e-01 -1.419990e-15
    outer loop
      vertex   -2.024149e+01 -1.065650e+01 1.226766e+02
      vertex   -1.878999e+01 -1.059947e+01 1.051766e+02
      vertex   -2.024149e+01 -1.065650e+01 1.051766e+02
    endloop
  endfacet
  facet normal 3.925982e-02 9.992290e-01 -1.419990e-15
    outer loop
      vertex   -2.024149e+01 -1.065650e+01 1.226766e+02
      vertex   -2.024149e+01 -1.065650e+01 1.051766e+02
      vertex   -2.169298e+01 -1.059947e+01 1.226766e+02
    endloop
  endfacet
  facet normal 3.925982e-02 9.992290e-01 -1.419990e-15
    outer loop
      vertex   -2.169298e+01 -1.059947e+01 1.226766e+02
      vertex   -2.024149e+01 -1.065650e+01 1.051766e+02
      vertex   -2.169298e+01 -1.059947e+01 1.051766e+02
    endloop
  endfacet
  facet normal 1.175374e-01 9.930685e-01 -1.411235e-15
    outer loop
      vertex   -2.169298e+01 -1.059947e+01 1.226766e+02
      vertex   -2.169298e+01 -1.059947e+01 1.051766e+02
      vertex   -2.313552e+01 -1.042873e+01 1.226766e+02
    endloop
  endfacet
  facet normal 1.175374e-01 9.930685e-01 -1.411235e-15
    outer loop
      vertex   -2.313552e+01 -1.042873e+01 1.226766e+02
      vertex   -2.169298e+01 -1.059947e+01 1.051766e+02
      vertex   -2.313552e+01 -1.042873e+01 1.051766e+02
    endloop
  endfacet
  facet normal 1.950903e-01 9.807853e-01 -1.393780e-15
    outer loop
      vertex   -2.313552e+01 -1.042873e+01 1.226766e+02
      vertex   -2.313552e+01 -1.042873e+01 1.051766e+02
      vertex   -2.456023e+01 -1.014534e+01 1.226766e+02
    endloop
  endfacet
  facet normal 1.950903e-01 9.807853e-01 -1.393780e-15
    outer loop
      vertex   -2.456023e+01 -1.014534e+01 1.226766e+02
      vertex   -2.313552e+01 -1.042873e+01 1.051766e+02
      vertex   -2.456023e+01 -1.014534e+01 1.051766e+02
    endloop
  endfacet
  facet normal 2.714404e-01 9.624552e-01 -1.367731e-15
    outer loop
      vertex   -2.456023e+01 -1.014534e+01 1.226766e+02
      vertex   -2.456023e+01 -1.014534e+01 1.051766e+02
      vertex   -2.595830e+01 -9.751042e+00 1.226766e+02
    endloop
  endfacet
  facet normal 2.714404e-01 9.624552e-01 -1.465426e-15
    outer loop
      vertex   -2.595830e+01 -9.751042e+00 1.226766e+02
      vertex   -2.456023e+01 -1.014534e+01 1.051766e+02
      vertex   -2.595830e+01 -9.751042e+00 1.051766e+02
    endloop
  endfacet
  facet normal 3.461171e-01 9.381913e-01 -1.428482e-15
    outer loop
      vertex   -2.595830e+01 -9.751042e+00 1.226766e+02
      vertex   -2.595830e+01 -9.751042e+00 1.051766e+02
      vertex   -2.732113e+01 -9.248268e+00 1.226766e+02
    endloop
  endfacet
  facet normal 3.461171e-01 9.381913e-01 -1.428482e-15
    outer loop
      vertex   -2.732113e+01 -9.248268e+00 1.226766e+02
      vertex   -2.595830e+01 -9.751042e+00 1.051766e+02
      vertex   -2.732113e+01 -9.248268e+00 1.051766e+02
    endloop
  endfacet
  facet normal 4.186597e-01 9.081432e-01 -1.382731e-15
    outer loop
      vertex   -2.732113e+01 -9.248268e+00 1.226766e+02
      vertex   -2.732113e+01 -9.248268e+00 1.051766e+02
      vertex   -2.864031e+01 -8.640117e+00 1.226766e+02
    endloop
  endfacet
  facet normal 4.186597e-01 9.081432e-01 -1.382731e-15
    outer loop
      vertex   -2.864031e+01 -8.640117e+00 1.226766e+02
      vertex   -2.732113e+01 -9.248268e+00 1.051766e+02
      vertex   -2.864031e+01 -8.640117e+00 1.051766e+02
    endloop
  endfacet
  facet normal 4.886212e-01 8.724960e-01 -1.328455e-15
    outer loop
      vertex   -2.864031e+01 -8.640117e+00 1.226766e+02
      vertex   -2.864031e+01 -8.640117e+00 1.051766e+02
      vertex   -2.990771e+01 -7.930339e+00 1.226766e+02
    endloop
  endfacet
  facet normal 4.886212e-01 8.724960e-01 -1.284173e-15
    outer loop
      vertex   -2.990771e+01 -7.930339e+00 1.226766e+02
      vertex   -2.864031e+01 -8.640117e+00 1.051766e+02
      vertex   -2.990771e+01 -7.930339e+00 1.051766e+02
    endloop
  endfacet
  facet normal 5.555702e-01 8.314696e-01 -1.223789e-15
    outer loop
      vertex   -2.990771e+01 -7.930339e+00 1.226766e+02
      vertex   -2.990771e+01 -7.930339e+00 1.051766e+02
      vertex   -3.111551e+01 -7.123311e+00 1.226766e+02
    endloop
  endfacet
  facet normal 5.555702e-01 8.314696e-01 -1.449364e-15
    outer loop
      vertex   -3.111551e+01 -7.123311e+00 1.226766e+02
      vertex   -2.990771e+01 -7.930339e+00 1.051766e+02
      vertex   -3.111551e+01 -7.123311e+00 1.051766e+02
    endloop
  endfacet
  facet normal 6.190939e-01 7.853169e-01 -1.407227e-15
    outer loop
      vertex   -3.111551e+01 -7.123311e+00 1.226766e+02
      vertex   -3.111551e+01 -7.123311e+00 1.051766e+02
      vertex   -3.225628e+01 -6.224007e+00 1.226766e+02
    endloop
  endfacet
  facet normal 6.190939e-01 7.853169e-01 -1.036288e-15
    outer loop
      vertex   -3.225628e+01 -6.224007e+00 1.226766e+02
      vertex   -3.111551e+01 -7.123311e+00 1.051766e+02
      vertex   -3.225628e+01 -6.224007e+00 1.051766e+02
    endloop
  endfacet
  facet normal 6.788007e-01 7.343225e-01 -9.689968e-16
    outer loop
      vertex   -3.225628e+01 -6.224007e+00 1.226766e+02
      vertex   -3.225628e+01 -6.224007e+00 1.051766e+02
      vertex   -3.332296e+01 -5.237972e+00 1.226766e+02
    endloop
  endfacet
  facet normal 6.788007e-01 7.343225e-01 -1.080804e-15
    outer loop
      vertex   -3.332296e+01 -5.237972e+00 1.226766e+02
      vertex   -3.225628e+01 -6.224007e+00 1.051766e+02
      vertex   -3.332296e+01 -5.237972e+00 1.051766e+02
    endloop
  endfacet
  facet normal 7.343225e-01 6.788007e-01 -9.990851e-16
    outer loop
      vertex   -3.332296e+01 -5.237972e+00 1.226766e+02
      vertex   -3.332296e+01 -5.237972e+00 1.051766e+02
      vertex   -3.430900e+01 -4.171285e+00 1.226766e+02
    endloop
  endfacet
  facet normal 7.343225e-01 6.788007e-01 -9.646339e-16
    outer loop
      vertex   -3.430900e+01 -4.171285e+00 1.226766e+02
      vertex   -3.332296e+01 -5.237972e+00 1.051766e+02
      vertex   -3.430900e+01 -4.171285e+00 1.051766e+02
    endloop
  endfacet
  facet normal 7.853169e-01 6.190939e-01 -8.797854e-16
    outer loop
      vertex   -3.430900e+01 -4.171285e+00 1.226766e+02
      vertex   -3.430900e+01 -4.171285e+00 1.051766e+02
      vertex   -3.520830e+01 -3.030524e+00 1.226766e+02
    endloop
  endfacet
  facet normal 7.853169e-01 6.190939e-01 -9.583377e-16
    outer loop
      vertex   -3.520830e+01 -3.030524e+00 1.226766e+02
      vertex   -3.430900e+01 -4.171285e+00 1.051766e+02
      vertex   -3.520830e+01 -3.030524e+00 1.051766e+02
    endloop
  endfacet
  facet normal 8.314696e-01 5.555702e-01 -8.600050e-16
    outer loop
      vertex   -3.520830e+01 -3.030524e+00 1.226766e+02
      vertex   -3.520830e+01 -3.030524e+00 1.051766e+02
      vertex   -3.601533e+01 -1.822720e+00 1.226766e+02
    endloop
  endfacet
  facet normal 8.314696e-01 5.555702e-01 -7.895128e-16
    outer loop
      vertex   -3.601533e+01 -1.822720e+00 1.226766e+02
      vertex   -3.520830e+01 -3.030524e+00 1.051766e+02
      vertex   -3.601533e+01 -1.822720e+00 1.051766e+02
    endloop
  endfacet
  facet normal 8.724960e-01 4.886212e-01 -6.943725e-16
    outer loop
      vertex   -3.601533e+01 -1.822720e+00 1.226766e+02
      vertex   -3.601533e+01 -1.822720e+00 1.051766e+02
      vertex   -3.672511e+01 -5.553207e-01 1.226766e+02
    endloop
  endfacet
  facet normal 8.724960e-01 4.886212e-01 -6.974724e-16
    outer loop
      vertex   -3.672511e+01 -5.553207e-01 1.226766e+02
      vertex   -3.601533e+01 -1.822720e+00 1.051766e+02
      vertex   -3.672511e+01 -5.553207e-01 1.051766e+02
    endloop
  endfacet
  facet normal 9.081432e-01 4.186597e-01 -5.976073e-16
    outer loop
      vertex   -3.672511e+01 -5.553207e-01 1.226766e+02
      vertex   -3.672511e+01 -5.553207e-01 1.051766e+02
      vertex   -3.733326e+01 7.638601e-01 1.226766e+02
    endloop
  endfacet
  facet normal 9.081432e-01 4.186597e-01 -5.976073e-16
    outer loop
      vertex   -3.733326e+01 7.638601e-01 1.226766e+02
      vertex   -3.672511e+01 -5.553207e-01 1.051766e+02
      vertex   -3.733326e+01 7.638601e-01 1.051766e+02
    endloop
  endfacet
  facet normal 9.381913e-01 3.461171e-01 -4.940577e-16
    outer loop
      vertex   -3.733326e+01 7.638601e-01 1.226766e+02
      vertex   -3.733326e+01 7.638601e-01 1.051766e+02
      vertex   -3.783603e+01 2.126689e+00 1.226766e+02
    endloop
  endfacet
  facet normal 9.381913e-01 3.461171e-01 -5.182117e-16
    outer loop
      vertex   -3.783603e+01 2.126689e+00 1.226766e+02
      vertex   -3.733326e+01 7.638601e-01 1.051766e+02
      vertex   -3.783603e+01 2.126689e+00 1.051766e+02
    endloop
  endfacet
  facet normal 9.624552e-01 2.714404e-01 -4.064047e-16
    outer loop
      vertex   -3.783603e+01 2.126689e+00 1.226766e+02
      vertex   -3.783603e+01 2.126689e+00 1.051766e+02
      vertex   -3.823033e+01 3.524764e+00 1.226766e+02
    endloop
  endfacet
  facet normal 9.624552e-01 2.714404e-01 -3.926283e-16
    outer loop
      vertex   -3.823033e+01 3.524764e+00 1.226766e+02
      vertex   -3.783603e+01 2.126689e+00 1.051766e+02
      vertex   -3.823033e+01 3.524764e+00 1.051766e+02
    endloop
  endfacet
  facet normal 9.807853e-01 1.950903e-01 -2.821907e-16
    outer loop
      vertex   -3.823033e+01 3.524764e+00 1.226766e+02
      vertex   -3.823033e+01 3.524764e+00 1.051766e+02
      vertex   -3.851372e+01 4.949466e+00 1.226766e+02
    endloop
  endfacet
  facet normal 9.807853e-01 1.950903e-01 -2.871415e-16
    outer loop
      vertex   -3.851372e+01 4.949466e+00 1.226766e+02
      vertex   -3.823033e+01 3.524764e+00 1.051766e+02
      vertex   -3.851372e+01 4.949466e+00 1.051766e+02
    endloop
  endfacet
  facet normal 9.930685e-01 1.175374e-01 -1.729961e-16
    outer loop
      vertex   -3.851372e+01 4.949466e+00 1.226766e+02
      vertex   -3.851372e+01 4.949466e+00 1.051766e+02
      vertex   -3.868446e+01 6.392010e+00 1.226766e+02
    endloop
  endfacet
  facet normal 9.930685e-01 1.175374e-01 -1.729961e-16
    outer loop
      vertex   -3.868446e+01 6.392010e+00 1.226766e+02
      vertex   -3.851372e+01 4.949466e+00 1.051766e+02
      vertex   -3.868446e+01 6.392010e+00 1.051766e+02
    endloop
  endfacet
  facet normal 9.992290e-01 3.925982e-02 -5.778411e-17
    outer loop
      vertex   -3.868446e+01 6.392010e+00 1.226766e+02
      vertex   -3.868446e+01 6.392010e+00 1.051766e+02
      vertex   -3.874149e+01 7.843504e+00 1.051766e+02
    endloop
  endfacet
  facet normal 9.807933e-15 1.000000e+00 -2.450453e-15
    outer loop
      vertex   -4.269751e+01 7.843504e+00 1.110900e+02
      vertex   -4.264149e+01 7.843504e+00 1.116766e+02
      vertex   -3.874149e+01 7.843504e+00 1.051766e+02
    endloop
  endfacet
  facet normal 1.952209e-14 1.000000e+00 3.378043e-15
    outer loop
      vertex   -3.874149e+01 7.843504e+00 1.051766e+02
      vertex   -4.264149e+01 7.843504e+00 1.116766e+02
      vertex   -4.269751e+01 7.843504e+00 1.122633e+02
    endloop
  endfacet
  facet normal 1.347078e-14 1.000000e+00 0.000000e+00
    outer loop
      vertex   -3.874149e+01 7.843504e+00 1.051766e+02
      vertex   -4.269751e+01 7.843504e+00 1.122633e+02
      vertex   -4.269751e+01 7.843504e+00 1.330900e+02
    endloop
  endfacet
  facet normal 0.000000e+00 1.000000e+00 0.000000e+00
    outer loop
      vertex   -4.269751e+01 7.843504e+00 1.330900e+02
      vertex   -4.269751e+01 7.843504e+00 1.122633e+02
      vertex   -4.286355e+01 7.843504e+00 1.325245e+02
    endloop
  endfacet
  facet normal 0.000000e+00 1.000000e+00 0.000000e+00
    outer loop
      vertex   -4.286355e+01 7.843504e+00 1.325245e+02
      vertex   -4.269751e+01 7.843504e+00 1.122633e+02
      vertex   -4.286355e+01 7.843504e+00 1.128288e+02
    endloop
  endfacet
  facet normal 0.000000e+00 1.000000e+00 0.000000e+00
    outer loop
      vertex   -4.286355e+01 7.843504e+00 1.325245e+02
      vertex   -4.286355e+01 7.843504e+00 1.128288e+02
      vertex   -4.313360e+01 7.843504e+00 1.320006e+02
    endloop
  endfacet
  facet normal 0.000000e+00 1.000000e+00 0.000000e+00
    outer loop
      vertex   -4.313360e+01 7.843504e+00 1.320006e+02
      vertex   -4.286355e+01 7.843504e+00 1.128288e+02
      vertex   -4.313360e+01 7.843504e+00 1.133526e+02
    endloop
  endfacet
  facet normal 0.000000e+00 1.000000e+00 0.000000e+00
    outer loop
      vertex   -4.313360e+01 7.843504e+00 1.320006e+02
      vertex   -4.313360e+01 7.843504e+00 1.133526e+02
      vertex   -4.349791e+01 7.843504e+00 1.315374e+02
    endloop
  endfacet
  facet normal 0.000000e+00 1.000000e+00 0.000000e+00
    outer loop
      vertex   -4.349791e+01 7.843504e+00 1.315374e+02
      vertex   -4.313360e+01 7.843504e+00 1.133526e+02
      vertex   -4.349791e+01 7.843504e+00 1.138159e+02
    endloop
  endfacet
  facet normal 0.000000e+00 1.000000e+00 0.000000e+00
    outer loop
      vertex   -4.349791e+01 7.843504e+00 1.315374e+02
      vertex   -4.349791e+01 7.843504e+00 1.138159e+02
      vertex   -4.394331e+01 7.843504e+00 1.311515e+02
    endloop
  endfacet
  facet normal 0.000000e+00 1.000000e+00 0.000000e+00
    outer loop
      vertex   -4.394331e+01 7.843504e+00 1.311515e+02
      vertex   -4.349791e+01 7.843504e+00 1.138159e+02
      vertex   -4.394331e+01 7.843504e+00 1.142018e+02
    endloop
  endfacet
  facet normal 1.740196e-15 1.000000e+00 0.000000e+00
    outer loop
      vertex   -4.394331e+01 7.843504e+00 1.311515e+02
      vertex   -4.394331e+01 7.843504e+00 1.142018e+02
      vertex   -4.445370e+01 7.843504e+00 1.308568e+02
    endloop
  endfacet
  facet normal 1.740196e-15 1.000000e+00 0.000000e+00
    outer loop
      vertex   -4.445370e+01 7.843504e+00 1.308568e+02
      vertex   -4.394331e+01 7.843504e+00 1.142018e+02
      vertex   -4.445370e+01 7.843504e+00 1.144965e+02
    endloop
  endfacet
  facet normal 0.000000e+00 1.000000e+00 0.000000e+00
    outer loop
      vertex   -4.445370e+01 7.843504e+00 1.308568e+02
      vertex   -4.445370e+01 7.843504e+00 1.144965e+02
      vertex   -4.501063e+01 7.843504e+00 1.306640e+02
    endloop
  endfacet
  facet normal 0.000000e+00 1.000000e+00 0.000000e+00
    outer loop
      vertex   -4.501063e+01 7.843504e+00 1.306640e+02
      vertex   -4.445370e+01 7.843504e+00 1.144965e+02
      vertex   -4.501063e+01 7.843504e+00 1.146893e+02
    endloop
  endfacet
  facet normal 0.000000e+00 1.000000e+00 0.000000e+00
    outer loop
      vertex   -4.501063e+01 7.843504e+00 1.306640e+02
      vertex   -4.501063e+01 7.843504e+00 1.146893e+02
      vertex   -4.559398e+01 7.843504e+00 1.305801e+02
    endloop
  endfacet
  facet normal 0.000000e+00 1.000000e+00 0.000000e+00
    outer loop
      vertex   -4.559398e+01 7.843504e+00 1.305801e+02
      vertex   -4.501063e+01 7.843504e+00 1.146893e+02
      vertex   -4.559398e+01 7.843504e+00 1.147731e+02
    endloop
  endfacet
  facet normal 0.000000e+00 1.000000e+00 0.000000e+00
    outer loop
      vertex   -4.559398e+01 7.843504e+00 1.305801e+02
      vertex   -4.559398e+01 7.843504e+00 1.147731e+02
      vertex   -4.618266e+01 7.843504e+00 1.306082e+02
    endloop
  endfacet
  facet normal 0.000000e+00 1.000000e+00 0.000000e+00
    outer loop
      vertex   -4.618266e+01 7.843504e+00 1.306082e+02
      vertex   -4.559398e+01 7.843504e+00 1.147731e+02
      vertex   -4.618266e+01 7.843504e+00 1.147451e+02
    endloop
  endfacet
  facet normal 0.000000e+00 1.000000e+00 0.000000e+00
    outer loop
      vertex   -4.618266e+01 7.843504e+00 1.306082e+02
      vertex   -4.618266e+01 7.843504e+00 1.147451e+02
      vertex   -4.675540e+01 7.843504e+00 1.307471e+02
    endloop
  endfacet
  facet normal 0.000000e+00 1.000000e+00 0.000000e+00
    outer loop
      vertex   -4.675540e+01 7.843504e+00 1.307471e+02
      vertex   -4.618266e+01 7.843504e+00 1.147451e+02
      vertex   -4.675540e+01 7.843504e+00 1.146061e+02
    endloop
  endfacet
  facet normal 0.000000e+00 1.000000e+00 0.000000e+00
    outer loop
      vertex   -4.675540e+01 7.843504e+00 1.307471e+02
      vertex   -4.675540e+01 7.843504e+00 1.146061e+02
      vertex   -4.729149e+01 7.843504e+00 1.309920e+02
    endloop
  endfacet
  facet normal 0.000000e+00 1.000000e+00 0.000000e+00
    outer loop
      vertex   -4.729149e+01 7.843504e+00 1.309920e+02
      vertex   -4.675540e+01 7.843504e+00 1.146061e+02
      vertex   -4.729149e+01 7.843504e+00 1.143613e+02
    endloop
  endfacet
  facet normal 1.850109e-15 1.000000e+00 0.000000e+00
    outer loop
      vertex   -4.729149e+01 7.843504e+00 1.309920e+02
      vertex   -4.729149e+01 7.843504e+00 1.143613e+02
      vertex   -4.777155e+01 7.843504e+00 1.313338e+02
    endloop
  endfacet
  facet normal 1.850109e-15 1.000000e+00 0.000000e+00
    outer loop
      vertex   -4.777155e+01 7.843504e+00 1.313338e+02
      vertex   -4.729149e+01 7.843504e+00 1.143613e+02
      vertex   -4.777155e+01 7.843504e+00 1.140195e+02
    endloop
  endfacet
  facet normal 0.000000e+00 1.000000e+00 0.000000e+00
    outer loop
      vertex   -4.777155e+01 7.843504e+00 1.313338e+02
      vertex   -4.777155e+01 7.843504e+00 1.140195e+02
      vertex   -4.817825e+01 7.843504e+00 1.317603e+02
    endloop
  endfacet
  facet normal 0.000000e+00 1.000000e+00 0.000000e+00
    outer loop
      vertex   -4.817825e+01 7.843504e+00 1.317603e+02
      vertex   -4.777155e+01 7.843504e+00 1.140195e+02
      vertex   -4.817825e+01 7.843504e+00 1.135929e+02
    endloop
  endfacet
  facet normal 0.000000e+00 1.000000e+00 0.000000e+00
    outer loop
      vertex   -4.817825e+01 7.843504e+00 1.317603e+02
      vertex   -4.817825e+01 7.843504e+00 1.135929e+02
      vertex   -4.849688e+01 7.843504e+00 1.322561e+02
    endloop
  endfacet
  facet normal 0.000000e+00 1.000000e+00 0.000000e+00
    outer loop
      vertex   -4.849688e+01 7.843504e+00 1.322561e+02
      vertex   -4.817825e+01 7.843504e+00 1.135929e+02
      vertex   -4.849688e+01 7.843504e+00 1.130971e+02
    endloop
  endfacet
  facet normal 0.000000e+00 1.000000e+00 0.000000e+00
    outer loop
      vertex   -4.849688e+01 7.843504e+00 1.322561e+02
      vertex   -4.849688e+01 7.843504e+00 1.130971e+02
      vertex   -4.871591e+01 7.843504e+00 1.328033e+02
    endloop
  endfacet
  facet normal 0.000000e+00 1.000000e+00 0.000000e+00
    outer loop
      vertex   -4.871591e+01 7.843504e+00 1.328033e+02
      vertex   -4.849688e+01 7.843504e+00 1.130971e+02
      vertex   -4.871591e+01 7.843504e+00 1.125500e+02
    endloop
  endfacet
  facet normal 1.544439e-15 1.000000e+00 0.000000e+00
    outer loop
      vertex   -4.871591e+01 7.843504e+00 1.328033e+02
      vertex   -4.871591e+01 7.843504e+00 1.125500e+02
      vertex   -5.274149e+01 7.843504e+00 1.401766e+02
    endloop
  endfacet
  facet normal 1.544439e-15 1.000000e+00 0.000000e+00
    outer loop
      vertex   -5.274149e+01 7.843504e+00 1.401766e+02
      vertex   -4.871591e+01 7.843504e+00 1.125500e+02
      vertex   -5.274149e+01 7.843504e+00 1.051766e+02
    endloop
  endfacet
  facet normal 2.387145e-15 1.000000e+00 -4.600844e-16
    outer loop
      vertex   -5.274149e+01 7.843504e+00 1.051766e+02
      vertex   -4.871591e+01 7.843504e+00 1.125500e+02
      vertex   -4.882745e+01 7.843504e+00 1.119713e+02
    endloop
  endfacet
  facet normal 1.588449e-15 1.000000e+00 0.000000e+00
    outer loop
      vertex   -5.274149e+01 7.843504e+00 1.051766e+02
      vertex   -4.882745e+01 7.843504e+00 1.119713e+02
      vertex   -4.882745e+01 7.843504e+00 1.113820e+02
    endloop
  endfacet
  facet normal 1.216679e-15 1.000000e+00 2.344957e-16
    outer loop
      vertex   -4.882745e+01 7.843504e+00 1.113820e+02
      vertex   -4.871591e+01 7.843504e+00 1.108033e+02
      vertex   -5.274149e+01 7.843504e+00 1.051766e+02
    endloop
  endfacet
  facet normal 9.903020e-16 1.000000e+00 3.964571e-16
    outer loop
      vertex   -5.274149e+01 7.843504e+00 1.051766e+02
      vertex   -4.871591e+01 7.843504e+00 1.108033e+02
      vertex   -4.849688e+01 7.843504e+00 1.102561e+02
    endloop
  endfacet
  facet normal 8.279724e-16 1.000000e+00 5.321055e-16
    outer loop
      vertex   -5.274149e+01 7.843504e+00 1.051766e+02
      vertex   -4.849688e+01 7.843504e+00 1.102561e+02
      vertex   -4.817825e+01 7.843504e+00 1.097603e+02
    endloop
  endfacet
  facet normal 6.959250e-16 1.000000e+00 6.635632e-16
    outer loop
      vertex   -4.817825e+01 7.843504e+00 1.097603e+02
      vertex   -4.777155e+01 7.843504e+00 1.093338e+02
      vertex   -5.274149e+01 7.843504e+00 1.051766e+02
    endloop
  endfacet
  facet normal 1.574600e-15 1.000000e+00 -3.868981e-16
    outer loop
      vertex   -5.274149e+01 7.843504e+00 1.051766e+02
      vertex   -4.777155e+01 7.843504e+00 1.093338e+02
      vertex   -4.729149e+01 7.843504e+00 1.089920e+02
    endloop
  endfacet
  facet normal 5.147224e-16 1.000000e+00 1.127085e-15
    outer loop
      vertex   -5.274149e+01 7.843504e+00 1.051766e+02
      vertex   -4.729149e+01 7.843504e+00 1.089920e+02
      vertex   -4.675540e+01 7.843504e+00 1.087471e+02
    endloop
  endfacet
  facet normal 3.431930e-16 1.000000e+00 1.414661e-15
    outer loop
      vertex   -4.675540e+01 7.843504e+00 1.087471e+02
      vertex   -4.618266e+01 7.843504e+00 1.086082e+02
      vertex   -5.274149e+01 7.843504e+00 1.051766e+02
    endloop
  endfacet
  facet normal 9.040444e-17 1.000000e+00 1.897823e-15
    outer loop
      vertex   -5.274149e+01 7.843504e+00 1.051766e+02
      vertex   -4.618266e+01 7.843504e+00 1.086082e+02
      vertex   -4.559398e+01 7.843504e+00 1.085801e+02
    endloop
  endfacet
  facet normal 4.377451e-15 1.000000e+00 -7.105139e-15
    outer loop
      vertex   -5.274149e+01 7.843504e+00 1.051766e+02
      vertex   -4.559398e+01 7.843504e+00 1.085801e+02
      vertex   -3.874149e+01 7.843504e+00 1.051766e+02
    endloop
  endfacet
  facet normal 1.774935e-15 1.000000e+00 -1.234494e-14
    outer loop
      vertex   -3.874149e+01 7.843504e+00 1.051766e+02
      vertex   -4.559398e+01 7.843504e+00 1.085801e+02
      vertex   -4.501063e+01 7.843504e+00 1.086640e+02
    endloop
  endfacet
  facet normal 3.314650e-15 1.000000e+00 -9.577051e-15
    outer loop
      vertex   -3.874149e+01 7.843504e+00 1.051766e+02
      vertex   -4.501063e+01 7.843504e+00 1.086640e+02
      vertex   -4.445370e+01 7.843504e+00 1.088568e+02
    endloop
  endfacet
  facet normal 5.400384e-15 1.000000e+00 -6.339632e-15
    outer loop
      vertex   -4.445370e+01 7.843504e+00 1.088568e+02
      vertex   -4.394331e+01 7.843504e+00 1.091515e+02
      vertex   -3.874149e+01 7.843504e+00 1.051766e+02
    endloop
  endfacet
  facet normal 5.443935e-15 1.000000e+00 -6.282636e-15
    outer loop
      vertex   -3.874149e+01 7.843504e+00 1.051766e+02
      vertex   -4.394331e+01 7.843504e+00 1.091515e+02
      vertex   -4.349791e+01 7.843504e+00 1.095374e+02
    endloop
  endfacet
  facet normal 6.510172e-15 1.000000e+00 -5.119656e-15
    outer loop
      vertex   -3.874149e+01 7.843504e+00 1.051766e+02
      vertex   -4.349791e+01 7.843504e+00 1.095374e+02
      vertex   -4.313360e+01 7.843504e+00 1.100006e+02
    endloop
  endfacet
  facet normal 7.746794e-15 1.000000e+00 -3.993750e-15
    outer loop
      vertex   -4.313360e+01 7.843504e+00 1.100006e+02
      vertex   -4.286355e+01 7.843504e+00 1.105245e+02
      vertex   -3.874149e+01 7.843504e+00 1.051766e+02
    endloop
  endfacet
  facet normal 9.361846e-15 1.000000e+00 -2.748886e-15
    outer loop
      vertex   -3.874149e+01 7.843504e+00 1.051766e+02
      vertex   -4.286355e+01 7.843504e+00 1.105245e+02
      vertex   -4.269751e+01 7.843504e+00 1.110900e+02
    endloop
  endfacet
  facet normal 4.354951e-15 1.000000e+00 -1.929756e-15
    outer loop
      vertex   -4.269751e+01 7.843504e+00 1.330900e+02
      vertex   -4.264149e+01 7.843504e+00 1.336766e+02
      vertex   -3.874149e+01 7.843504e+00 1.401766e+02
    endloop
  endfacet
  facet normal -1.194405e-15 1.000000e+00 1.399857e-15
    outer loop
      vertex   -3.874149e+01 7.843504e+00 1.401766e+02
      vertex   -4.264149e+01 7.843504e+00 1.336766e+02
      vertex   -4.269751e+01 7.843504e+00 1.342633e+02
    endloop
  endfacet
  facet normal 6.241231e-16 1.000000e+00 1.832591e-16
    outer loop
      vertex   -3.874149e+01 7.843504e+00 1.401766e+02
      vertex   -4.269751e+01 7.843504e+00 1.342633e+02
      vertex   -4.286355e+01 7.843504e+00 1.348288e+02
    endloop
  endfacet
  facet normal 5.164529e-16 1.000000e+00 2.662500e-16
    outer loop
      vertex   -4.286355e+01 7.843504e+00 1.348288e+02
      vertex   -4.313360e+01 7.843504e+00 1.353526e+02
      vertex   -3.874149e+01 7.843504e+00 1.401766e+02
    endloop
  endfacet
  facet normal 4.340115e-16 1.000000e+00 3.413104e-16
    outer loop
      vertex   -3.874149e+01 7.843504e+00 1.401766e+02
      vertex   -4.313360e+01 7.843504e+00 1.353526e+02
      vertex   -4.349791e+01 7.843504e+00 1.358159e+02
    endloop
  endfacet
  facet normal 3.629290e-16 1.000000e+00 4.188424e-16
    outer loop
      vertex   -3.874149e+01 7.843504e+00 1.401766e+02
      vertex   -4.349791e+01 7.843504e+00 1.358159e+02
      vertex   -4.394331e+01 7.843504e+00 1.362018e+02
    endloop
  endfacet
  facet normal 1.285182e-15 1.000000e+00 -7.881067e-16
    outer loop
      vertex   -4.394331e+01 7.843504e+00 1.362018e+02
      vertex   -4.445370e+01 7.843504e+00 1.364965e+02
      vertex   -3.874149e+01 7.843504e+00 1.401766e+02
    endloop
  endfacet
  facet normal 2.716926e-16 1.000000e+00 7.850042e-16
    outer loop
      vertex   -3.874149e+01 7.843504e+00 1.401766e+02
      vertex   -4.445370e+01 7.843504e+00 1.364965e+02
      vertex   -4.501063e+01 7.843504e+00 1.366893e+02
    endloop
  endfacet
  facet normal 1.454865e-16 1.000000e+00 1.011881e-15
    outer loop
      vertex   -3.874149e+01 7.843504e+00 1.401766e+02
      vertex   -4.501063e+01 7.843504e+00 1.366893e+02
      vertex   -4.559398e+01 7.843504e+00 1.367731e+02
    endloop
  endfacet
  facet normal 8.247371e-16 1.000000e+00 -3.556961e-16
    outer loop
      vertex   -3.874149e+01 7.843504e+00 1.401766e+02
      vertex   -4.559398e+01 7.843504e+00 1.367731e+02
      vertex   -5.274149e+01 7.843504e+00 1.401766e+02
    endloop
  endfacet
  facet normal 9.040444e-17 1.000000e+00 -1.897823e-15
    outer loop
      vertex   -5.274149e+01 7.843504e+00 1.401766e+02
      vertex   -4.559398e+01 7.843504e+00 1.367731e+02
      vertex   -4.618266e+01 7.843504e+00 1.367451e+02
    endloop
  endfacet
  facet normal 3.431930e-16 1.000000e+00 -1.414661e-15
    outer loop
      vertex   -5.274149e+01 7.843504e+00 1.401766e+02
      vertex   -4.618266e+01 7.843504e+00 1.367451e+02
      vertex   -4.675540e+01 7.843504e+00 1.366061e+02
    endloop
  endfacet
  facet normal 5.147224e-16 1.000000e+00 -1.127085e-15
    outer loop
      vertex   -4.675540e+01 7.843504e+00 1.366061e+02
      vertex   -4.729149e+01 7.843504e+00 1.363613e+02
      vertex   -5.274149e+01 7.843504e+00 1.401766e+02
    endloop
  endfacet
  facet normal 1.574600e-15 1.000000e+00 3.868981e-16
    outer loop
      vertex   -5.274149e+01 7.843504e+00 1.401766e+02
      vertex   -4.729149e+01 7.843504e+00 1.363613e+02
      vertex   -4.777155e+01 7.843504e+00 1.360195e+02
    endloop
  endfacet
  facet normal 6.959250e-16 1.000000e+00 -6.635632e-16
    outer loop
      vertex   -5.274149e+01 7.843504e+00 1.401766e+02
      vertex   -4.777155e+01 7.843504e+00 1.360195e+02
      vertex   -4.817825e+01 7.843504e+00 1.355929e+02
    endloop
  endfacet
  facet normal 8.279724e-16 1.000000e+00 -5.321055e-16
    outer loop
      vertex   -4.817825e+01 7.843504e+00 1.355929e+02
      vertex   -4.849688e+01 7.843504e+00 1.350971e+02
      vertex   -5.274149e+01 7.843504e+00 1.401766e+02
    endloop
  endfacet
  facet normal 9.903020e-16 1.000000e+00 -3.964571e-16
    outer loop
      vertex   -5.274149e+01 7.843504e+00 1.401766e+02
      vertex   -4.849688e+01 7.843504e+00 1.350971e+02
      vertex   -4.871591e+01 7.843504e+00 1.345500e+02
    endloop
  endfacet
  facet normal 1.216679e-15 1.000000e+00 -2.344957e-16
    outer loop
      vertex   -5.274149e+01 7.843504e+00 1.401766e+02
      vertex   -4.871591e+01 7.843504e+00 1.345500e+02
      vertex   -4.882745e+01 7.843504e+00 1.339713e+02
    endloop
  endfacet
  facet normal 1.588449e-15 1.000000e+00 0.000000e+00
    outer loop
      vertex   -4.882745e+01 7.843504e+00 1.339713e+02
      vertex   -4.882745e+01 7.843504e+00 1.333820e+02
      vertex   -5.274149e+01 7.843504e+00 1.401766e+02
    endloop
  endfacet
  facet normal 2.387145e-15 1.000000e+00 4.600844e-16
    outer loop
      vertex   -5.274149e+01 7.843504e+00 1.401766e+02
      vertex   -4.882745e+01 7.843504e+00 1.333820e+02
      vertex   -4.871591e+01 7.843504e+00 1.328033e+02
    endloop
  endfacet
  facet normal 3.443735e-15 1.000000e+00 -1.421085e-15
    outer loop
      vertex   -3.874149e+01 7.843504e+00 1.051766e+02
      vertex   -4.269751e+01 7.843504e+00 1.330900e+02
      vertex   -3.874149e+01 7.843504e+00 1.401766e+02
    endloop
  endfacet
  facet normal 1.326446e-01 -1.070818e-02 -9.911058e-01
    outer loop
      vertex   -2.453516e+01 -3.045871e+01 1.111766e+02
      vertex   -2.422698e+01 -3.058347e+01 1.112192e+02
      vertex   -2.459149e+01 -3.115650e+01 1.111766e+02
    endloop
  endfacet
  facet normal 1.305205e-01 -9.335011e-03 -9.914017e-01
    outer loop
      vertex   -2.459149e+01 -3.115650e+01 1.111766e+02
      vertex   -2.422698e+01 -3.058347e+01 1.112192e+02
      vertex   -2.426796e+01 -3.115650e+01 1.112192e+02
    endloop
  endfacet
  facet normal 1.305205e-01 9.335011e-03 -9.914017e-01
    outer loop
      vertex   -2.459149e+01 -3.115650e+01 1.111766e+02
      vertex   -2.426796e+01 -3.115650e+01 1.112192e+02
      vertex   -2.422698e+01 -3.172952e+01 1.112192e+02
    endloop
  endfacet
  facet normal 3.825402e-01 2.735981e-02 -9.235337e-01
    outer loop
      vertex   -2.422698e+01 -3.172952e+01 1.112192e+02
      vertex   -2.426796e+01 -3.115650e+01 1.112192e+02
      vertex   -2.396649e+01 -3.115650e+01 1.113441e+02
    endloop
  endfacet
  facet normal 3.825402e-01 2.735981e-02 -9.235337e-01
    outer loop
      vertex   -2.422698e+01 -3.172952e+01 1.112192e+02
      vertex   -2.396649e+01 -3.115650e+01 1.113441e+02
      vertex   -2.392857e+01 -3.168662e+01 1.113441e+02
    endloop
  endfacet
  facet normal 6.081852e-01 4.349827e-02 -7.926024e-01
    outer loop
      vertex   -2.392857e+01 -3.168662e+01 1.113441e+02
      vertex   -2.396649e+01 -3.115650e+01 1.113441e+02
      vertex   -2.370760e+01 -3.115650e+01 1.115428e+02
    endloop
  endfacet
  facet normal 6.081852e-01 4.349827e-02 -7.926024e-01
    outer loop
      vertex   -2.392857e+01 -3.168662e+01 1.113441e+02
      vertex   -2.370760e+01 -3.115650e+01 1.115428e+02
      vertex   -2.367232e+01 -3.164978e+01 1.115428e+02
    endloop
  endfacet
  facet normal 7.920793e-01 5.665063e-02 -6.077838e-01
    outer loop
      vertex   -2.367232e+01 -3.164978e+01 1.115428e+02
      vertex   -2.370760e+01 -3.115650e+01 1.115428e+02
      vertex   -2.350895e+01 -3.115650e+01 1.118016e+02
    endloop
  endfacet
  facet normal 7.920793e-01 5.665063e-02 -6.077838e-01
    outer loop
      vertex   -2.367232e+01 -3.164978e+01 1.115428e+02
      vertex   -2.350895e+01 -3.115650e+01 1.118016e+02
      vertex   -2.347570e+01 -3.162151e+01 1.118016e+02
    endloop
  endfacet
  facet normal 9.218692e-01 6.593339e-02 -3.818507e-01
    outer loop
      vertex   -2.347570e+01 -3.162151e+01 1.118016e+02
      vertex   -2.350895e+01 -3.115650e+01 1.118016e+02
      vertex   -2.338408e+01 -3.115650e+01 1.121031e+02
    endloop
  endfacet
  facet normal 9.218692e-01 6.593339e-02 -3.818507e-01
    outer loop
      vertex   -2.347570e+01 -3.162151e+01 1.118016e+02
      vertex   -2.338408e+01 -3.115650e+01 1.121031e+02
      vertex   -2.335209e+01 -3.160373e+01 1.121031e+02
    endloop
  endfacet
  facet normal 9.889616e-01 7.073193e-02 -1.301993e-01
    outer loop
      vertex   -2.335209e+01 -3.160373e+01 1.121031e+02
      vertex   -2.338408e+01 -3.115650e+01 1.121031e+02
      vertex   -2.334149e+01 -3.115650e+01 1.124266e+02
    endloop
  endfacet
  facet normal 9.823430e-01 9.380238e-02 -1.618748e-01
    outer loop
      vertex   -2.335209e+01 -3.160373e+01 1.121031e+02
      vertex   -2.334149e+01 -3.115650e+01 1.124266e+02
      vertex   -2.328547e+01 -3.174318e+01 1.124266e+02
    endloop
  endfacet
  facet normal 1.259626e-01 -2.740150e-02 -9.916565e-01
    outer loop
      vertex   -2.422698e+01 -3.058347e+01 1.112192e+02
      vertex   -2.453516e+01 -3.045871e+01 1.111766e+02
      vertex   -2.410486e+01 -3.002211e+01 1.112192e+02
    endloop
  endfacet
  facet normal 1.307934e-01 -3.223767e-02 -9.908854e-01
    outer loop
      vertex   -2.410486e+01 -3.002211e+01 1.112192e+02
      vertex   -2.453516e+01 -3.045871e+01 1.111766e+02
      vertex   -2.436762e+01 -2.977899e+01 1.111766e+02
    endloop
  endfacet
  facet normal 1.195259e-01 -4.458087e-02 -9.918297e-01
    outer loop
      vertex   -2.410486e+01 -3.002211e+01 1.112192e+02
      vertex   -2.436762e+01 -2.977899e+01 1.111766e+02
      vertex   -2.390410e+01 -2.948384e+01 1.112192e+02
    endloop
  endfacet
  facet normal 1.249320e-01 -5.322854e-02 -9.907365e-01
    outer loop
      vertex   -2.390410e+01 -2.948384e+01 1.112192e+02
      vertex   -2.436762e+01 -2.977899e+01 1.111766e+02
      vertex   -2.409322e+01 -2.913495e+01 1.111766e+02
    endloop
  endfacet
  facet normal 1.112900e-01 -6.076896e-02 -9.919283e-01
    outer loop
      vertex   -2.390410e+01 -2.948384e+01 1.112192e+02
      vertex   -2.409322e+01 -2.913495e+01 1.111766e+02
      vertex   -2.362877e+01 -2.897962e+01 1.112192e+02
    endloop
  endfacet
  facet normal 1.152177e-01 -7.285925e-02 -9.906646e-01
    outer loop
      vertex   -2.362877e+01 -2.897962e+01 1.112192e+02
      vertex   -2.409322e+01 -2.913495e+01 1.111766e+02
      vertex   -2.371906e+01 -2.854327e+01 1.111766e+02
    endloop
  endfacet
  facet normal 1.013344e-01 -7.585800e-02 -9.919561e-01
    outer loop
      vertex   -2.362877e+01 -2.897962e+01 1.112192e+02
      vertex   -2.371906e+01 -2.854327e+01 1.111766e+02
      vertex   -2.328449e+01 -2.851972e+01 1.112192e+02
    endloop
  endfacet
  facet normal 1.019946e-01 -9.035930e-02 -9.906727e-01
    outer loop
      vertex   -2.328449e+01 -2.851972e+01 1.112192e+02
      vertex   -2.371906e+01 -2.854327e+01 1.111766e+02
      vertex   -2.325484e+01 -2.801927e+01 1.111766e+02
    endloop
  endfacet
  facet normal 8.973869e-02 -8.973869e-02 -9.919143e-01
    outer loop
      vertex   -2.328449e+01 -2.851972e+01 1.112192e+02
      vertex   -2.325484e+01 -2.801927e+01 1.111766e+02
      vertex   -2.287827e+01 -2.811349e+01 1.112192e+02
    endloop
  endfacet
  facet normal 8.577555e-02 -1.050560e-01 -9.907602e-01
    outer loop
      vertex   -2.287827e+01 -2.811349e+01 1.112192e+02
      vertex   -2.325484e+01 -2.801927e+01 1.111766e+02
      vertex   -2.271257e+01 -2.757652e+01 1.111766e+02
    endloop
  endfacet
  facet normal 7.658202e-02 -1.023016e-01 -9.918012e-01
    outer loop
      vertex   -2.287827e+01 -2.811349e+01 1.112192e+02
      vertex   -2.271257e+01 -2.757652e+01 1.111766e+02
      vertex   -2.241836e+01 -2.776921e+01 1.112192e+02
    endloop
  endfacet
  facet normal 6.721179e-02 -1.164142e-01 -9.909240e-01
    outer loop
      vertex   -2.241836e+01 -2.776921e+01 1.112192e+02
      vertex   -2.271257e+01 -2.757652e+01 1.111766e+02
      vertex   -2.210630e+01 -2.722649e+01 1.111766e+02
    endloop
  endfacet
  facet normal 6.194186e-02 -1.134381e-01 -9.916123e-01
    outer loop
      vertex   -2.241836e+01 -2.776921e+01 1.112192e+02
      vertex   -2.210630e+01 -2.722649e+01 1.111766e+02
      vertex   -2.191415e+01 -2.749388e+01 1.112192e+02
    endloop
  endfacet
  facet normal 4.705191e-02 -1.240657e-01 -9.911578e-01
    outer loop
      vertex   -2.191415e+01 -2.749388e+01 1.112192e+02
      vertex   -2.210630e+01 -2.722649e+01 1.111766e+02
      vertex   -2.145173e+01 -2.697824e+01 1.111766e+02
    endloop
  endfacet
  facet normal 4.589164e-02 -1.230402e-01 -9.913400e-01
    outer loop
      vertex   -2.191415e+01 -2.749388e+01 1.112192e+02
      vertex   -2.145173e+01 -2.697824e+01 1.111766e+02
      vertex   -2.137588e+01 -2.729312e+01 1.112192e+02
    endloop
  endfacet
  facet normal 2.772151e-02 -1.274337e-01 -9.914596e-01
    outer loop
      vertex   -2.137588e+01 -2.729312e+01 1.112192e+02
      vertex   -2.145173e+01 -2.697824e+01 1.111766e+02
      vertex   -2.081451e+01 -2.717100e+01 1.112192e+02
    endloop
  endfacet
  facet normal 8.152247e-02 -3.747528e-01 -9.235337e-01
    outer loop
      vertex   -2.137588e+01 -2.729312e+01 1.112192e+02
      vertex   -2.081451e+01 -2.717100e+01 1.112192e+02
      vertex   -2.077161e+01 -2.746941e+01 1.113441e+02
    endloop
  endfacet
  facet normal 2.735981e-02 -3.825402e-01 -9.235337e-01
    outer loop
      vertex   -2.077161e+01 -2.746941e+01 1.113441e+02
      vertex   -2.081451e+01 -2.717100e+01 1.112192e+02
      vertex   -2.024149e+01 -2.743150e+01 1.113441e+02
    endloop
  endfacet
  facet normal 4.349827e-02 -6.081852e-01 -7.926024e-01
    outer loop
      vertex   -2.077161e+01 -2.746941e+01 1.113441e+02
      vertex   -2.024149e+01 -2.743150e+01 1.113441e+02
      vertex   -2.024149e+01 -2.769038e+01 1.115428e+02
    endloop
  endfacet
  facet normal -4.349827e-02 -6.081852e-01 -7.926024e-01
    outer loop
      vertex   -2.024149e+01 -2.769038e+01 1.115428e+02
      vertex   -2.024149e+01 -2.743150e+01 1.113441e+02
      vertex   -1.974821e+01 -2.772566e+01 1.115428e+02
    endloop
  endfacet
  facet normal -5.665063e-02 -7.920793e-01 -6.077838e-01
    outer loop
      vertex   -2.024149e+01 -2.769038e+01 1.115428e+02
      vertex   -1.974821e+01 -2.772566e+01 1.115428e+02
      vertex   -1.977648e+01 -2.792229e+01 1.118016e+02
    endloop
  endfacet
  facet normal -1.687986e-01 -7.759548e-01 -6.077838e-01
    outer loop
      vertex   -1.977648e+01 -2.792229e+01 1.118016e+02
      vertex   -1.974821e+01 -2.772566e+01 1.115428e+02
      vertex   -1.932093e+01 -2.802138e+01 1.118016e+02
    endloop
  endfacet
  facet normal -1.964579e-01 -9.031026e-01 -3.818507e-01
    outer loop
      vertex   -1.977648e+01 -2.792229e+01 1.118016e+02
      vertex   -1.932093e+01 -2.802138e+01 1.118016e+02
      vertex   -1.935612e+01 -2.814120e+01 1.121031e+02
    endloop
  endfacet
  facet normal -3.229832e-01 -8.659514e-01 -3.818507e-01
    outer loop
      vertex   -1.935612e+01 -2.814120e+01 1.121031e+02
      vertex   -1.932093e+01 -2.802138e+01 1.118016e+02
      vertex   -1.893601e+01 -2.829789e+01 1.121031e+02
    endloop
  endfacet
  facet normal -3.473834e-01 -9.313708e-01 -1.089642e-01
    outer loop
      vertex   -1.935612e+01 -2.814120e+01 1.121031e+02
      vertex   -1.893601e+01 -2.829789e+01 1.121031e+02
      vertex   -1.922758e+01 -2.822699e+01 1.124266e+02
    endloop
  endfacet
  facet normal -4.091936e-01 -8.960091e-01 -1.724190e-01
    outer loop
      vertex   -1.922758e+01 -2.822699e+01 1.124266e+02
      vertex   -1.893601e+01 -2.829789e+01 1.121031e+02
      vertex   -1.869149e+01 -2.847182e+01 1.124266e+02
    endloop
  endfacet
  facet normal -4.763954e-01 -8.724530e-01 -1.089642e-01
    outer loop
      vertex   -1.869149e+01 -2.847182e+01 1.124266e+02
      vertex   -1.893601e+01 -2.829789e+01 1.121031e+02
      vertex   -1.854247e+01 -2.851278e+01 1.121031e+02
    endloop
  endfacet
  facet normal -5.724067e-01 -8.038328e-01 -1.618748e-01
    outer loop
      vertex   -1.869149e+01 -2.847182e+01 1.124266e+02
      vertex   -1.854247e+01 -2.851278e+01 1.121031e+02
      vertex   -1.821142e+01 -2.881367e+01 1.124266e+02
    endloop
  endfacet
  facet normal -5.941765e-01 -7.937269e-01 -1.301993e-01
    outer loop
      vertex   -1.821142e+01 -2.881367e+01 1.124266e+02
      vertex   -1.854247e+01 -2.851278e+01 1.121031e+02
      vertex   -1.818353e+01 -2.878148e+01 1.121031e+02
    endloop
  endfacet
  facet normal -7.010878e-01 -7.010878e-01 -1.301993e-01
    outer loop
      vertex   -1.821142e+01 -2.881367e+01 1.124266e+02
      vertex   -1.818353e+01 -2.878148e+01 1.121031e+02
      vertex   -1.786647e+01 -2.909854e+01 1.121031e+02
    endloop
  endfacet
  facet normal -6.535251e-01 -6.535251e-01 -3.818507e-01
    outer loop
      vertex   -1.786647e+01 -2.909854e+01 1.121031e+02
      vertex   -1.818353e+01 -2.878148e+01 1.121031e+02
      vertex   -1.810175e+01 -2.868711e+01 1.118016e+02
    endloop
  endfacet
  facet normal -6.535251e-01 -6.535251e-01 -3.818507e-01
    outer loop
      vertex   -1.786647e+01 -2.909854e+01 1.121031e+02
      vertex   -1.810175e+01 -2.868711e+01 1.118016e+02
      vertex   -1.777210e+01 -2.901676e+01 1.118016e+02
    endloop
  endfacet
  facet normal -5.615153e-01 -5.615153e-01 -6.077838e-01
    outer loop
      vertex   -1.777210e+01 -2.901676e+01 1.118016e+02
      vertex   -1.810175e+01 -2.868711e+01 1.118016e+02
      vertex   -1.797166e+01 -2.853698e+01 1.115428e+02
    endloop
  endfacet
  facet normal -5.615153e-01 -5.615153e-01 -6.077838e-01
    outer loop
      vertex   -1.777210e+01 -2.901676e+01 1.118016e+02
      vertex   -1.797166e+01 -2.853698e+01 1.115428e+02
      vertex   -1.762197e+01 -2.888667e+01 1.115428e+02
    endloop
  endfacet
  facet normal -4.311504e-01 -4.311504e-01 -7.926024e-01
    outer loop
      vertex   -1.762197e+01 -2.888667e+01 1.115428e+02
      vertex   -1.797166e+01 -2.853698e+01 1.115428e+02
      vertex   -1.780213e+01 -2.834133e+01 1.113441e+02
    endloop
  endfacet
  facet normal -4.311504e-01 -4.311504e-01 -7.926024e-01
    outer loop
      vertex   -1.762197e+01 -2.888667e+01 1.115428e+02
      vertex   -1.780213e+01 -2.834133e+01 1.113441e+02
      vertex   -1.742632e+01 -2.871714e+01 1.113441e+02
    endloop
  endfacet
  facet normal -2.711877e-01 -2.711877e-01 -9.235337e-01
    outer loop
      vertex   -1.742632e+01 -2.871714e+01 1.113441e+02
      vertex   -1.780213e+01 -2.834133e+01 1.113441e+02
      vertex   -1.760471e+01 -2.811349e+01 1.112192e+02
    endloop
  endfacet
  facet normal -2.711877e-01 -2.711877e-01 -9.235337e-01
    outer loop
      vertex   -1.742632e+01 -2.871714e+01 1.113441e+02
      vertex   -1.760471e+01 -2.811349e+01 1.112192e+02
      vertex   -1.719848e+01 -2.851972e+01 1.112192e+02
    endloop
  endfacet
  facet normal -9.164915e-02 -9.164915e-02 -9.915649e-01
    outer loop
      vertex   -1.719848e+01 -2.851972e+01 1.112192e+02
      vertex   -1.760471e+01 -2.811349e+01 1.112192e+02
      vertex   -1.698546e+01 -2.827191e+01 1.111766e+02
    endloop
  endfacet
  facet normal -1.057508e-01 -7.946659e-02 -9.912123e-01
    outer loop
      vertex   -1.719848e+01 -2.851972e+01 1.112192e+02
      vertex   -1.698546e+01 -2.827191e+01 1.111766e+02
      vertex   -1.656491e+01 -2.883157e+01 1.111766e+02
    endloop
  endfacet
  facet normal 2.669223e-02 -1.307472e-01 -9.910564e-01
    outer loop
      vertex   -2.145173e+01 -2.697824e+01 1.111766e+02
      vertex   -2.076582e+01 -2.683821e+01 1.111766e+02
      vertex   -2.081451e+01 -2.717100e+01 1.112192e+02
    endloop
  endfacet
  facet normal 9.173764e-03 -1.282660e-01 -9.916974e-01
    outer loop
      vertex   -2.081451e+01 -2.717100e+01 1.112192e+02
      vertex   -2.076582e+01 -2.683821e+01 1.111766e+02
      vertex   -2.024149e+01 -2.713002e+01 1.112192e+02
    endloop
  endfacet
  facet normal 2.735981e-02 -3.825402e-01 -9.235337e-01
    outer loop
      vertex   -2.081451e+01 -2.717100e+01 1.112192e+02
      vertex   -2.024149e+01 -2.713002e+01 1.112192e+02
      vertex   -2.024149e+01 -2.743150e+01 1.113441e+02
    endloop
  endfacet
  facet normal -2.735981e-02 -3.825402e-01 -9.235337e-01
    outer loop
      vertex   -2.024149e+01 -2.743150e+01 1.113441e+02
      vertex   -2.024149e+01 -2.713002e+01 1.112192e+02
      vertex   -1.971136e+01 -2.746941e+01 1.113441e+02
    endloop
  endfacet
  facet normal -4.349827e-02 -6.081852e-01 -7.926024e-01
    outer loop
      vertex   -2.024149e+01 -2.743150e+01 1.113441e+02
      vertex   -1.971136e+01 -2.746941e+01 1.113441e+02
      vertex   -1.974821e+01 -2.772566e+01 1.115428e+02
    endloop
  endfacet
  facet normal -1.296093e-01 -5.958043e-01 -7.926024e-01
    outer loop
      vertex   -1.974821e+01 -2.772566e+01 1.115428e+02
      vertex   -1.971136e+01 -2.746941e+01 1.113441e+02
      vertex   -1.926497e+01 -2.783078e+01 1.115428e+02
    endloop
  endfacet
  facet normal -1.687986e-01 -7.759548e-01 -6.077838e-01
    outer loop
      vertex   -1.974821e+01 -2.772566e+01 1.115428e+02
      vertex   -1.926497e+01 -2.783078e+01 1.115428e+02
      vertex   -1.932093e+01 -2.802138e+01 1.118016e+02
    endloop
  endfacet
  facet normal -2.775104e-01 -7.440342e-01 -6.077838e-01
    outer loop
      vertex   -1.932093e+01 -2.802138e+01 1.118016e+02
      vertex   -1.926497e+01 -2.783078e+01 1.115428e+02
      vertex   -1.888413e+01 -2.818430e+01 1.118016e+02
    endloop
  endfacet
  facet normal -3.229832e-01 -8.659514e-01 -3.818507e-01
    outer loop
      vertex   -1.932093e+01 -2.802138e+01 1.118016e+02
      vertex   -1.888413e+01 -2.818430e+01 1.118016e+02
      vertex   -1.893601e+01 -2.829789e+01 1.121031e+02
    endloop
  endfacet
  facet normal -4.429334e-01 -8.111720e-01 -3.818507e-01
    outer loop
      vertex   -1.893601e+01 -2.829789e+01 1.121031e+02
      vertex   -1.888413e+01 -2.818430e+01 1.118016e+02
      vertex   -1.854247e+01 -2.851278e+01 1.121031e+02
    endloop
  endfacet
  facet normal 5.434704e-03 -1.348608e-01 -9.908497e-01
    outer loop
      vertex   -2.076582e+01 -2.683821e+01 1.111766e+02
      vertex   -2.006633e+01 -2.681002e+01 1.111766e+02
      vertex   -2.024149e+01 -2.713002e+01 1.112192e+02
    endloop
  endfacet
  facet normal -9.086517e-03 -1.270461e-01 -9.918552e-01
    outer loop
      vertex   -2.024149e+01 -2.713002e+01 1.112192e+02
      vertex   -2.006633e+01 -2.681002e+01 1.111766e+02
      vertex   -1.966846e+01 -2.717100e+01 1.112192e+02
    endloop
  endfacet
  facet normal -2.735981e-02 -3.825402e-01 -9.235337e-01
    outer loop
      vertex   -2.024149e+01 -2.713002e+01 1.112192e+02
      vertex   -1.966846e+01 -2.717100e+01 1.112192e+02
      vertex   -1.971136e+01 -2.746941e+01 1.113441e+02
    endloop
  endfacet
  facet normal -8.152247e-02 -3.747528e-01 -9.235337e-01
    outer loop
      vertex   -1.971136e+01 -2.746941e+01 1.113441e+02
      vertex   -1.966846e+01 -2.717100e+01 1.112192e+02
      vertex   -1.919203e+01 -2.758239e+01 1.113441e+02
    endloop
  endfacet
  facet normal -1.296093e-01 -5.958043e-01 -7.926024e-01
    outer loop
      vertex   -1.971136e+01 -2.746941e+01 1.113441e+02
      vertex   -1.919203e+01 -2.758239e+01 1.113441e+02
      vertex   -1.926497e+01 -2.783078e+01 1.115428e+02
    endloop
  endfacet
  facet normal -2.130819e-01 -5.712946e-01 -7.926024e-01
    outer loop
      vertex   -1.926497e+01 -2.783078e+01 1.115428e+02
      vertex   -1.919203e+01 -2.758239e+01 1.113441e+02
      vertex   -1.880161e+01 -2.800361e+01 1.115428e+02
    endloop
  endfacet
  facet normal -2.775104e-01 -7.440342e-01 -6.077838e-01
    outer loop
      vertex   -1.926497e+01 -2.783078e+01 1.115428e+02
      vertex   -1.880161e+01 -2.800361e+01 1.115428e+02
      vertex   -1.888413e+01 -2.818430e+01 1.118016e+02
    endloop
  endfacet
  facet normal -3.805728e-01 -6.969671e-01 -6.077838e-01
    outer loop
      vertex   -1.888413e+01 -2.818430e+01 1.118016e+02
      vertex   -1.880161e+01 -2.800361e+01 1.115428e+02
      vertex   -1.847496e+01 -2.840773e+01 1.118016e+02
    endloop
  endfacet
  facet normal -4.429334e-01 -8.111720e-01 -3.818507e-01
    outer loop
      vertex   -1.888413e+01 -2.818430e+01 1.118016e+02
      vertex   -1.847496e+01 -2.840773e+01 1.118016e+02
      vertex   -1.854247e+01 -2.851278e+01 1.121031e+02
    endloop
  endfacet
  facet normal -5.538668e-01 -7.398794e-01 -3.818507e-01
    outer loop
      vertex   -1.854247e+01 -2.851278e+01 1.121031e+02
      vertex   -1.847496e+01 -2.840773e+01 1.118016e+02
      vertex   -1.818353e+01 -2.878148e+01 1.121031e+02
    endloop
  endfacet
  facet normal -1.638688e-02 -1.349581e-01 -9.907158e-01
    outer loop
      vertex   -2.006633e+01 -2.681002e+01 1.111766e+02
      vertex   -1.937137e+01 -2.689441e+01 1.111766e+02
      vertex   -1.966846e+01 -2.717100e+01 1.112192e+02
    endloop
  endfacet
  facet normal -2.693481e-02 -1.238173e-01 -9.919394e-01
    outer loop
      vertex   -1.966846e+01 -2.717100e+01 1.112192e+02
      vertex   -1.937137e+01 -2.689441e+01 1.111766e+02
      vertex   -1.910710e+01 -2.729312e+01 1.112192e+02
    endloop
  endfacet
  facet normal -8.152247e-02 -3.747528e-01 -9.235337e-01
    outer loop
      vertex   -1.966846e+01 -2.717100e+01 1.112192e+02
      vertex   -1.910710e+01 -2.729312e+01 1.112192e+02
      vertex   -1.919203e+01 -2.758239e+01 1.113441e+02
    endloop
  endfacet
  facet normal -1.340256e-01 -3.593365e-01 -9.235337e-01
    outer loop
      vertex   -1.919203e+01 -2.758239e+01 1.113441e+02
      vertex   -1.910710e+01 -2.729312e+01 1.112192e+02
      vertex   -1.869407e+01 -2.776812e+01 1.113441e+02
    endloop
  endfacet
  facet normal -2.130819e-01 -5.712946e-01 -7.926024e-01
    outer loop
      vertex   -1.919203e+01 -2.758239e+01 1.113441e+02
      vertex   -1.869407e+01 -2.776812e+01 1.113441e+02
      vertex   -1.880161e+01 -2.800361e+01 1.115428e+02
    endloop
  endfacet
  facet normal -2.922167e-01 -5.351549e-01 -7.926024e-01
    outer loop
      vertex   -1.880161e+01 -2.800361e+01 1.115428e+02
      vertex   -1.869407e+01 -2.776812e+01 1.113441e+02
      vertex   -1.836756e+01 -2.824061e+01 1.115428e+02
    endloop
  endfacet
  facet normal -3.805728e-01 -6.969671e-01 -6.077838e-01
    outer loop
      vertex   -1.880161e+01 -2.800361e+01 1.115428e+02
      vertex   -1.836756e+01 -2.824061e+01 1.115428e+02
      vertex   -1.847496e+01 -2.840773e+01 1.118016e+02
    endloop
  endfacet
  facet normal -4.758879e-01 -6.357118e-01 -6.077838e-01
    outer loop
      vertex   -1.847496e+01 -2.840773e+01 1.118016e+02
      vertex   -1.836756e+01 -2.824061e+01 1.115428e+02
      vertex   -1.810175e+01 -2.868711e+01 1.118016e+02
    endloop
  endfacet
  facet normal -5.538668e-01 -7.398794e-01 -3.818507e-01
    outer loop
      vertex   -1.847496e+01 -2.840773e+01 1.118016e+02
      vertex   -1.810175e+01 -2.868711e+01 1.118016e+02
      vertex   -1.818353e+01 -2.878148e+01 1.121031e+02
    endloop
  endfacet
  facet normal -3.793680e-02 -1.309730e-01 -9.906598e-01
    outer loop
      vertex   -1.937137e+01 -2.689441e+01 1.111766e+02
      vertex   -1.869896e+01 -2.708918e+01 1.111766e+02
      vertex   -1.910710e+01 -2.729312e+01 1.112192e+02
    endloop
  endfacet
  facet normal -4.424362e-02 -1.186217e-01 -9.919533e-01
    outer loop
      vertex   -1.910710e+01 -2.729312e+01 1.112192e+02
      vertex   -1.869896e+01 -2.708918e+01 1.111766e+02
      vertex   -1.856883e+01 -2.749388e+01 1.112192e+02
    endloop
  endfacet
  facet normal -1.340256e-01 -3.593365e-01 -9.235337e-01
    outer loop
      vertex   -1.910710e+01 -2.729312e+01 1.112192e+02
      vertex   -1.856883e+01 -2.749388e+01 1.112192e+02
      vertex   -1.869407e+01 -2.776812e+01 1.113441e+02
    endloop
  endfacet
  facet normal -1.838003e-01 -3.366051e-01 -9.235337e-01
    outer loop
      vertex   -1.869407e+01 -2.776812e+01 1.113441e+02
      vertex   -1.856883e+01 -2.749388e+01 1.112192e+02
      vertex   -1.822760e+01 -2.802283e+01 1.113441e+02
    endloop
  endfacet
  facet normal -2.922167e-01 -5.351549e-01 -7.926024e-01
    outer loop
      vertex   -1.869407e+01 -2.776812e+01 1.113441e+02
      vertex   -1.822760e+01 -2.802283e+01 1.113441e+02
      vertex   -1.836756e+01 -2.824061e+01 1.115428e+02
    endloop
  endfacet
  facet normal -3.654028e-01 -4.881210e-01 -7.926024e-01
    outer loop
      vertex   -1.836756e+01 -2.824061e+01 1.115428e+02
      vertex   -1.822760e+01 -2.802283e+01 1.113441e+02
      vertex   -1.797166e+01 -2.853698e+01 1.115428e+02
    endloop
  endfacet
  facet normal -4.758879e-01 -6.357118e-01 -6.077838e-01
    outer loop
      vertex   -1.836756e+01 -2.824061e+01 1.115428e+02
      vertex   -1.797166e+01 -2.853698e+01 1.115428e+02
      vertex   -1.810175e+01 -2.868711e+01 1.118016e+02
    endloop
  endfacet
  facet normal -5.838012e-02 -1.230335e-01 -9.906839e-01
    outer loop
      vertex   -1.869896e+01 -2.708918e+01 1.111766e+02
      vertex   -1.806649e+01 -2.738929e+01 1.111766e+02
      vertex   -1.856883e+01 -2.749388e+01 1.112192e+02
    endloop
  endfacet
  facet normal -6.088429e-02 -1.115013e-01 -9.918975e-01
    outer loop
      vertex   -1.856883e+01 -2.749388e+01 1.112192e+02
      vertex   -1.806649e+01 -2.738929e+01 1.111766e+02
      vertex   -1.806461e+01 -2.776921e+01 1.112192e+02
    endloop
  endfacet
  facet normal -1.838003e-01 -3.366051e-01 -9.235337e-01
    outer loop
      vertex   -1.856883e+01 -2.749388e+01 1.112192e+02
      vertex   -1.806461e+01 -2.776921e+01 1.112192e+02
      vertex   -1.822760e+01 -2.802283e+01 1.113441e+02
    endloop
  endfacet
  facet normal -2.298334e-01 -3.070214e-01 -9.235337e-01
    outer loop
      vertex   -1.822760e+01 -2.802283e+01 1.113441e+02
      vertex   -1.806461e+01 -2.776921e+01 1.112192e+02
      vertex   -1.780213e+01 -2.834133e+01 1.113441e+02
    endloop
  endfacet
  facet normal -3.654028e-01 -4.881210e-01 -7.926024e-01
    outer loop
      vertex   -1.822760e+01 -2.802283e+01 1.113441e+02
      vertex   -1.780213e+01 -2.834133e+01 1.113441e+02
      vertex   -1.797166e+01 -2.853698e+01 1.115428e+02
    endloop
  endfacet
  facet normal -7.693257e-02 -1.114561e-01 -9.907870e-01
    outer loop
      vertex   -1.806649e+01 -2.738929e+01 1.111766e+02
      vertex   -1.749035e+01 -2.778696e+01 1.111766e+02
      vertex   -1.806461e+01 -2.776921e+01 1.112192e+02
    endloop
  endfacet
  facet normal -7.672845e-02 -1.024972e-01 -9.917697e-01
    outer loop
      vertex   -1.806461e+01 -2.776921e+01 1.112192e+02
      vertex   -1.749035e+01 -2.778696e+01 1.111766e+02
      vertex   -1.760471e+01 -2.811349e+01 1.112192e+02
    endloop
  endfacet
  facet normal -2.298334e-01 -3.070214e-01 -9.235337e-01
    outer loop
      vertex   -1.806461e+01 -2.776921e+01 1.112192e+02
      vertex   -1.760471e+01 -2.811349e+01 1.112192e+02
      vertex   -1.780213e+01 -2.834133e+01 1.113441e+02
    endloop
  endfacet
  facet normal -9.290682e-02 -9.672625e-02 -9.909654e-01
    outer loop
      vertex   -1.749035e+01 -2.778696e+01 1.111766e+02
      vertex   -1.698546e+01 -2.827191e+01 1.111766e+02
      vertex   -1.760471e+01 -2.811349e+01 1.112192e+02
    endloop
  endfacet
  facet normal -1.184664e-01 -6.217596e-02 -9.910095e-01
    outer loop
      vertex   -1.623958e+01 -2.945144e+01 1.111766e+02
      vertex   -1.657888e+01 -2.948384e+01 1.112192e+02
      vertex   -1.656491e+01 -2.883157e+01 1.111766e+02
    endloop
  endfacet
  facet normal -1.140984e-01 -6.230242e-02 -9.915140e-01
    outer loop
      vertex   -1.656491e+01 -2.883157e+01 1.111766e+02
      vertex   -1.657888e+01 -2.948384e+01 1.112192e+02
      vertex   -1.685420e+01 -2.897962e+01 1.112192e+02
    endloop
  endfacet
  facet normal -1.055217e-01 -7.899253e-02 -9.912746e-01
    outer loop
      vertex   -1.656491e+01 -2.883157e+01 1.111766e+02
      vertex   -1.685420e+01 -2.897962e+01 1.112192e+02
      vertex   -1.719848e+01 -2.851972e+01 1.112192e+02
    endloop
  endfacet
  facet normal -3.070214e-01 -2.298334e-01 -9.235337e-01
    outer loop
      vertex   -1.719848e+01 -2.851972e+01 1.112192e+02
      vertex   -1.685420e+01 -2.897962e+01 1.112192e+02
      vertex   -1.710782e+01 -2.914261e+01 1.113441e+02
    endloop
  endfacet
  facet normal -3.070214e-01 -2.298334e-01 -9.235337e-01
    outer loop
      vertex   -1.719848e+01 -2.851972e+01 1.112192e+02
      vertex   -1.710782e+01 -2.914261e+01 1.113441e+02
      vertex   -1.742632e+01 -2.871714e+01 1.113441e+02
    endloop
  endfacet
  facet normal -4.881210e-01 -3.654028e-01 -7.926024e-01
    outer loop
      vertex   -1.742632e+01 -2.871714e+01 1.113441e+02
      vertex   -1.710782e+01 -2.914261e+01 1.113441e+02
      vertex   -1.732560e+01 -2.928257e+01 1.115428e+02
    endloop
  endfacet
  facet normal -4.881210e-01 -3.654028e-01 -7.926024e-01
    outer loop
      vertex   -1.742632e+01 -2.871714e+01 1.113441e+02
      vertex   -1.732560e+01 -2.928257e+01 1.115428e+02
      vertex   -1.762197e+01 -2.888667e+01 1.115428e+02
    endloop
  endfacet
  facet normal -6.357118e-01 -4.758879e-01 -6.077838e-01
    outer loop
      vertex   -1.762197e+01 -2.888667e+01 1.115428e+02
      vertex   -1.732560e+01 -2.928257e+01 1.115428e+02
      vertex   -1.749272e+01 -2.938997e+01 1.118016e+02
    endloop
  endfacet
  facet normal -6.357118e-01 -4.758879e-01 -6.077838e-01
    outer loop
      vertex   -1.762197e+01 -2.888667e+01 1.115428e+02
      vertex   -1.749272e+01 -2.938997e+01 1.118016e+02
      vertex   -1.777210e+01 -2.901676e+01 1.118016e+02
    endloop
  endfacet
  facet normal -7.398794e-01 -5.538668e-01 -3.818507e-01
    outer loop
      vertex   -1.777210e+01 -2.901676e+01 1.118016e+02
      vertex   -1.749272e+01 -2.938997e+01 1.118016e+02
      vertex   -1.759777e+01 -2.945748e+01 1.121031e+02
    endloop
  endfacet
  facet normal -7.398794e-01 -5.538668e-01 -3.818507e-01
    outer loop
      vertex   -1.777210e+01 -2.901676e+01 1.118016e+02
      vertex   -1.759777e+01 -2.945748e+01 1.121031e+02
      vertex   -1.786647e+01 -2.909854e+01 1.121031e+02
    endloop
  endfacet
  facet normal -7.957746e-01 -5.957094e-01 -1.089642e-01
    outer loop
      vertex   -1.786647e+01 -2.909854e+01 1.121031e+02
      vertex   -1.759777e+01 -2.945748e+01 1.121031e+02
      vertex   -1.780472e+01 -2.924020e+01 1.124266e+02
    endloop
  endfacet
  facet normal -7.141889e-01 -6.809778e-01 -1.618748e-01
    outer loop
      vertex   -1.786647e+01 -2.909854e+01 1.121031e+02
      vertex   -1.780472e+01 -2.924020e+01 1.124266e+02
      vertex   -1.821142e+01 -2.881367e+01 1.124266e+02
    endloop
  endfacet
  facet normal -1.202130e-01 -4.483712e-02 -9.917351e-01
    outer loop
      vertex   -1.657888e+01 -2.948384e+01 1.112192e+02
      vertex   -1.623958e+01 -2.945144e+01 1.111766e+02
      vertex   -1.637811e+01 -3.002211e+01 1.112192e+02
    endloop
  endfacet
  facet normal -1.282524e-01 -4.281694e-02 -9.908169e-01
    outer loop
      vertex   -1.637811e+01 -3.002211e+01 1.112192e+02
      vertex   -1.623958e+01 -2.945144e+01 1.111766e+02
      vertex   -1.601789e+01 -3.011547e+01 1.111766e+02
    endloop
  endfacet
  facet normal -1.242878e-01 -2.703717e-02 -9.918778e-01
    outer loop
      vertex   -1.637811e+01 -3.002211e+01 1.112192e+02
      vertex   -1.601789e+01 -3.011547e+01 1.111766e+02
      vertex   -1.625599e+01 -3.058347e+01 1.112192e+02
    endloop
  endfacet
  facet normal -1.343149e-01 -2.182830e-02 -9.906983e-01
    outer loop
      vertex   -1.625599e+01 -3.058347e+01 1.112192e+02
      vertex   -1.601789e+01 -3.011547e+01 1.111766e+02
      vertex   -1.590559e+01 -3.080647e+01 1.111766e+02
    endloop
  endfacet
  facet normal -1.263250e-01 -9.034945e-03 -9.919478e-01
    outer loop
      vertex   -1.625599e+01 -3.058347e+01 1.112192e+02
      vertex   -1.590559e+01 -3.080647e+01 1.111766e+02
      vertex   -1.621501e+01 -3.115650e+01 1.112192e+02
    endloop
  endfacet
  facet normal -1.363683e-01 -6.902285e-16 -9.906582e-01
    outer loop
      vertex   -1.621501e+01 -3.115650e+01 1.112192e+02
      vertex   -1.590559e+01 -3.080647e+01 1.111766e+02
      vertex   -1.590559e+01 -3.150653e+01 1.111766e+02
    endloop
  endfacet
  facet normal -1.263250e-01 9.034945e-03 -9.919478e-01
    outer loop
      vertex   -1.621501e+01 -3.115650e+01 1.112192e+02
      vertex   -1.590559e+01 -3.150653e+01 1.111766e+02
      vertex   -1.625599e+01 -3.172952e+01 1.112192e+02
    endloop
  endfacet
  facet normal -1.343149e-01 2.182830e-02 -9.906983e-01
    outer loop
      vertex   -1.625599e+01 -3.172952e+01 1.112192e+02
      vertex   -1.590559e+01 -3.150653e+01 1.111766e+02
      vertex   -1.601789e+01 -3.219752e+01 1.111766e+02
    endloop
  endfacet
  facet normal -1.242878e-01 2.703717e-02 -9.918778e-01
    outer loop
      vertex   -1.625599e+01 -3.172952e+01 1.112192e+02
      vertex   -1.601789e+01 -3.219752e+01 1.111766e+02
      vertex   -1.637811e+01 -3.229089e+01 1.112192e+02
    endloop
  endfacet
  facet normal -1.282524e-01 4.281694e-02 -9.908169e-01
    outer loop
      vertex   -1.637811e+01 -3.229089e+01 1.112192e+02
      vertex   -1.601789e+01 -3.219752e+01 1.111766e+02
      vertex   -1.623958e+01 -3.286155e+01 1.111766e+02
    endloop
  endfacet
  facet normal -1.202130e-01 4.483712e-02 -9.917351e-01
    outer loop
      vertex   -1.637811e+01 -3.229089e+01 1.112192e+02
      vertex   -1.623958e+01 -3.286155e+01 1.111766e+02
      vertex   -1.657888e+01 -3.282916e+01 1.112192e+02
    endloop
  endfacet
  facet normal -1.184664e-01 6.217596e-02 -9.910095e-01
    outer loop
      vertex   -1.657888e+01 -3.282916e+01 1.112192e+02
      vertex   -1.623958e+01 -3.286155e+01 1.111766e+02
      vertex   -1.656491e+01 -3.348142e+01 1.111766e+02
    endloop
  endfacet
  facet normal -1.140984e-01 6.230242e-02 -9.915140e-01
    outer loop
      vertex   -1.657888e+01 -3.282916e+01 1.112192e+02
      vertex   -1.656491e+01 -3.348142e+01 1.111766e+02
      vertex   -1.685420e+01 -3.333337e+01 1.112192e+02
    endloop
  endfacet
  facet normal -1.055217e-01 7.899253e-02 -9.912746e-01
    outer loop
      vertex   -1.685420e+01 -3.333337e+01 1.112192e+02
      vertex   -1.656491e+01 -3.348142e+01 1.111766e+02
      vertex   -1.719848e+01 -3.379328e+01 1.112192e+02
    endloop
  endfacet
  facet normal -3.070214e-01 2.298334e-01 -9.235337e-01
    outer loop
      vertex   -1.685420e+01 -3.333337e+01 1.112192e+02
      vertex   -1.719848e+01 -3.379328e+01 1.112192e+02
      vertex   -1.742632e+01 -3.359585e+01 1.113441e+02
    endloop
  endfacet
  facet normal -2.711877e-01 2.711877e-01 -9.235337e-01
    outer loop
      vertex   -1.742632e+01 -3.359585e+01 1.113441e+02
      vertex   -1.719848e+01 -3.379328e+01 1.112192e+02
      vertex   -1.780213e+01 -3.397166e+01 1.113441e+02
    endloop
  endfacet
  facet normal -4.311504e-01 4.311504e-01 -7.926024e-01
    outer loop
      vertex   -1.742632e+01 -3.359585e+01 1.113441e+02
      vertex   -1.780213e+01 -3.397166e+01 1.113441e+02
      vertex   -1.797166e+01 -3.377601e+01 1.115428e+02
    endloop
  endfacet
  facet normal -3.654028e-01 4.881210e-01 -7.926024e-01
    outer loop
      vertex   -1.797166e+01 -3.377601e+01 1.115428e+02
      vertex   -1.780213e+01 -3.397166e+01 1.113441e+02
      vertex   -1.836756e+01 -3.407238e+01 1.115428e+02
    endloop
  endfacet
  facet normal -4.758879e-01 6.357118e-01 -6.077838e-01
    outer loop
      vertex   -1.797166e+01 -3.377601e+01 1.115428e+02
      vertex   -1.836756e+01 -3.407238e+01 1.115428e+02
      vertex   -1.847496e+01 -3.390527e+01 1.118016e+02
    endloop
  endfacet
  facet normal -3.805728e-01 6.969671e-01 -6.077838e-01
    outer loop
      vertex   -1.847496e+01 -3.390527e+01 1.118016e+02
      vertex   -1.836756e+01 -3.407238e+01 1.115428e+02
      vertex   -1.888413e+01 -3.412869e+01 1.118016e+02
    endloop
  endfacet
  facet normal -4.429334e-01 8.111720e-01 -3.818507e-01
    outer loop
      vertex   -1.847496e+01 -3.390527e+01 1.118016e+02
      vertex   -1.888413e+01 -3.412869e+01 1.118016e+02
      vertex   -1.893601e+01 -3.401510e+01 1.121031e+02
    endloop
  endfacet
  facet normal -3.229832e-01 8.659514e-01 -3.818507e-01
    outer loop
      vertex   -1.893601e+01 -3.401510e+01 1.121031e+02
      vertex   -1.888413e+01 -3.412869e+01 1.118016e+02
      vertex   -1.935612e+01 -3.417179e+01 1.121031e+02
    endloop
  endfacet
  facet normal -3.473834e-01 9.313708e-01 -1.089642e-01
    outer loop
      vertex   -1.893601e+01 -3.401510e+01 1.121031e+02
      vertex   -1.935612e+01 -3.417179e+01 1.121031e+02
      vertex   -1.922758e+01 -3.408600e+01 1.124266e+02
    endloop
  endfacet
  facet normal -2.326496e-01 9.589946e-01 -1.618748e-01
    outer loop
      vertex   -1.922758e+01 -3.408600e+01 1.124266e+02
      vertex   -1.935612e+01 -3.417179e+01 1.121031e+02
      vertex   -1.980031e+01 -3.422494e+01 1.124266e+02
    endloop
  endfacet
  facet normal -2.107559e-01 9.688292e-01 -1.301993e-01
    outer loop
      vertex   -1.980031e+01 -3.422494e+01 1.124266e+02
      vertex   -1.935612e+01 -3.417179e+01 1.121031e+02
      vertex   -1.979425e+01 -3.426710e+01 1.121031e+02
    endloop
  endfacet
  facet normal -7.073193e-02 9.889616e-01 -1.301993e-01
    outer loop
      vertex   -1.980031e+01 -3.422494e+01 1.124266e+02
      vertex   -1.979425e+01 -3.426710e+01 1.121031e+02
      vertex   -2.024149e+01 -3.429909e+01 1.121031e+02
    endloop
  endfacet
  facet normal -6.593339e-02 9.218692e-01 -3.818507e-01
    outer loop
      vertex   -2.024149e+01 -3.429909e+01 1.121031e+02
      vertex   -1.979425e+01 -3.426710e+01 1.121031e+02
      vertex   -1.977648e+01 -3.439071e+01 1.118016e+02
    endloop
  endfacet
  facet normal -6.593339e-02 9.218692e-01 -3.818507e-01
    outer loop
      vertex   -2.024149e+01 -3.429909e+01 1.121031e+02
      vertex   -1.977648e+01 -3.439071e+01 1.118016e+02
      vertex   -2.024149e+01 -3.442396e+01 1.118016e+02
    endloop
  endfacet
  facet normal -5.665063e-02 7.920793e-01 -6.077838e-01
    outer loop
      vertex   -2.024149e+01 -3.442396e+01 1.118016e+02
      vertex   -1.977648e+01 -3.439071e+01 1.118016e+02
      vertex   -1.974821e+01 -3.458733e+01 1.115428e+02
    endloop
  endfacet
  facet normal -5.665063e-02 7.920793e-01 -6.077838e-01
    outer loop
      vertex   -2.024149e+01 -3.442396e+01 1.118016e+02
      vertex   -1.974821e+01 -3.458733e+01 1.115428e+02
      vertex   -2.024149e+01 -3.462261e+01 1.115428e+02
    endloop
  endfacet
  facet normal -4.349827e-02 6.081852e-01 -7.926024e-01
    outer loop
      vertex   -2.024149e+01 -3.462261e+01 1.115428e+02
      vertex   -1.974821e+01 -3.458733e+01 1.115428e+02
      vertex   -1.971136e+01 -3.484358e+01 1.113441e+02
    endloop
  endfacet
  facet normal -4.349827e-02 6.081852e-01 -7.926024e-01
    outer loop
      vertex   -2.024149e+01 -3.462261e+01 1.115428e+02
      vertex   -1.971136e+01 -3.484358e+01 1.113441e+02
      vertex   -2.024149e+01 -3.488150e+01 1.113441e+02
    endloop
  endfacet
  facet normal -2.735981e-02 3.825402e-01 -9.235337e-01
    outer loop
      vertex   -2.024149e+01 -3.488150e+01 1.113441e+02
      vertex   -1.971136e+01 -3.484358e+01 1.113441e+02
      vertex   -1.966846e+01 -3.514199e+01 1.112192e+02
    endloop
  endfacet
  facet normal -2.735981e-02 3.825402e-01 -9.235337e-01
    outer loop
      vertex   -2.024149e+01 -3.488150e+01 1.113441e+02
      vertex   -1.966846e+01 -3.514199e+01 1.112192e+02
      vertex   -2.024149e+01 -3.518297e+01 1.112192e+02
    endloop
  endfacet
  facet normal -9.086517e-03 1.270461e-01 -9.918552e-01
    outer loop
      vertex   -2.024149e+01 -3.518297e+01 1.112192e+02
      vertex   -1.966846e+01 -3.514199e+01 1.112192e+02
      vertex   -2.006633e+01 -3.550297e+01 1.111766e+02
    endloop
  endfacet
  facet normal 5.434704e-03 1.348608e-01 -9.908497e-01
    outer loop
      vertex   -2.024149e+01 -3.518297e+01 1.112192e+02
      vertex   -2.006633e+01 -3.550297e+01 1.111766e+02
      vertex   -2.076582e+01 -3.547478e+01 1.111766e+02
    endloop
  endfacet
  facet normal -1.057508e-01 7.946659e-02 -9.912123e-01
    outer loop
      vertex   -1.656491e+01 -3.348142e+01 1.111766e+02
      vertex   -1.698546e+01 -3.404108e+01 1.111766e+02
      vertex   -1.719848e+01 -3.379328e+01 1.112192e+02
    endloop
  endfacet
  facet normal -9.164915e-02 9.164915e-02 -9.915649e-01
    outer loop
      vertex   -1.719848e+01 -3.379328e+01 1.112192e+02
      vertex   -1.698546e+01 -3.404108e+01 1.111766e+02
      vertex   -1.760471e+01 -3.419950e+01 1.112192e+02
    endloop
  endfacet
  facet normal -2.711877e-01 2.711877e-01 -9.235337e-01
    outer loop
      vertex   -1.719848e+01 -3.379328e+01 1.112192e+02
      vertex   -1.760471e+01 -3.419950e+01 1.112192e+02
      vertex   -1.780213e+01 -3.397166e+01 1.113441e+02
    endloop
  endfacet
  facet normal -2.298334e-01 3.070214e-01 -9.235337e-01
    outer loop
      vertex   -1.780213e+01 -3.397166e+01 1.113441e+02
      vertex   -1.760471e+01 -3.419950e+01 1.112192e+02
      vertex   -1.822760e+01 -3.429017e+01 1.113441e+02
    endloop
  endfacet
  facet normal -3.654028e-01 4.881210e-01 -7.926024e-01
    outer loop
      vertex   -1.780213e+01 -3.397166e+01 1.113441e+02
      vertex   -1.822760e+01 -3.429017e+01 1.113441e+02
      vertex   -1.836756e+01 -3.407238e+01 1.115428e+02
    endloop
  endfacet
  facet normal -2.922167e-01 5.351549e-01 -7.926024e-01
    outer loop
      vertex   -1.836756e+01 -3.407238e+01 1.115428e+02
      vertex   -1.822760e+01 -3.429017e+01 1.113441e+02
      vertex   -1.880161e+01 -3.430939e+01 1.115428e+02
    endloop
  endfacet
  facet normal -3.805728e-01 6.969671e-01 -6.077838e-01
    outer loop
      vertex   -1.836756e+01 -3.407238e+01 1.115428e+02
      vertex   -1.880161e+01 -3.430939e+01 1.115428e+02
      vertex   -1.888413e+01 -3.412869e+01 1.118016e+02
    endloop
  endfacet
  facet normal -2.775104e-01 7.440342e-01 -6.077838e-01
    outer loop
      vertex   -1.888413e+01 -3.412869e+01 1.118016e+02
      vertex   -1.880161e+01 -3.430939e+01 1.115428e+02
      vertex   -1.932093e+01 -3.429161e+01 1.118016e+02
    endloop
  endfacet
  facet normal -3.229832e-01 8.659514e-01 -3.818507e-01
    outer loop
      vertex   -1.888413e+01 -3.412869e+01 1.118016e+02
      vertex   -1.932093e+01 -3.429161e+01 1.118016e+02
      vertex   -1.935612e+01 -3.417179e+01 1.121031e+02
    endloop
  endfacet
  facet normal -1.964579e-01 9.031026e-01 -3.818507e-01
    outer loop
      vertex   -1.935612e+01 -3.417179e+01 1.121031e+02
      vertex   -1.932093e+01 -3.429161e+01 1.118016e+02
      vertex   -1.979425e+01 -3.426710e+01 1.121031e+02
    endloop
  endfacet
  facet normal -9.290682e-02 9.672625e-02 -9.909654e-01
    outer loop
      vertex   -1.698546e+01 -3.404108e+01 1.111766e+02
      vertex   -1.749035e+01 -3.452603e+01 1.111766e+02
      vertex   -1.760471e+01 -3.419950e+01 1.112192e+02
    endloop
  endfacet
  facet normal -7.672845e-02 1.024972e-01 -9.917697e-01
    outer loop
      vertex   -1.760471e+01 -3.419950e+01 1.112192e+02
      vertex   -1.749035e+01 -3.452603e+01 1.111766e+02
      vertex   -1.806461e+01 -3.454378e+01 1.112192e+02
    endloop
  endfacet
  facet normal -2.298334e-01 3.070214e-01 -9.235337e-01
    outer loop
      vertex   -1.760471e+01 -3.419950e+01 1.112192e+02
      vertex   -1.806461e+01 -3.454378e+01 1.112192e+02
      vertex   -1.822760e+01 -3.429017e+01 1.113441e+02
    endloop
  endfacet
  facet normal -1.838003e-01 3.366051e-01 -9.235337e-01
    outer loop
      vertex   -1.822760e+01 -3.429017e+01 1.113441e+02
      vertex   -1.806461e+01 -3.454378e+01 1.112192e+02
      vertex   -1.869407e+01 -3.454488e+01 1.113441e+02
    endloop
  endfacet
  facet normal -2.922167e-01 5.351549e-01 -7.926024e-01
    outer loop
      vertex   -1.822760e+01 -3.429017e+01 1.113441e+02
      vertex   -1.869407e+01 -3.454488e+01 1.113441e+02
      vertex   -1.880161e+01 -3.430939e+01 1.115428e+02
    endloop
  endfacet
  facet normal -2.130819e-01 5.712946e-01 -7.926024e-01
    outer loop
      vertex   -1.880161e+01 -3.430939e+01 1.115428e+02
      vertex   -1.869407e+01 -3.454488e+01 1.113441e+02
      vertex   -1.926497e+01 -3.448221e+01 1.115428e+02
    endloop
  endfacet
  facet normal -2.775104e-01 7.440342e-01 -6.077838e-01
    outer loop
      vertex   -1.880161e+01 -3.430939e+01 1.115428e+02
      vertex   -1.926497e+01 -3.448221e+01 1.115428e+02
      vertex   -1.932093e+01 -3.429161e+01 1.118016e+02
    endloop
  endfacet
  facet normal -1.687986e-01 7.759548e-01 -6.077838e-01
    outer loop
      vertex   -1.932093e+01 -3.429161e+01 1.118016e+02
      vertex   -1.926497e+01 -3.448221e+01 1.115428e+02
      vertex   -1.977648e+01 -3.439071e+01 1.118016e+02
    endloop
  endfacet
  facet normal -1.964579e-01 9.031026e-01 -3.818507e-01
    outer loop
      vertex   -1.932093e+01 -3.429161e+01 1.118016e+02
      vertex   -1.977648e+01 -3.439071e+01 1.118016e+02
      vertex   -1.979425e+01 -3.426710e+01 1.121031e+02
    endloop
  endfacet
  facet normal -7.693257e-02 1.114561e-01 -9.907870e-01
    outer loop
      vertex   -1.749035e+01 -3.452603e+01 1.111766e+02
      vertex   -1.806649e+01 -3.492371e+01 1.111766e+02
      vertex   -1.806461e+01 -3.454378e+01 1.112192e+02
    endloop
  endfacet
  facet normal -6.088429e-02 1.115013e-01 -9.918975e-01
    outer loop
      vertex   -1.806461e+01 -3.454378e+01 1.112192e+02
      vertex   -1.806649e+01 -3.492371e+01 1.111766e+02
      vertex   -1.856883e+01 -3.481911e+01 1.112192e+02
    endloop
  endfacet
  facet normal -1.838003e-01 3.366051e-01 -9.235337e-01
    outer loop
      vertex   -1.806461e+01 -3.454378e+01 1.112192e+02
      vertex   -1.856883e+01 -3.481911e+01 1.112192e+02
      vertex   -1.869407e+01 -3.454488e+01 1.113441e+02
    endloop
  endfacet
  facet normal -1.340256e-01 3.593365e-01 -9.235337e-01
    outer loop
      vertex   -1.869407e+01 -3.454488e+01 1.113441e+02
      vertex   -1.856883e+01 -3.481911e+01 1.112192e+02
      vertex   -1.919203e+01 -3.473061e+01 1.113441e+02
    endloop
  endfacet
  facet normal -2.130819e-01 5.712946e-01 -7.926024e-01
    outer loop
      vertex   -1.869407e+01 -3.454488e+01 1.113441e+02
      vertex   -1.919203e+01 -3.473061e+01 1.113441e+02
      vertex   -1.926497e+01 -3.448221e+01 1.115428e+02
    endloop
  endfacet
  facet normal -1.296093e-01 5.958043e-01 -7.926024e-01
    outer loop
      vertex   -1.926497e+01 -3.448221e+01 1.115428e+02
      vertex   -1.919203e+01 -3.473061e+01 1.113441e+02
      vertex   -1.974821e+01 -3.458733e+01 1.115428e+02
    endloop
  endfacet
  facet normal -1.687986e-01 7.759548e-01 -6.077838e-01
    outer loop
      vertex   -1.926497e+01 -3.448221e+01 1.115428e+02
      vertex   -1.974821e+01 -3.458733e+01 1.115428e+02
      vertex   -1.977648e+01 -3.439071e+01 1.118016e+02
    endloop
  endfacet
  facet normal -5.838012e-02 1.230335e-01 -9.906839e-01
    outer loop
      vertex   -1.806649e+01 -3.492371e+01 1.111766e+02
      vertex   -1.869896e+01 -3.522382e+01 1.111766e+02
      vertex   -1.856883e+01 -3.481911e+01 1.112192e+02
    endloop
  endfacet
  facet normal -4.424362e-02 1.186217e-01 -9.919533e-01
    outer loop
      vertex   -1.856883e+01 -3.481911e+01 1.112192e+02
      vertex   -1.869896e+01 -3.522382e+01 1.111766e+02
      vertex   -1.910710e+01 -3.501987e+01 1.112192e+02
    endloop
  endfacet
  facet normal -1.340256e-01 3.593365e-01 -9.235337e-01
    outer loop
      vertex   -1.856883e+01 -3.481911e+01 1.112192e+02
      vertex   -1.910710e+01 -3.501987e+01 1.112192e+02
      vertex   -1.919203e+01 -3.473061e+01 1.113441e+02
    endloop
  endfacet
  facet normal -8.152247e-02 3.747528e-01 -9.235337e-01
    outer loop
      vertex   -1.919203e+01 -3.473061e+01 1.113441e+02
      vertex   -1.910710e+01 -3.501987e+01 1.112192e+02
      vertex   -1.971136e+01 -3.484358e+01 1.113441e+02
    endloop
  endfacet
  facet normal -1.296093e-01 5.958043e-01 -7.926024e-01
    outer loop
      vertex   -1.919203e+01 -3.473061e+01 1.113441e+02
      vertex   -1.971136e+01 -3.484358e+01 1.113441e+02
      vertex   -1.974821e+01 -3.458733e+01 1.115428e+02
    endloop
  endfacet
  facet normal -3.793680e-02 1.309730e-01 -9.906598e-01
    outer loop
      vertex   -1.869896e+01 -3.522382e+01 1.111766e+02
      vertex   -1.937137e+01 -3.541859e+01 1.111766e+02
      vertex   -1.910710e+01 -3.501987e+01 1.112192e+02
    endloop
  endfacet
  facet normal -2.693481e-02 1.238173e-01 -9.919394e-01
    outer loop
      vertex   -1.910710e+01 -3.501987e+01 1.112192e+02
      vertex   -1.937137e+01 -3.541859e+01 1.111766e+02
      vertex   -1.966846e+01 -3.514199e+01 1.112192e+02
    endloop
  endfacet
  facet normal -8.152247e-02 3.747528e-01 -9.235337e-01
    outer loop
      vertex   -1.910710e+01 -3.501987e+01 1.112192e+02
      vertex   -1.966846e+01 -3.514199e+01 1.112192e+02
      vertex   -1.971136e+01 -3.484358e+01 1.113441e+02
    endloop
  endfacet
  facet normal -1.638688e-02 1.349581e-01 -9.907158e-01
    outer loop
      vertex   -1.937137e+01 -3.541859e+01 1.111766e+02
      vertex   -2.006633e+01 -3.550297e+01 1.111766e+02
      vertex   -1.966846e+01 -3.514199e+01 1.112192e+02
    endloop
  endfacet
  facet normal 9.173764e-03 1.282660e-01 -9.916974e-01
    outer loop
      vertex   -2.024149e+01 -3.518297e+01 1.112192e+02
      vertex   -2.076582e+01 -3.547478e+01 1.111766e+02
      vertex   -2.081451e+01 -3.514199e+01 1.112192e+02
    endloop
  endfacet
  facet normal 2.669223e-02 1.307472e-01 -9.910564e-01
    outer loop
      vertex   -2.081451e+01 -3.514199e+01 1.112192e+02
      vertex   -2.076582e+01 -3.547478e+01 1.111766e+02
      vertex   -2.145173e+01 -3.533475e+01 1.111766e+02
    endloop
  endfacet
  facet normal 2.772151e-02 1.274337e-01 -9.914596e-01
    outer loop
      vertex   -2.081451e+01 -3.514199e+01 1.112192e+02
      vertex   -2.145173e+01 -3.533475e+01 1.111766e+02
      vertex   -2.137588e+01 -3.501987e+01 1.112192e+02
    endloop
  endfacet
  facet normal 4.589164e-02 1.230402e-01 -9.913400e-01
    outer loop
      vertex   -2.137588e+01 -3.501987e+01 1.112192e+02
      vertex   -2.145173e+01 -3.533475e+01 1.111766e+02
      vertex   -2.191415e+01 -3.481911e+01 1.112192e+02
    endloop
  endfacet
  facet normal 1.340256e-01 3.593365e-01 -9.235337e-01
    outer loop
      vertex   -2.137588e+01 -3.501987e+01 1.112192e+02
      vertex   -2.191415e+01 -3.481911e+01 1.112192e+02
      vertex   -2.178891e+01 -3.454488e+01 1.113441e+02
    endloop
  endfacet
  facet normal 1.838003e-01 3.366051e-01 -9.235337e-01
    outer loop
      vertex   -2.178891e+01 -3.454488e+01 1.113441e+02
      vertex   -2.191415e+01 -3.481911e+01 1.112192e+02
      vertex   -2.225537e+01 -3.429017e+01 1.113441e+02
    endloop
  endfacet
  facet normal 2.922167e-01 5.351549e-01 -7.926024e-01
    outer loop
      vertex   -2.178891e+01 -3.454488e+01 1.113441e+02
      vertex   -2.225537e+01 -3.429017e+01 1.113441e+02
      vertex   -2.211541e+01 -3.407238e+01 1.115428e+02
    endloop
  endfacet
  facet normal 3.654028e-01 4.881210e-01 -7.926024e-01
    outer loop
      vertex   -2.211541e+01 -3.407238e+01 1.115428e+02
      vertex   -2.225537e+01 -3.429017e+01 1.113441e+02
      vertex   -2.251131e+01 -3.377601e+01 1.115428e+02
    endloop
  endfacet
  facet normal 4.758879e-01 6.357118e-01 -6.077838e-01
    outer loop
      vertex   -2.211541e+01 -3.407238e+01 1.115428e+02
      vertex   -2.251131e+01 -3.377601e+01 1.115428e+02
      vertex   -2.238122e+01 -3.362588e+01 1.118016e+02
    endloop
  endfacet
  facet normal 5.615153e-01 5.615153e-01 -6.077838e-01
    outer loop
      vertex   -2.238122e+01 -3.362588e+01 1.118016e+02
      vertex   -2.251131e+01 -3.377601e+01 1.115428e+02
      vertex   -2.271087e+01 -3.329623e+01 1.118016e+02
    endloop
  endfacet
  facet normal 6.535251e-01 6.535251e-01 -3.818507e-01
    outer loop
      vertex   -2.238122e+01 -3.362588e+01 1.118016e+02
      vertex   -2.271087e+01 -3.329623e+01 1.118016e+02
      vertex   -2.261650e+01 -3.321446e+01 1.121031e+02
    endloop
  endfacet
  facet normal 7.398794e-01 5.538668e-01 -3.818507e-01
    outer loop
      vertex   -2.261650e+01 -3.321446e+01 1.121031e+02
      vertex   -2.271087e+01 -3.329623e+01 1.118016e+02
      vertex   -2.288520e+01 -3.285551e+01 1.121031e+02
    endloop
  endfacet
  facet normal 7.937269e-01 5.941765e-01 -1.301993e-01
    outer loop
      vertex   -2.261650e+01 -3.321446e+01 1.121031e+02
      vertex   -2.288520e+01 -3.285551e+01 1.121031e+02
      vertex   -2.284937e+01 -3.283248e+01 1.124266e+02
    endloop
  endfacet
  facet normal 8.702081e-01 4.751695e-01 -1.301993e-01
    outer loop
      vertex   -2.284937e+01 -3.283248e+01 1.124266e+02
      vertex   -2.288520e+01 -3.285551e+01 1.121031e+02
      vertex   -2.310009e+01 -3.246198e+01 1.121031e+02
    endloop
  endfacet
  facet normal 8.771129e-01 4.521831e-01 -1.618748e-01
    outer loop
      vertex   -2.284937e+01 -3.283248e+01 1.124266e+02
      vertex   -2.310009e+01 -3.246198e+01 1.121031e+02
      vertex   -2.311943e+01 -3.230865e+01 1.124266e+02
    endloop
  endfacet
  facet normal 9.313708e-01 3.473834e-01 -1.089642e-01
    outer loop
      vertex   -2.311943e+01 -3.230865e+01 1.124266e+02
      vertex   -2.310009e+01 -3.246198e+01 1.121031e+02
      vertex   -2.325678e+01 -3.204187e+01 1.121031e+02
    endloop
  endfacet
  facet normal 9.451233e-01 2.775132e-01 -1.724190e-01
    outer loop
      vertex   -2.311943e+01 -3.230865e+01 1.124266e+02
      vertex   -2.325678e+01 -3.204187e+01 1.121031e+02
      vertex   -2.328547e+01 -3.174318e+01 1.124266e+02
    endloop
  endfacet
  facet normal 9.713286e-01 2.112996e-01 -1.089642e-01
    outer loop
      vertex   -2.328547e+01 -3.174318e+01 1.124266e+02
      vertex   -2.325678e+01 -3.204187e+01 1.121031e+02
      vertex   -2.335209e+01 -3.160373e+01 1.121031e+02
    endloop
  endfacet
  facet normal 4.705191e-02 1.240657e-01 -9.911578e-01
    outer loop
      vertex   -2.145173e+01 -3.533475e+01 1.111766e+02
      vertex   -2.210630e+01 -3.508651e+01 1.111766e+02
      vertex   -2.191415e+01 -3.481911e+01 1.112192e+02
    endloop
  endfacet
  facet normal 6.194186e-02 1.134381e-01 -9.916123e-01
    outer loop
      vertex   -2.191415e+01 -3.481911e+01 1.112192e+02
      vertex   -2.210630e+01 -3.508651e+01 1.111766e+02
      vertex   -2.241836e+01 -3.454378e+01 1.112192e+02
    endloop
  endfacet
  facet normal 1.838003e-01 3.366051e-01 -9.235337e-01
    outer loop
      vertex   -2.191415e+01 -3.481911e+01 1.112192e+02
      vertex   -2.241836e+01 -3.454378e+01 1.112192e+02
      vertex   -2.225537e+01 -3.429017e+01 1.113441e+02
    endloop
  endfacet
  facet normal 2.298334e-01 3.070214e-01 -9.235337e-01
    outer loop
      vertex   -2.225537e+01 -3.429017e+01 1.113441e+02
      vertex   -2.241836e+01 -3.454378e+01 1.112192e+02
      vertex   -2.268084e+01 -3.397166e+01 1.113441e+02
    endloop
  endfacet
  facet normal 3.654028e-01 4.881210e-01 -7.926024e-01
    outer loop
      vertex   -2.225537e+01 -3.429017e+01 1.113441e+02
      vertex   -2.268084e+01 -3.397166e+01 1.113441e+02
      vertex   -2.251131e+01 -3.377601e+01 1.115428e+02
    endloop
  endfacet
  facet normal 4.311504e-01 4.311504e-01 -7.926024e-01
    outer loop
      vertex   -2.251131e+01 -3.377601e+01 1.115428e+02
      vertex   -2.268084e+01 -3.397166e+01 1.113441e+02
      vertex   -2.286100e+01 -3.342632e+01 1.115428e+02
    endloop
  endfacet
  facet normal 5.615153e-01 5.615153e-01 -6.077838e-01
    outer loop
      vertex   -2.251131e+01 -3.377601e+01 1.115428e+02
      vertex   -2.286100e+01 -3.342632e+01 1.115428e+02
      vertex   -2.271087e+01 -3.329623e+01 1.118016e+02
    endloop
  endfacet
  facet normal 6.357118e-01 4.758879e-01 -6.077838e-01
    outer loop
      vertex   -2.271087e+01 -3.329623e+01 1.118016e+02
      vertex   -2.286100e+01 -3.342632e+01 1.115428e+02
      vertex   -2.299026e+01 -3.292302e+01 1.118016e+02
    endloop
  endfacet
  facet normal 7.398794e-01 5.538668e-01 -3.818507e-01
    outer loop
      vertex   -2.271087e+01 -3.329623e+01 1.118016e+02
      vertex   -2.299026e+01 -3.292302e+01 1.118016e+02
      vertex   -2.288520e+01 -3.285551e+01 1.121031e+02
    endloop
  endfacet
  facet normal 8.111720e-01 4.429334e-01 -3.818507e-01
    outer loop
      vertex   -2.288520e+01 -3.285551e+01 1.121031e+02
      vertex   -2.299026e+01 -3.292302e+01 1.118016e+02
      vertex   -2.310009e+01 -3.246198e+01 1.121031e+02
    endloop
  endfacet
  facet normal 6.721179e-02 1.164142e-01 -9.909240e-01
    outer loop
      vertex   -2.210630e+01 -3.508651e+01 1.111766e+02
      vertex   -2.271257e+01 -3.473648e+01 1.111766e+02
      vertex   -2.241836e+01 -3.454378e+01 1.112192e+02
    endloop
  endfacet
  facet normal 7.658202e-02 1.023016e-01 -9.918012e-01
    outer loop
      vertex   -2.241836e+01 -3.454378e+01 1.112192e+02
      vertex   -2.271257e+01 -3.473648e+01 1.111766e+02
      vertex   -2.287827e+01 -3.419950e+01 1.112192e+02
    endloop
  endfacet
  facet normal 2.298334e-01 3.070214e-01 -9.235337e-01
    outer loop
      vertex   -2.241836e+01 -3.454378e+01 1.112192e+02
      vertex   -2.287827e+01 -3.419950e+01 1.112192e+02
      vertex   -2.268084e+01 -3.397166e+01 1.113441e+02
    endloop
  endfacet
  facet normal 2.711877e-01 2.711877e-01 -9.235337e-01
    outer loop
      vertex   -2.268084e+01 -3.397166e+01 1.113441e+02
      vertex   -2.287827e+01 -3.419950e+01 1.112192e+02
      vertex   -2.305665e+01 -3.359585e+01 1.113441e+02
    endloop
  endfacet
  facet normal 4.311504e-01 4.311504e-01 -7.926024e-01
    outer loop
      vertex   -2.268084e+01 -3.397166e+01 1.113441e+02
      vertex   -2.305665e+01 -3.359585e+01 1.113441e+02
      vertex   -2.286100e+01 -3.342632e+01 1.115428e+02
    endloop
  endfacet
  facet normal 4.881210e-01 3.654028e-01 -7.926024e-01
    outer loop
      vertex   -2.286100e+01 -3.342632e+01 1.115428e+02
      vertex   -2.305665e+01 -3.359585e+01 1.113441e+02
      vertex   -2.315737e+01 -3.303042e+01 1.115428e+02
    endloop
  endfacet
  facet normal 6.357118e-01 4.758879e-01 -6.077838e-01
    outer loop
      vertex   -2.286100e+01 -3.342632e+01 1.115428e+02
      vertex   -2.315737e+01 -3.303042e+01 1.115428e+02
      vertex   -2.299026e+01 -3.292302e+01 1.118016e+02
    endloop
  endfacet
  facet normal 6.969671e-01 3.805728e-01 -6.077838e-01
    outer loop
      vertex   -2.299026e+01 -3.292302e+01 1.118016e+02
      vertex   -2.315737e+01 -3.303042e+01 1.115428e+02
      vertex   -2.321368e+01 -3.251385e+01 1.118016e+02
    endloop
  endfacet
  facet normal 8.111720e-01 4.429334e-01 -3.818507e-01
    outer loop
      vertex   -2.299026e+01 -3.292302e+01 1.118016e+02
      vertex   -2.321368e+01 -3.251385e+01 1.118016e+02
      vertex   -2.310009e+01 -3.246198e+01 1.121031e+02
    endloop
  endfacet
  facet normal 8.659514e-01 3.229832e-01 -3.818507e-01
    outer loop
      vertex   -2.310009e+01 -3.246198e+01 1.121031e+02
      vertex   -2.321368e+01 -3.251385e+01 1.118016e+02
      vertex   -2.325678e+01 -3.204187e+01 1.121031e+02
    endloop
  endfacet
  facet normal 8.577555e-02 1.050560e-01 -9.907602e-01
    outer loop
      vertex   -2.271257e+01 -3.473648e+01 1.111766e+02
      vertex   -2.325484e+01 -3.429373e+01 1.111766e+02
      vertex   -2.287827e+01 -3.419950e+01 1.112192e+02
    endloop
  endfacet
  facet normal 8.973869e-02 8.973869e-02 -9.919143e-01
    outer loop
      vertex   -2.287827e+01 -3.419950e+01 1.112192e+02
      vertex   -2.325484e+01 -3.429373e+01 1.111766e+02
      vertex   -2.328449e+01 -3.379328e+01 1.112192e+02
    endloop
  endfacet
  facet normal 2.711877e-01 2.711877e-01 -9.235337e-01
    outer loop
      vertex   -2.287827e+01 -3.419950e+01 1.112192e+02
      vertex   -2.328449e+01 -3.379328e+01 1.112192e+02
      vertex   -2.305665e+01 -3.359585e+01 1.113441e+02
    endloop
  endfacet
  facet normal 3.070214e-01 2.298334e-01 -9.235337e-01
    outer loop
      vertex   -2.305665e+01 -3.359585e+01 1.113441e+02
      vertex   -2.328449e+01 -3.379328e+01 1.112192e+02
      vertex   -2.337516e+01 -3.317038e+01 1.113441e+02
    endloop
  endfacet
  facet normal 4.881210e-01 3.654028e-01 -7.926024e-01
    outer loop
      vertex   -2.305665e+01 -3.359585e+01 1.113441e+02
      vertex   -2.337516e+01 -3.317038e+01 1.113441e+02
      vertex   -2.315737e+01 -3.303042e+01 1.115428e+02
    endloop
  endfacet
  facet normal 5.351549e-01 2.922167e-01 -7.926024e-01
    outer loop
      vertex   -2.315737e+01 -3.303042e+01 1.115428e+02
      vertex   -2.337516e+01 -3.317038e+01 1.113441e+02
      vertex   -2.339438e+01 -3.259637e+01 1.115428e+02
    endloop
  endfacet
  facet normal 6.969671e-01 3.805728e-01 -6.077838e-01
    outer loop
      vertex   -2.315737e+01 -3.303042e+01 1.115428e+02
      vertex   -2.339438e+01 -3.259637e+01 1.115428e+02
      vertex   -2.321368e+01 -3.251385e+01 1.118016e+02
    endloop
  endfacet
  facet normal 7.440342e-01 2.775104e-01 -6.077838e-01
    outer loop
      vertex   -2.321368e+01 -3.251385e+01 1.118016e+02
      vertex   -2.339438e+01 -3.259637e+01 1.115428e+02
      vertex   -2.337660e+01 -3.207705e+01 1.118016e+02
    endloop
  endfacet
  facet normal 8.659514e-01 3.229832e-01 -3.818507e-01
    outer loop
      vertex   -2.321368e+01 -3.251385e+01 1.118016e+02
      vertex   -2.337660e+01 -3.207705e+01 1.118016e+02
      vertex   -2.325678e+01 -3.204187e+01 1.121031e+02
    endloop
  endfacet
  facet normal 9.031026e-01 1.964579e-01 -3.818507e-01
    outer loop
      vertex   -2.325678e+01 -3.204187e+01 1.121031e+02
      vertex   -2.337660e+01 -3.207705e+01 1.118016e+02
      vertex   -2.335209e+01 -3.160373e+01 1.121031e+02
    endloop
  endfacet
  facet normal 1.019946e-01 9.035930e-02 -9.906727e-01
    outer loop
      vertex   -2.325484e+01 -3.429373e+01 1.111766e+02
      vertex   -2.371906e+01 -3.376973e+01 1.111766e+02
      vertex   -2.328449e+01 -3.379328e+01 1.112192e+02
    endloop
  endfacet
  facet normal 1.013344e-01 7.585800e-02 -9.919561e-01
    outer loop
      vertex   -2.328449e+01 -3.379328e+01 1.112192e+02
      vertex   -2.371906e+01 -3.376973e+01 1.111766e+02
      vertex   -2.362877e+01 -3.333337e+01 1.112192e+02
    endloop
  endfacet
  facet normal 3.070214e-01 2.298334e-01 -9.235337e-01
    outer loop
      vertex   -2.328449e+01 -3.379328e+01 1.112192e+02
      vertex   -2.362877e+01 -3.333337e+01 1.112192e+02
      vertex   -2.337516e+01 -3.317038e+01 1.113441e+02
    endloop
  endfacet
  facet normal 3.366051e-01 1.838003e-01 -9.235337e-01
    outer loop
      vertex   -2.337516e+01 -3.317038e+01 1.113441e+02
      vertex   -2.362877e+01 -3.333337e+01 1.112192e+02
      vertex   -2.362987e+01 -3.270392e+01 1.113441e+02
    endloop
  endfacet
  facet normal 5.351549e-01 2.922167e-01 -7.926024e-01
    outer loop
      vertex   -2.337516e+01 -3.317038e+01 1.113441e+02
      vertex   -2.362987e+01 -3.270392e+01 1.113441e+02
      vertex   -2.339438e+01 -3.259637e+01 1.115428e+02
    endloop
  endfacet
  facet normal 5.712946e-01 2.130819e-01 -7.926024e-01
    outer loop
      vertex   -2.339438e+01 -3.259637e+01 1.115428e+02
      vertex   -2.362987e+01 -3.270392e+01 1.113441e+02
      vertex   -2.356720e+01 -3.213301e+01 1.115428e+02
    endloop
  endfacet
  facet normal 7.440342e-01 2.775104e-01 -6.077838e-01
    outer loop
      vertex   -2.339438e+01 -3.259637e+01 1.115428e+02
      vertex   -2.356720e+01 -3.213301e+01 1.115428e+02
      vertex   -2.337660e+01 -3.207705e+01 1.118016e+02
    endloop
  endfacet
  facet normal 7.759548e-01 1.687986e-01 -6.077838e-01
    outer loop
      vertex   -2.337660e+01 -3.207705e+01 1.118016e+02
      vertex   -2.356720e+01 -3.213301e+01 1.115428e+02
      vertex   -2.347570e+01 -3.162151e+01 1.118016e+02
    endloop
  endfacet
  facet normal 9.031026e-01 1.964579e-01 -3.818507e-01
    outer loop
      vertex   -2.337660e+01 -3.207705e+01 1.118016e+02
      vertex   -2.347570e+01 -3.162151e+01 1.118016e+02
      vertex   -2.335209e+01 -3.160373e+01 1.121031e+02
    endloop
  endfacet
  facet normal 1.152177e-01 7.285925e-02 -9.906646e-01
    outer loop
      vertex   -2.371906e+01 -3.376973e+01 1.111766e+02
      vertex   -2.409322e+01 -3.317804e+01 1.111766e+02
      vertex   -2.362877e+01 -3.333337e+01 1.112192e+02
    endloop
  endfacet
  facet normal 1.112900e-01 6.076896e-02 -9.919283e-01
    outer loop
      vertex   -2.362877e+01 -3.333337e+01 1.112192e+02
      vertex   -2.409322e+01 -3.317804e+01 1.111766e+02
      vertex   -2.390410e+01 -3.282916e+01 1.112192e+02
    endloop
  endfacet
  facet normal 3.366051e-01 1.838003e-01 -9.235337e-01
    outer loop
      vertex   -2.362877e+01 -3.333337e+01 1.112192e+02
      vertex   -2.390410e+01 -3.282916e+01 1.112192e+02
      vertex   -2.362987e+01 -3.270392e+01 1.113441e+02
    endloop
  endfacet
  facet normal 3.593365e-01 1.340256e-01 -9.235337e-01
    outer loop
      vertex   -2.362987e+01 -3.270392e+01 1.113441e+02
      vertex   -2.390410e+01 -3.282916e+01 1.112192e+02
      vertex   -2.381560e+01 -3.220595e+01 1.113441e+02
    endloop
  endfacet
  facet normal 5.712946e-01 2.130819e-01 -7.926024e-01
    outer loop
      vertex   -2.362987e+01 -3.270392e+01 1.113441e+02
      vertex   -2.381560e+01 -3.220595e+01 1.113441e+02
      vertex   -2.356720e+01 -3.213301e+01 1.115428e+02
    endloop
  endfacet
  facet normal 5.958043e-01 1.296093e-01 -7.926024e-01
    outer loop
      vertex   -2.356720e+01 -3.213301e+01 1.115428e+02
      vertex   -2.381560e+01 -3.220595e+01 1.113441e+02
      vertex   -2.367232e+01 -3.164978e+01 1.115428e+02
    endloop
  endfacet
  facet normal 7.759548e-01 1.687986e-01 -6.077838e-01
    outer loop
      vertex   -2.356720e+01 -3.213301e+01 1.115428e+02
      vertex   -2.367232e+01 -3.164978e+01 1.115428e+02
      vertex   -2.347570e+01 -3.162151e+01 1.118016e+02
    endloop
  endfacet
  facet normal 1.249320e-01 5.322854e-02 -9.907365e-01
    outer loop
      vertex   -2.409322e+01 -3.317804e+01 1.111766e+02
      vertex   -2.436762e+01 -3.253400e+01 1.111766e+02
      vertex   -2.390410e+01 -3.282916e+01 1.112192e+02
    endloop
  endfacet
  facet normal 1.195259e-01 4.458087e-02 -9.918297e-01
    outer loop
      vertex   -2.390410e+01 -3.282916e+01 1.112192e+02
      vertex   -2.436762e+01 -3.253400e+01 1.111766e+02
      vertex   -2.410486e+01 -3.229089e+01 1.112192e+02
    endloop
  endfacet
  facet normal 3.593365e-01 1.340256e-01 -9.235337e-01
    outer loop
      vertex   -2.390410e+01 -3.282916e+01 1.112192e+02
      vertex   -2.410486e+01 -3.229089e+01 1.112192e+02
      vertex   -2.381560e+01 -3.220595e+01 1.113441e+02
    endloop
  endfacet
  facet normal 3.747528e-01 8.152247e-02 -9.235337e-01
    outer loop
      vertex   -2.381560e+01 -3.220595e+01 1.113441e+02
      vertex   -2.410486e+01 -3.229089e+01 1.112192e+02
      vertex   -2.392857e+01 -3.168662e+01 1.113441e+02
    endloop
  endfacet
  facet normal 5.958043e-01 1.296093e-01 -7.926024e-01
    outer loop
      vertex   -2.381560e+01 -3.220595e+01 1.113441e+02
      vertex   -2.392857e+01 -3.168662e+01 1.113441e+02
      vertex   -2.367232e+01 -3.164978e+01 1.115428e+02
    endloop
  endfacet
  facet normal 1.307934e-01 3.223767e-02 -9.908854e-01
    outer loop
      vertex   -2.436762e+01 -3.253400e+01 1.111766e+02
      vertex   -2.453516e+01 -3.185429e+01 1.111766e+02
      vertex   -2.410486e+01 -3.229089e+01 1.112192e+02
    endloop
  endfacet
  facet normal 1.259626e-01 2.740150e-02 -9.916565e-01
    outer loop
      vertex   -2.410486e+01 -3.229089e+01 1.112192e+02
      vertex   -2.453516e+01 -3.185429e+01 1.111766e+02
      vertex   -2.422698e+01 -3.172952e+01 1.112192e+02
    endloop
  endfacet
  facet normal 3.747528e-01 8.152247e-02 -9.235337e-01
    outer loop
      vertex   -2.410486e+01 -3.229089e+01 1.112192e+02
      vertex   -2.422698e+01 -3.172952e+01 1.112192e+02
      vertex   -2.392857e+01 -3.168662e+01 1.113441e+02
    endloop
  endfacet
  facet normal 1.326446e-01 1.070818e-02 -9.911058e-01
    outer loop
      vertex   -2.453516e+01 -3.185429e+01 1.111766e+02
      vertex   -2.459149e+01 -3.115650e+01 1.111766e+02
      vertex   -2.422698e+01 -3.172952e+01 1.112192e+02
    endloop
  endfacet
  facet normal 7.756861e-01 6.100063e-01 -1.618748e-01
    outer loop
      vertex   -2.284937e+01 -3.283248e+01 1.124266e+02
      vertex   -2.248506e+01 -3.329574e+01 1.124266e+02
      vertex   -2.261650e+01 -3.321446e+01 1.121031e+02
    endloop
  endfacet
  facet normal 7.028964e-01 7.028964e-01 -1.089642e-01
    outer loop
      vertex   -2.261650e+01 -3.321446e+01 1.121031e+02
      vertex   -2.248506e+01 -3.329574e+01 1.124266e+02
      vertex   -2.229945e+01 -3.353151e+01 1.121031e+02
    endloop
  endfacet
  facet normal 6.535251e-01 6.535251e-01 -3.818507e-01
    outer loop
      vertex   -2.261650e+01 -3.321446e+01 1.121031e+02
      vertex   -2.229945e+01 -3.353151e+01 1.121031e+02
      vertex   -2.238122e+01 -3.362588e+01 1.118016e+02
    endloop
  endfacet
  facet normal 5.538668e-01 7.398794e-01 -3.818507e-01
    outer loop
      vertex   -2.238122e+01 -3.362588e+01 1.118016e+02
      vertex   -2.229945e+01 -3.353151e+01 1.121031e+02
      vertex   -2.200801e+01 -3.390527e+01 1.118016e+02
    endloop
  endfacet
  facet normal 4.758879e-01 6.357118e-01 -6.077838e-01
    outer loop
      vertex   -2.238122e+01 -3.362588e+01 1.118016e+02
      vertex   -2.200801e+01 -3.390527e+01 1.118016e+02
      vertex   -2.211541e+01 -3.407238e+01 1.115428e+02
    endloop
  endfacet
  facet normal 3.805728e-01 6.969671e-01 -6.077838e-01
    outer loop
      vertex   -2.211541e+01 -3.407238e+01 1.115428e+02
      vertex   -2.200801e+01 -3.390527e+01 1.118016e+02
      vertex   -2.168136e+01 -3.430939e+01 1.115428e+02
    endloop
  endfacet
  facet normal 2.922167e-01 5.351549e-01 -7.926024e-01
    outer loop
      vertex   -2.211541e+01 -3.407238e+01 1.115428e+02
      vertex   -2.168136e+01 -3.430939e+01 1.115428e+02
      vertex   -2.178891e+01 -3.454488e+01 1.113441e+02
    endloop
  endfacet
  facet normal 2.130819e-01 5.712946e-01 -7.926024e-01
    outer loop
      vertex   -2.178891e+01 -3.454488e+01 1.113441e+02
      vertex   -2.168136e+01 -3.430939e+01 1.115428e+02
      vertex   -2.129094e+01 -3.473061e+01 1.113441e+02
    endloop
  endfacet
  facet normal 1.340256e-01 3.593365e-01 -9.235337e-01
    outer loop
      vertex   -2.178891e+01 -3.454488e+01 1.113441e+02
      vertex   -2.129094e+01 -3.473061e+01 1.113441e+02
      vertex   -2.137588e+01 -3.501987e+01 1.112192e+02
    endloop
  endfacet
  facet normal 8.152247e-02 3.747528e-01 -9.235337e-01
    outer loop
      vertex   -2.137588e+01 -3.501987e+01 1.112192e+02
      vertex   -2.129094e+01 -3.473061e+01 1.113441e+02
      vertex   -2.081451e+01 -3.514199e+01 1.112192e+02
    endloop
  endfacet
  facet normal 6.450533e-01 7.444312e-01 -1.724190e-01
    outer loop
      vertex   -2.248506e+01 -3.329574e+01 1.124266e+02
      vertex   -2.203966e+01 -3.368168e+01 1.124266e+02
      vertex   -2.229945e+01 -3.353151e+01 1.121031e+02
    endloop
  endfacet
  facet normal 5.957094e-01 7.957746e-01 -1.089642e-01
    outer loop
      vertex   -2.229945e+01 -3.353151e+01 1.121031e+02
      vertex   -2.203966e+01 -3.368168e+01 1.124266e+02
      vertex   -2.194050e+01 -3.380021e+01 1.121031e+02
    endloop
  endfacet
  facet normal 5.538668e-01 7.398794e-01 -3.818507e-01
    outer loop
      vertex   -2.229945e+01 -3.353151e+01 1.121031e+02
      vertex   -2.194050e+01 -3.380021e+01 1.121031e+02
      vertex   -2.200801e+01 -3.390527e+01 1.118016e+02
    endloop
  endfacet
  facet normal 4.429334e-01 8.111720e-01 -3.818507e-01
    outer loop
      vertex   -2.200801e+01 -3.390527e+01 1.118016e+02
      vertex   -2.194050e+01 -3.380021e+01 1.121031e+02
      vertex   -2.159884e+01 -3.412869e+01 1.118016e+02
    endloop
  endfacet
  facet normal 3.805728e-01 6.969671e-01 -6.077838e-01
    outer loop
      vertex   -2.200801e+01 -3.390527e+01 1.118016e+02
      vertex   -2.159884e+01 -3.412869e+01 1.118016e+02
      vertex   -2.168136e+01 -3.430939e+01 1.115428e+02
    endloop
  endfacet
  facet normal 2.775104e-01 7.440342e-01 -6.077838e-01
    outer loop
      vertex   -2.168136e+01 -3.430939e+01 1.115428e+02
      vertex   -2.159884e+01 -3.412869e+01 1.118016e+02
      vertex   -2.121800e+01 -3.448221e+01 1.115428e+02
    endloop
  endfacet
  facet normal 2.130819e-01 5.712946e-01 -7.926024e-01
    outer loop
      vertex   -2.168136e+01 -3.430939e+01 1.115428e+02
      vertex   -2.121800e+01 -3.448221e+01 1.115428e+02
      vertex   -2.129094e+01 -3.473061e+01 1.113441e+02
    endloop
  endfacet
  facet normal 1.296093e-01 5.958043e-01 -7.926024e-01
    outer loop
      vertex   -2.129094e+01 -3.473061e+01 1.113441e+02
      vertex   -2.121800e+01 -3.448221e+01 1.115428e+02
      vertex   -2.077161e+01 -3.484358e+01 1.113441e+02
    endloop
  endfacet
  facet normal 8.152247e-02 3.747528e-01 -9.235337e-01
    outer loop
      vertex   -2.129094e+01 -3.473061e+01 1.113441e+02
      vertex   -2.077161e+01 -3.484358e+01 1.113441e+02
      vertex   -2.081451e+01 -3.514199e+01 1.112192e+02
    endloop
  endfacet
  facet normal 2.735981e-02 3.825402e-01 -9.235337e-01
    outer loop
      vertex   -2.081451e+01 -3.514199e+01 1.112192e+02
      vertex   -2.077161e+01 -3.484358e+01 1.113441e+02
      vertex   -2.024149e+01 -3.518297e+01 1.112192e+02
    endloop
  endfacet
  facet normal 4.934057e-01 8.546037e-01 -1.618748e-01
    outer loop
      vertex   -2.203966e+01 -3.368168e+01 1.124266e+02
      vertex   -2.152927e+01 -3.397636e+01 1.124266e+02
      vertex   -2.194050e+01 -3.380021e+01 1.121031e+02
    endloop
  endfacet
  facet normal 4.751695e-01 8.702081e-01 -1.301993e-01
    outer loop
      vertex   -2.194050e+01 -3.380021e+01 1.121031e+02
      vertex   -2.152927e+01 -3.397636e+01 1.124266e+02
      vertex   -2.154697e+01 -3.401510e+01 1.121031e+02
    endloop
  endfacet
  facet normal 4.429334e-01 8.111720e-01 -3.818507e-01
    outer loop
      vertex   -2.194050e+01 -3.380021e+01 1.121031e+02
      vertex   -2.154697e+01 -3.401510e+01 1.121031e+02
      vertex   -2.159884e+01 -3.412869e+01 1.118016e+02
    endloop
  endfacet
  facet normal 3.229832e-01 8.659514e-01 -3.818507e-01
    outer loop
      vertex   -2.159884e+01 -3.412869e+01 1.118016e+02
      vertex   -2.154697e+01 -3.401510e+01 1.121031e+02
      vertex   -2.116204e+01 -3.429161e+01 1.118016e+02
    endloop
  endfacet
  facet normal 2.775104e-01 7.440342e-01 -6.077838e-01
    outer loop
      vertex   -2.159884e+01 -3.412869e+01 1.118016e+02
      vertex   -2.116204e+01 -3.429161e+01 1.118016e+02
      vertex   -2.121800e+01 -3.448221e+01 1.115428e+02
    endloop
  endfacet
  facet normal 1.687986e-01 7.759548e-01 -6.077838e-01
    outer loop
      vertex   -2.121800e+01 -3.448221e+01 1.115428e+02
      vertex   -2.116204e+01 -3.429161e+01 1.118016e+02
      vertex   -2.073477e+01 -3.458733e+01 1.115428e+02
    endloop
  endfacet
  facet normal 1.296093e-01 5.958043e-01 -7.926024e-01
    outer loop
      vertex   -2.121800e+01 -3.448221e+01 1.115428e+02
      vertex   -2.073477e+01 -3.458733e+01 1.115428e+02
      vertex   -2.077161e+01 -3.484358e+01 1.113441e+02
    endloop
  endfacet
  facet normal 4.349827e-02 6.081852e-01 -7.926024e-01
    outer loop
      vertex   -2.077161e+01 -3.484358e+01 1.113441e+02
      vertex   -2.073477e+01 -3.458733e+01 1.115428e+02
      vertex   -2.024149e+01 -3.488150e+01 1.113441e+02
    endloop
  endfacet
  facet normal 2.735981e-02 3.825402e-01 -9.235337e-01
    outer loop
      vertex   -2.077161e+01 -3.484358e+01 1.113441e+02
      vertex   -2.024149e+01 -3.488150e+01 1.113441e+02
      vertex   -2.024149e+01 -3.518297e+01 1.112192e+02
    endloop
  endfacet
  facet normal 3.464895e-01 9.289743e-01 -1.301993e-01
    outer loop
      vertex   -2.154697e+01 -3.401510e+01 1.121031e+02
      vertex   -2.152927e+01 -3.397636e+01 1.124266e+02
      vertex   -2.112686e+01 -3.417179e+01 1.121031e+02
    endloop
  endfacet
  facet normal 3.227544e-01 9.325375e-01 -1.618748e-01
    outer loop
      vertex   -2.112686e+01 -3.417179e+01 1.121031e+02
      vertex   -2.152927e+01 -3.397636e+01 1.124266e+02
      vertex   -2.097234e+01 -3.416911e+01 1.124266e+02
    endloop
  endfacet
  facet normal 2.112996e-01 9.713286e-01 -1.089642e-01
    outer loop
      vertex   -2.112686e+01 -3.417179e+01 1.121031e+02
      vertex   -2.097234e+01 -3.416911e+01 1.124266e+02
      vertex   -2.068872e+01 -3.426710e+01 1.121031e+02
    endloop
  endfacet
  facet normal 1.401835e-01 9.749976e-01 -1.724190e-01
    outer loop
      vertex   -2.068872e+01 -3.426710e+01 1.121031e+02
      vertex   -2.097234e+01 -3.416911e+01 1.124266e+02
      vertex   -2.038899e+01 -3.425299e+01 1.124266e+02
    endloop
  endfacet
  facet normal 7.091441e-02 9.915130e-01 -1.089642e-01
    outer loop
      vertex   -2.068872e+01 -3.426710e+01 1.121031e+02
      vertex   -2.038899e+01 -3.425299e+01 1.124266e+02
      vertex   -2.024149e+01 -3.429909e+01 1.121031e+02
    endloop
  endfacet
  facet normal -4.695437e-02 9.856936e-01 -1.618748e-01
    outer loop
      vertex   -2.024149e+01 -3.429909e+01 1.121031e+02
      vertex   -2.038899e+01 -3.425299e+01 1.124266e+02
      vertex   -1.980031e+01 -3.422494e+01 1.124266e+02
    endloop
  endfacet
  facet normal -4.091936e-01 8.960091e-01 -1.724190e-01
    outer loop
      vertex   -1.922758e+01 -3.408600e+01 1.124266e+02
      vertex   -1.869149e+01 -3.384118e+01 1.124266e+02
      vertex   -1.893601e+01 -3.401510e+01 1.121031e+02
    endloop
  endfacet
  facet normal -4.763954e-01 8.724530e-01 -1.089642e-01
    outer loop
      vertex   -1.893601e+01 -3.401510e+01 1.121031e+02
      vertex   -1.869149e+01 -3.384118e+01 1.124266e+02
      vertex   -1.854247e+01 -3.380021e+01 1.121031e+02
    endloop
  endfacet
  facet normal -4.429334e-01 8.111720e-01 -3.818507e-01
    outer loop
      vertex   -1.893601e+01 -3.401510e+01 1.121031e+02
      vertex   -1.854247e+01 -3.380021e+01 1.121031e+02
      vertex   -1.847496e+01 -3.390527e+01 1.118016e+02
    endloop
  endfacet
  facet normal -5.538668e-01 7.398794e-01 -3.818507e-01
    outer loop
      vertex   -1.847496e+01 -3.390527e+01 1.118016e+02
      vertex   -1.854247e+01 -3.380021e+01 1.121031e+02
      vertex   -1.810175e+01 -3.362588e+01 1.118016e+02
    endloop
  endfacet
  facet normal -4.758879e-01 6.357118e-01 -6.077838e-01
    outer loop
      vertex   -1.847496e+01 -3.390527e+01 1.118016e+02
      vertex   -1.810175e+01 -3.362588e+01 1.118016e+02
      vertex   -1.797166e+01 -3.377601e+01 1.115428e+02
    endloop
  endfacet
  facet normal -5.615153e-01 5.615153e-01 -6.077838e-01
    outer loop
      vertex   -1.797166e+01 -3.377601e+01 1.115428e+02
      vertex   -1.810175e+01 -3.362588e+01 1.118016e+02
      vertex   -1.762197e+01 -3.342632e+01 1.115428e+02
    endloop
  endfacet
  facet normal -4.311504e-01 4.311504e-01 -7.926024e-01
    outer loop
      vertex   -1.797166e+01 -3.377601e+01 1.115428e+02
      vertex   -1.762197e+01 -3.342632e+01 1.115428e+02
      vertex   -1.742632e+01 -3.359585e+01 1.113441e+02
    endloop
  endfacet
  facet normal -4.881210e-01 3.654028e-01 -7.926024e-01
    outer loop
      vertex   -1.742632e+01 -3.359585e+01 1.113441e+02
      vertex   -1.762197e+01 -3.342632e+01 1.115428e+02
      vertex   -1.710782e+01 -3.317038e+01 1.113441e+02
    endloop
  endfacet
  facet normal -3.070214e-01 2.298334e-01 -9.235337e-01
    outer loop
      vertex   -1.742632e+01 -3.359585e+01 1.113441e+02
      vertex   -1.710782e+01 -3.317038e+01 1.113441e+02
      vertex   -1.685420e+01 -3.333337e+01 1.112192e+02
    endloop
  endfacet
  facet normal -3.366051e-01 1.838003e-01 -9.235337e-01
    outer loop
      vertex   -1.685420e+01 -3.333337e+01 1.112192e+02
      vertex   -1.710782e+01 -3.317038e+01 1.113441e+02
      vertex   -1.657888e+01 -3.282916e+01 1.112192e+02
    endloop
  endfacet
  facet normal -5.724067e-01 8.038328e-01 -1.618748e-01
    outer loop
      vertex   -1.869149e+01 -3.384118e+01 1.124266e+02
      vertex   -1.821142e+01 -3.349932e+01 1.124266e+02
      vertex   -1.854247e+01 -3.380021e+01 1.121031e+02
    endloop
  endfacet
  facet normal -5.941765e-01 7.937269e-01 -1.301993e-01
    outer loop
      vertex   -1.854247e+01 -3.380021e+01 1.121031e+02
      vertex   -1.821142e+01 -3.349932e+01 1.124266e+02
      vertex   -1.818353e+01 -3.353151e+01 1.121031e+02
    endloop
  endfacet
  facet normal -5.538668e-01 7.398794e-01 -3.818507e-01
    outer loop
      vertex   -1.854247e+01 -3.380021e+01 1.121031e+02
      vertex   -1.818353e+01 -3.353151e+01 1.121031e+02
      vertex   -1.810175e+01 -3.362588e+01 1.118016e+02
    endloop
  endfacet
  facet normal -6.535251e-01 6.535251e-01 -3.818507e-01
    outer loop
      vertex   -1.810175e+01 -3.362588e+01 1.118016e+02
      vertex   -1.818353e+01 -3.353151e+01 1.121031e+02
      vertex   -1.777210e+01 -3.329623e+01 1.118016e+02
    endloop
  endfacet
  facet normal -5.615153e-01 5.615153e-01 -6.077838e-01
    outer loop
      vertex   -1.810175e+01 -3.362588e+01 1.118016e+02
      vertex   -1.777210e+01 -3.329623e+01 1.118016e+02
      vertex   -1.762197e+01 -3.342632e+01 1.115428e+02
    endloop
  endfacet
  facet normal -6.357118e-01 4.758879e-01 -6.077838e-01
    outer loop
      vertex   -1.762197e+01 -3.342632e+01 1.115428e+02
      vertex   -1.777210e+01 -3.329623e+01 1.118016e+02
      vertex   -1.732560e+01 -3.303042e+01 1.115428e+02
    endloop
  endfacet
  facet normal -4.881210e-01 3.654028e-01 -7.926024e-01
    outer loop
      vertex   -1.762197e+01 -3.342632e+01 1.115428e+02
      vertex   -1.732560e+01 -3.303042e+01 1.115428e+02
      vertex   -1.710782e+01 -3.317038e+01 1.113441e+02
    endloop
  endfacet
  facet normal -5.351549e-01 2.922167e-01 -7.926024e-01
    outer loop
      vertex   -1.710782e+01 -3.317038e+01 1.113441e+02
      vertex   -1.732560e+01 -3.303042e+01 1.115428e+02
      vertex   -1.685311e+01 -3.270392e+01 1.113441e+02
    endloop
  endfacet
  facet normal -3.366051e-01 1.838003e-01 -9.235337e-01
    outer loop
      vertex   -1.710782e+01 -3.317038e+01 1.113441e+02
      vertex   -1.685311e+01 -3.270392e+01 1.113441e+02
      vertex   -1.657888e+01 -3.282916e+01 1.112192e+02
    endloop
  endfacet
  facet normal -3.593365e-01 1.340256e-01 -9.235337e-01
    outer loop
      vertex   -1.657888e+01 -3.282916e+01 1.112192e+02
      vertex   -1.685311e+01 -3.270392e+01 1.113441e+02
      vertex   -1.637811e+01 -3.229089e+01 1.112192e+02
    endloop
  endfacet
  facet normal -7.010878e-01 7.010878e-01 -1.301993e-01
    outer loop
      vertex   -1.818353e+01 -3.353151e+01 1.121031e+02
      vertex   -1.821142e+01 -3.349932e+01 1.124266e+02
      vertex   -1.786647e+01 -3.321446e+01 1.121031e+02
    endloop
  endfacet
  facet normal -7.141889e-01 6.809778e-01 -1.618748e-01
    outer loop
      vertex   -1.786647e+01 -3.321446e+01 1.121031e+02
      vertex   -1.821142e+01 -3.349932e+01 1.124266e+02
      vertex   -1.780472e+01 -3.307279e+01 1.124266e+02
    endloop
  endfacet
  facet normal -7.957746e-01 5.957094e-01 -1.089642e-01
    outer loop
      vertex   -1.786647e+01 -3.321446e+01 1.121031e+02
      vertex   -1.780472e+01 -3.307279e+01 1.124266e+02
      vertex   -1.759777e+01 -3.285551e+01 1.121031e+02
    endloop
  endfacet
  facet normal -8.286547e-01 5.325440e-01 -1.724190e-01
    outer loop
      vertex   -1.759777e+01 -3.285551e+01 1.121031e+02
      vertex   -1.780472e+01 -3.307279e+01 1.124266e+02
      vertex   -1.748610e+01 -3.257700e+01 1.124266e+02
    endloop
  endfacet
  facet normal -8.724530e-01 4.763954e-01 -1.089642e-01
    outer loop
      vertex   -1.759777e+01 -3.285551e+01 1.121031e+02
      vertex   -1.748610e+01 -3.257700e+01 1.124266e+02
      vertex   -1.738288e+01 -3.246198e+01 1.121031e+02
    endloop
  endfacet
  facet normal -9.161240e-01 3.667607e-01 -1.618748e-01
    outer loop
      vertex   -1.738288e+01 -3.246198e+01 1.121031e+02
      vertex   -1.748610e+01 -3.257700e+01 1.124266e+02
      vertex   -1.726706e+01 -3.202987e+01 1.124266e+02
    endloop
  endfacet
  facet normal -9.289743e-01 3.464895e-01 -1.301993e-01
    outer loop
      vertex   -1.738288e+01 -3.246198e+01 1.121031e+02
      vertex   -1.726706e+01 -3.202987e+01 1.124266e+02
      vertex   -1.722619e+01 -3.204187e+01 1.121031e+02
    endloop
  endfacet
  facet normal -9.688292e-01 2.107559e-01 -1.301993e-01
    outer loop
      vertex   -1.722619e+01 -3.204187e+01 1.121031e+02
      vertex   -1.726706e+01 -3.202987e+01 1.124266e+02
      vertex   -1.713088e+01 -3.160373e+01 1.121031e+02
    endloop
  endfacet
  facet normal -9.031026e-01 1.964579e-01 -3.818507e-01
    outer loop
      vertex   -1.722619e+01 -3.204187e+01 1.121031e+02
      vertex   -1.713088e+01 -3.160373e+01 1.121031e+02
      vertex   -1.700728e+01 -3.162151e+01 1.118016e+02
    endloop
  endfacet
  facet normal -9.218692e-01 6.593339e-02 -3.818507e-01
    outer loop
      vertex   -1.700728e+01 -3.162151e+01 1.118016e+02
      vertex   -1.713088e+01 -3.160373e+01 1.121031e+02
      vertex   -1.697402e+01 -3.115650e+01 1.118016e+02
    endloop
  endfacet
  facet normal -7.920793e-01 5.665063e-02 -6.077838e-01
    outer loop
      vertex   -1.700728e+01 -3.162151e+01 1.118016e+02
      vertex   -1.697402e+01 -3.115650e+01 1.118016e+02
      vertex   -1.677537e+01 -3.115650e+01 1.115428e+02
    endloop
  endfacet
  facet normal -7.920793e-01 -5.665063e-02 -6.077838e-01
    outer loop
      vertex   -1.677537e+01 -3.115650e+01 1.115428e+02
      vertex   -1.697402e+01 -3.115650e+01 1.118016e+02
      vertex   -1.681065e+01 -3.066322e+01 1.115428e+02
    endloop
  endfacet
  facet normal -6.081852e-01 -4.349827e-02 -7.926024e-01
    outer loop
      vertex   -1.677537e+01 -3.115650e+01 1.115428e+02
      vertex   -1.681065e+01 -3.066322e+01 1.115428e+02
      vertex   -1.655440e+01 -3.062637e+01 1.113441e+02
    endloop
  endfacet
  facet normal -5.958043e-01 -1.296093e-01 -7.926024e-01
    outer loop
      vertex   -1.655440e+01 -3.062637e+01 1.113441e+02
      vertex   -1.681065e+01 -3.066322e+01 1.115428e+02
      vertex   -1.666738e+01 -3.010704e+01 1.113441e+02
    endloop
  endfacet
  facet normal -3.747528e-01 -8.152247e-02 -9.235337e-01
    outer loop
      vertex   -1.655440e+01 -3.062637e+01 1.113441e+02
      vertex   -1.666738e+01 -3.010704e+01 1.113441e+02
      vertex   -1.637811e+01 -3.002211e+01 1.112192e+02
    endloop
  endfacet
  facet normal -3.593365e-01 -1.340256e-01 -9.235337e-01
    outer loop
      vertex   -1.637811e+01 -3.002211e+01 1.112192e+02
      vertex   -1.666738e+01 -3.010704e+01 1.113441e+02
      vertex   -1.657888e+01 -2.948384e+01 1.112192e+02
    endloop
  endfacet
  facet normal -9.689783e-01 1.867553e-01 -1.618748e-01
    outer loop
      vertex   -1.726706e+01 -3.202987e+01 1.124266e+02
      vertex   -1.715552e+01 -3.145117e+01 1.124266e+02
      vertex   -1.713088e+01 -3.160373e+01 1.121031e+02
    endloop
  endfacet
  facet normal -9.915130e-01 7.091441e-02 -1.089642e-01
    outer loop
      vertex   -1.713088e+01 -3.160373e+01 1.121031e+02
      vertex   -1.715552e+01 -3.145117e+01 1.124266e+02
      vertex   -1.709889e+01 -3.115650e+01 1.121031e+02
    endloop
  endfacet
  facet normal -9.218692e-01 6.593339e-02 -3.818507e-01
    outer loop
      vertex   -1.713088e+01 -3.160373e+01 1.121031e+02
      vertex   -1.709889e+01 -3.115650e+01 1.121031e+02
      vertex   -1.697402e+01 -3.115650e+01 1.118016e+02
    endloop
  endfacet
  facet normal -9.218692e-01 -6.593339e-02 -3.818507e-01
    outer loop
      vertex   -1.697402e+01 -3.115650e+01 1.118016e+02
      vertex   -1.709889e+01 -3.115650e+01 1.121031e+02
      vertex   -1.700728e+01 -3.069149e+01 1.118016e+02
    endloop
  endfacet
  facet normal -7.920793e-01 -5.665063e-02 -6.077838e-01
    outer loop
      vertex   -1.697402e+01 -3.115650e+01 1.118016e+02
      vertex   -1.700728e+01 -3.069149e+01 1.118016e+02
      vertex   -1.681065e+01 -3.066322e+01 1.115428e+02
    endloop
  endfacet
  facet normal -7.759548e-01 -1.687986e-01 -6.077838e-01
    outer loop
      vertex   -1.681065e+01 -3.066322e+01 1.115428e+02
      vertex   -1.700728e+01 -3.069149e+01 1.118016e+02
      vertex   -1.691577e+01 -3.017998e+01 1.115428e+02
    endloop
  endfacet
  facet normal -5.958043e-01 -1.296093e-01 -7.926024e-01
    outer loop
      vertex   -1.681065e+01 -3.066322e+01 1.115428e+02
      vertex   -1.691577e+01 -3.017998e+01 1.115428e+02
      vertex   -1.666738e+01 -3.010704e+01 1.113441e+02
    endloop
  endfacet
  facet normal -5.712946e-01 -2.130819e-01 -7.926024e-01
    outer loop
      vertex   -1.666738e+01 -3.010704e+01 1.113441e+02
      vertex   -1.691577e+01 -3.017998e+01 1.115428e+02
      vertex   -1.685311e+01 -2.960908e+01 1.113441e+02
    endloop
  endfacet
  facet normal -3.593365e-01 -1.340256e-01 -9.235337e-01
    outer loop
      vertex   -1.666738e+01 -3.010704e+01 1.113441e+02
      vertex   -1.685311e+01 -2.960908e+01 1.113441e+02
      vertex   -1.657888e+01 -2.948384e+01 1.112192e+02
    endloop
  endfacet
  facet normal -3.366051e-01 -1.838003e-01 -9.235337e-01
    outer loop
      vertex   -1.657888e+01 -2.948384e+01 1.112192e+02
      vertex   -1.685311e+01 -2.960908e+01 1.113441e+02
      vertex   -1.685420e+01 -2.897962e+01 1.112192e+02
    endloop
  endfacet
  facet normal -9.850237e-01 0.000000e+00 -1.724190e-01
    outer loop
      vertex   -1.715552e+01 -3.145117e+01 1.124266e+02
      vertex   -1.715552e+01 -3.086182e+01 1.124266e+02
      vertex   -1.709889e+01 -3.115650e+01 1.121031e+02
    endloop
  endfacet
  facet normal -9.915130e-01 -7.091441e-02 -1.089642e-01
    outer loop
      vertex   -1.709889e+01 -3.115650e+01 1.121031e+02
      vertex   -1.715552e+01 -3.086182e+01 1.124266e+02
      vertex   -1.713088e+01 -3.070926e+01 1.121031e+02
    endloop
  endfacet
  facet normal -9.218692e-01 -6.593339e-02 -3.818507e-01
    outer loop
      vertex   -1.709889e+01 -3.115650e+01 1.121031e+02
      vertex   -1.713088e+01 -3.070926e+01 1.121031e+02
      vertex   -1.700728e+01 -3.069149e+01 1.118016e+02
    endloop
  endfacet
  facet normal -9.031026e-01 -1.964579e-01 -3.818507e-01
    outer loop
      vertex   -1.700728e+01 -3.069149e+01 1.118016e+02
      vertex   -1.713088e+01 -3.070926e+01 1.121031e+02
      vertex   -1.710637e+01 -3.023594e+01 1.118016e+02
    endloop
  endfacet
  facet normal -7.759548e-01 -1.687986e-01 -6.077838e-01
    outer loop
      vertex   -1.700728e+01 -3.069149e+01 1.118016e+02
      vertex   -1.710637e+01 -3.023594e+01 1.118016e+02
      vertex   -1.691577e+01 -3.017998e+01 1.115428e+02
    endloop
  endfacet
  facet normal -7.440342e-01 -2.775104e-01 -6.077838e-01
    outer loop
      vertex   -1.691577e+01 -3.017998e+01 1.115428e+02
      vertex   -1.710637e+01 -3.023594e+01 1.118016e+02
      vertex   -1.708860e+01 -2.971662e+01 1.115428e+02
    endloop
  endfacet
  facet normal -5.712946e-01 -2.130819e-01 -7.926024e-01
    outer loop
      vertex   -1.691577e+01 -3.017998e+01 1.115428e+02
      vertex   -1.708860e+01 -2.971662e+01 1.115428e+02
      vertex   -1.685311e+01 -2.960908e+01 1.113441e+02
    endloop
  endfacet
  facet normal -5.351549e-01 -2.922167e-01 -7.926024e-01
    outer loop
      vertex   -1.685311e+01 -2.960908e+01 1.113441e+02
      vertex   -1.708860e+01 -2.971662e+01 1.115428e+02
      vertex   -1.710782e+01 -2.914261e+01 1.113441e+02
    endloop
  endfacet
  facet normal -3.366051e-01 -1.838003e-01 -9.235337e-01
    outer loop
      vertex   -1.685311e+01 -2.960908e+01 1.113441e+02
      vertex   -1.710782e+01 -2.914261e+01 1.113441e+02
      vertex   -1.685420e+01 -2.897962e+01 1.112192e+02
    endloop
  endfacet
  facet normal -9.689783e-01 -1.867553e-01 -1.618748e-01
    outer loop
      vertex   -1.715552e+01 -3.086182e+01 1.124266e+02
      vertex   -1.726706e+01 -3.028313e+01 1.124266e+02
      vertex   -1.713088e+01 -3.070926e+01 1.121031e+02
    endloop
  endfacet
  facet normal -9.688292e-01 -2.107559e-01 -1.301993e-01
    outer loop
      vertex   -1.713088e+01 -3.070926e+01 1.121031e+02
      vertex   -1.726706e+01 -3.028313e+01 1.124266e+02
      vertex   -1.722619e+01 -3.027113e+01 1.121031e+02
    endloop
  endfacet
  facet normal -9.031026e-01 -1.964579e-01 -3.818507e-01
    outer loop
      vertex   -1.713088e+01 -3.070926e+01 1.121031e+02
      vertex   -1.722619e+01 -3.027113e+01 1.121031e+02
      vertex   -1.710637e+01 -3.023594e+01 1.118016e+02
    endloop
  endfacet
  facet normal -8.659514e-01 -3.229832e-01 -3.818507e-01
    outer loop
      vertex   -1.710637e+01 -3.023594e+01 1.118016e+02
      vertex   -1.722619e+01 -3.027113e+01 1.121031e+02
      vertex   -1.726929e+01 -2.979914e+01 1.118016e+02
    endloop
  endfacet
  facet normal -7.440342e-01 -2.775104e-01 -6.077838e-01
    outer loop
      vertex   -1.710637e+01 -3.023594e+01 1.118016e+02
      vertex   -1.726929e+01 -2.979914e+01 1.118016e+02
      vertex   -1.708860e+01 -2.971662e+01 1.115428e+02
    endloop
  endfacet
  facet normal -6.969671e-01 -3.805728e-01 -6.077838e-01
    outer loop
      vertex   -1.708860e+01 -2.971662e+01 1.115428e+02
      vertex   -1.726929e+01 -2.979914e+01 1.118016e+02
      vertex   -1.732560e+01 -2.928257e+01 1.115428e+02
    endloop
  endfacet
  facet normal -5.351549e-01 -2.922167e-01 -7.926024e-01
    outer loop
      vertex   -1.708860e+01 -2.971662e+01 1.115428e+02
      vertex   -1.732560e+01 -2.928257e+01 1.115428e+02
      vertex   -1.710782e+01 -2.914261e+01 1.113441e+02
    endloop
  endfacet
  facet normal -9.289743e-01 -3.464895e-01 -1.301993e-01
    outer loop
      vertex   -1.722619e+01 -3.027113e+01 1.121031e+02
      vertex   -1.726706e+01 -3.028313e+01 1.124266e+02
      vertex   -1.738288e+01 -2.985102e+01 1.121031e+02
    endloop
  endfacet
  facet normal -9.161240e-01 -3.667607e-01 -1.618748e-01
    outer loop
      vertex   -1.738288e+01 -2.985102e+01 1.121031e+02
      vertex   -1.726706e+01 -3.028313e+01 1.124266e+02
      vertex   -1.748610e+01 -2.973599e+01 1.124266e+02
    endloop
  endfacet
  facet normal -8.724530e-01 -4.763954e-01 -1.089642e-01
    outer loop
      vertex   -1.738288e+01 -2.985102e+01 1.121031e+02
      vertex   -1.748610e+01 -2.973599e+01 1.124266e+02
      vertex   -1.759777e+01 -2.945748e+01 1.121031e+02
    endloop
  endfacet
  facet normal -8.286547e-01 -5.325440e-01 -1.724190e-01
    outer loop
      vertex   -1.759777e+01 -2.945748e+01 1.121031e+02
      vertex   -1.748610e+01 -2.973599e+01 1.124266e+02
      vertex   -1.780472e+01 -2.924020e+01 1.124266e+02
    endloop
  endfacet
  facet normal -2.326496e-01 -9.589946e-01 -1.618748e-01
    outer loop
      vertex   -1.922758e+01 -2.822699e+01 1.124266e+02
      vertex   -1.980031e+01 -2.808805e+01 1.124266e+02
      vertex   -1.935612e+01 -2.814120e+01 1.121031e+02
    endloop
  endfacet
  facet normal -2.107559e-01 -9.688292e-01 -1.301993e-01
    outer loop
      vertex   -1.935612e+01 -2.814120e+01 1.121031e+02
      vertex   -1.980031e+01 -2.808805e+01 1.124266e+02
      vertex   -1.979425e+01 -2.804589e+01 1.121031e+02
    endloop
  endfacet
  facet normal -1.964579e-01 -9.031026e-01 -3.818507e-01
    outer loop
      vertex   -1.935612e+01 -2.814120e+01 1.121031e+02
      vertex   -1.979425e+01 -2.804589e+01 1.121031e+02
      vertex   -1.977648e+01 -2.792229e+01 1.118016e+02
    endloop
  endfacet
  facet normal -6.593339e-02 -9.218692e-01 -3.818507e-01
    outer loop
      vertex   -1.977648e+01 -2.792229e+01 1.118016e+02
      vertex   -1.979425e+01 -2.804589e+01 1.121031e+02
      vertex   -2.024149e+01 -2.788903e+01 1.118016e+02
    endloop
  endfacet
  facet normal -5.665063e-02 -7.920793e-01 -6.077838e-01
    outer loop
      vertex   -1.977648e+01 -2.792229e+01 1.118016e+02
      vertex   -2.024149e+01 -2.788903e+01 1.118016e+02
      vertex   -2.024149e+01 -2.769038e+01 1.115428e+02
    endloop
  endfacet
  facet normal 5.665063e-02 -7.920793e-01 -6.077838e-01
    outer loop
      vertex   -2.024149e+01 -2.769038e+01 1.115428e+02
      vertex   -2.024149e+01 -2.788903e+01 1.118016e+02
      vertex   -2.073477e+01 -2.772566e+01 1.115428e+02
    endloop
  endfacet
  facet normal 4.349827e-02 -6.081852e-01 -7.926024e-01
    outer loop
      vertex   -2.024149e+01 -2.769038e+01 1.115428e+02
      vertex   -2.073477e+01 -2.772566e+01 1.115428e+02
      vertex   -2.077161e+01 -2.746941e+01 1.113441e+02
    endloop
  endfacet
  facet normal 1.296093e-01 -5.958043e-01 -7.926024e-01
    outer loop
      vertex   -2.077161e+01 -2.746941e+01 1.113441e+02
      vertex   -2.073477e+01 -2.772566e+01 1.115428e+02
      vertex   -2.129094e+01 -2.758239e+01 1.113441e+02
    endloop
  endfacet
  facet normal 8.152247e-02 -3.747528e-01 -9.235337e-01
    outer loop
      vertex   -2.077161e+01 -2.746941e+01 1.113441e+02
      vertex   -2.129094e+01 -2.758239e+01 1.113441e+02
      vertex   -2.137588e+01 -2.729312e+01 1.112192e+02
    endloop
  endfacet
  facet normal 1.340256e-01 -3.593365e-01 -9.235337e-01
    outer loop
      vertex   -2.137588e+01 -2.729312e+01 1.112192e+02
      vertex   -2.129094e+01 -2.758239e+01 1.113441e+02
      vertex   -2.191415e+01 -2.749388e+01 1.112192e+02
    endloop
  endfacet
  facet normal -7.073193e-02 -9.889616e-01 -1.301993e-01
    outer loop
      vertex   -1.979425e+01 -2.804589e+01 1.121031e+02
      vertex   -1.980031e+01 -2.808805e+01 1.124266e+02
      vertex   -2.024149e+01 -2.801390e+01 1.121031e+02
    endloop
  endfacet
  facet normal -4.695437e-02 -9.856936e-01 -1.618748e-01
    outer loop
      vertex   -2.024149e+01 -2.801390e+01 1.121031e+02
      vertex   -1.980031e+01 -2.808805e+01 1.124266e+02
      vertex   -2.038899e+01 -2.806001e+01 1.124266e+02
    endloop
  endfacet
  facet normal 7.091441e-02 -9.915130e-01 -1.089642e-01
    outer loop
      vertex   -2.024149e+01 -2.801390e+01 1.121031e+02
      vertex   -2.038899e+01 -2.806001e+01 1.124266e+02
      vertex   -2.068872e+01 -2.804589e+01 1.121031e+02
    endloop
  endfacet
  facet normal 1.401835e-01 -9.749976e-01 -1.724190e-01
    outer loop
      vertex   -2.068872e+01 -2.804589e+01 1.121031e+02
      vertex   -2.038899e+01 -2.806001e+01 1.124266e+02
      vertex   -2.097234e+01 -2.814388e+01 1.124266e+02
    endloop
  endfacet
  facet normal 2.112996e-01 -9.713286e-01 -1.089642e-01
    outer loop
      vertex   -2.068872e+01 -2.804589e+01 1.121031e+02
      vertex   -2.097234e+01 -2.814388e+01 1.124266e+02
      vertex   -2.112686e+01 -2.814120e+01 1.121031e+02
    endloop
  endfacet
  facet normal 3.227544e-01 -9.325375e-01 -1.618748e-01
    outer loop
      vertex   -2.112686e+01 -2.814120e+01 1.121031e+02
      vertex   -2.097234e+01 -2.814388e+01 1.124266e+02
      vertex   -2.152927e+01 -2.833664e+01 1.124266e+02
    endloop
  endfacet
  facet normal 3.464895e-01 -9.289743e-01 -1.301993e-01
    outer loop
      vertex   -2.112686e+01 -2.814120e+01 1.121031e+02
      vertex   -2.152927e+01 -2.833664e+01 1.124266e+02
      vertex   -2.154697e+01 -2.829789e+01 1.121031e+02
    endloop
  endfacet
  facet normal 4.751695e-01 -8.702081e-01 -1.301993e-01
    outer loop
      vertex   -2.154697e+01 -2.829789e+01 1.121031e+02
      vertex   -2.152927e+01 -2.833664e+01 1.124266e+02
      vertex   -2.194050e+01 -2.851278e+01 1.121031e+02
    endloop
  endfacet
  facet normal 4.429334e-01 -8.111720e-01 -3.818507e-01
    outer loop
      vertex   -2.154697e+01 -2.829789e+01 1.121031e+02
      vertex   -2.194050e+01 -2.851278e+01 1.121031e+02
      vertex   -2.200801e+01 -2.840773e+01 1.118016e+02
    endloop
  endfacet
  facet normal 5.538668e-01 -7.398794e-01 -3.818507e-01
    outer loop
      vertex   -2.200801e+01 -2.840773e+01 1.118016e+02
      vertex   -2.194050e+01 -2.851278e+01 1.121031e+02
      vertex   -2.238122e+01 -2.868711e+01 1.118016e+02
    endloop
  endfacet
  facet normal 4.758879e-01 -6.357118e-01 -6.077838e-01
    outer loop
      vertex   -2.200801e+01 -2.840773e+01 1.118016e+02
      vertex   -2.238122e+01 -2.868711e+01 1.118016e+02
      vertex   -2.251131e+01 -2.853698e+01 1.115428e+02
    endloop
  endfacet
  facet normal 5.615153e-01 -5.615153e-01 -6.077838e-01
    outer loop
      vertex   -2.251131e+01 -2.853698e+01 1.115428e+02
      vertex   -2.238122e+01 -2.868711e+01 1.118016e+02
      vertex   -2.286100e+01 -2.888667e+01 1.115428e+02
    endloop
  endfacet
  facet normal 4.311504e-01 -4.311504e-01 -7.926024e-01
    outer loop
      vertex   -2.251131e+01 -2.853698e+01 1.115428e+02
      vertex   -2.286100e+01 -2.888667e+01 1.115428e+02
      vertex   -2.305665e+01 -2.871714e+01 1.113441e+02
    endloop
  endfacet
  facet normal 4.881210e-01 -3.654028e-01 -7.926024e-01
    outer loop
      vertex   -2.305665e+01 -2.871714e+01 1.113441e+02
      vertex   -2.286100e+01 -2.888667e+01 1.115428e+02
      vertex   -2.337516e+01 -2.914261e+01 1.113441e+02
    endloop
  endfacet
  facet normal 3.070214e-01 -2.298334e-01 -9.235337e-01
    outer loop
      vertex   -2.305665e+01 -2.871714e+01 1.113441e+02
      vertex   -2.337516e+01 -2.914261e+01 1.113441e+02
      vertex   -2.362877e+01 -2.897962e+01 1.112192e+02
    endloop
  endfacet
  facet normal 3.366051e-01 -1.838003e-01 -9.235337e-01
    outer loop
      vertex   -2.362877e+01 -2.897962e+01 1.112192e+02
      vertex   -2.337516e+01 -2.914261e+01 1.113441e+02
      vertex   -2.390410e+01 -2.948384e+01 1.112192e+02
    endloop
  endfacet
  facet normal 4.934057e-01 -8.546037e-01 -1.618748e-01
    outer loop
      vertex   -2.152927e+01 -2.833664e+01 1.124266e+02
      vertex   -2.203966e+01 -2.863131e+01 1.124266e+02
      vertex   -2.194050e+01 -2.851278e+01 1.121031e+02
    endloop
  endfacet
  facet normal 5.957094e-01 -7.957746e-01 -1.089642e-01
    outer loop
      vertex   -2.194050e+01 -2.851278e+01 1.121031e+02
      vertex   -2.203966e+01 -2.863131e+01 1.124266e+02
      vertex   -2.229945e+01 -2.878148e+01 1.121031e+02
    endloop
  endfacet
  facet normal 5.538668e-01 -7.398794e-01 -3.818507e-01
    outer loop
      vertex   -2.194050e+01 -2.851278e+01 1.121031e+02
      vertex   -2.229945e+01 -2.878148e+01 1.121031e+02
      vertex   -2.238122e+01 -2.868711e+01 1.118016e+02
    endloop
  endfacet
  facet normal 6.535251e-01 -6.535251e-01 -3.818507e-01
    outer loop
      vertex   -2.238122e+01 -2.868711e+01 1.118016e+02
      vertex   -2.229945e+01 -2.878148e+01 1.121031e+02
      vertex   -2.271087e+01 -2.901676e+01 1.118016e+02
    endloop
  endfacet
  facet normal 5.615153e-01 -5.615153e-01 -6.077838e-01
    outer loop
      vertex   -2.238122e+01 -2.868711e+01 1.118016e+02
      vertex   -2.271087e+01 -2.901676e+01 1.118016e+02
      vertex   -2.286100e+01 -2.888667e+01 1.115428e+02
    endloop
  endfacet
  facet normal 6.357118e-01 -4.758879e-01 -6.077838e-01
    outer loop
      vertex   -2.286100e+01 -2.888667e+01 1.115428e+02
      vertex   -2.271087e+01 -2.901676e+01 1.118016e+02
      vertex   -2.315737e+01 -2.928257e+01 1.115428e+02
    endloop
  endfacet
  facet normal 4.881210e-01 -3.654028e-01 -7.926024e-01
    outer loop
      vertex   -2.286100e+01 -2.888667e+01 1.115428e+02
      vertex   -2.315737e+01 -2.928257e+01 1.115428e+02
      vertex   -2.337516e+01 -2.914261e+01 1.113441e+02
    endloop
  endfacet
  facet normal 5.351549e-01 -2.922167e-01 -7.926024e-01
    outer loop
      vertex   -2.337516e+01 -2.914261e+01 1.113441e+02
      vertex   -2.315737e+01 -2.928257e+01 1.115428e+02
      vertex   -2.362987e+01 -2.960908e+01 1.113441e+02
    endloop
  endfacet
  facet normal 3.366051e-01 -1.838003e-01 -9.235337e-01
    outer loop
      vertex   -2.337516e+01 -2.914261e+01 1.113441e+02
      vertex   -2.362987e+01 -2.960908e+01 1.113441e+02
      vertex   -2.390410e+01 -2.948384e+01 1.112192e+02
    endloop
  endfacet
  facet normal 3.593365e-01 -1.340256e-01 -9.235337e-01
    outer loop
      vertex   -2.390410e+01 -2.948384e+01 1.112192e+02
      vertex   -2.362987e+01 -2.960908e+01 1.113441e+02
      vertex   -2.410486e+01 -3.002211e+01 1.112192e+02
    endloop
  endfacet
  facet normal 6.450533e-01 -7.444312e-01 -1.724190e-01
    outer loop
      vertex   -2.203966e+01 -2.863131e+01 1.124266e+02
      vertex   -2.248506e+01 -2.901725e+01 1.124266e+02
      vertex   -2.229945e+01 -2.878148e+01 1.121031e+02
    endloop
  endfacet
  facet normal 7.028964e-01 -7.028964e-01 -1.089642e-01
    outer loop
      vertex   -2.229945e+01 -2.878148e+01 1.121031e+02
      vertex   -2.248506e+01 -2.901725e+01 1.124266e+02
      vertex   -2.261650e+01 -2.909854e+01 1.121031e+02
    endloop
  endfacet
  facet normal 6.535251e-01 -6.535251e-01 -3.818507e-01
    outer loop
      vertex   -2.229945e+01 -2.878148e+01 1.121031e+02
      vertex   -2.261650e+01 -2.909854e+01 1.121031e+02
      vertex   -2.271087e+01 -2.901676e+01 1.118016e+02
    endloop
  endfacet
  facet normal 7.398794e-01 -5.538668e-01 -3.818507e-01
    outer loop
      vertex   -2.271087e+01 -2.901676e+01 1.118016e+02
      vertex   -2.261650e+01 -2.909854e+01 1.121031e+02
      vertex   -2.299026e+01 -2.938997e+01 1.118016e+02
    endloop
  endfacet
  facet normal 6.357118e-01 -4.758879e-01 -6.077838e-01
    outer loop
      vertex   -2.271087e+01 -2.901676e+01 1.118016e+02
      vertex   -2.299026e+01 -2.938997e+01 1.118016e+02
      vertex   -2.315737e+01 -2.928257e+01 1.115428e+02
    endloop
  endfacet
  facet normal 6.969671e-01 -3.805728e-01 -6.077838e-01
    outer loop
      vertex   -2.315737e+01 -2.928257e+01 1.115428e+02
      vertex   -2.299026e+01 -2.938997e+01 1.118016e+02
      vertex   -2.339438e+01 -2.971662e+01 1.115428e+02
    endloop
  endfacet
  facet normal 5.351549e-01 -2.922167e-01 -7.926024e-01
    outer loop
      vertex   -2.315737e+01 -2.928257e+01 1.115428e+02
      vertex   -2.339438e+01 -2.971662e+01 1.115428e+02
      vertex   -2.362987e+01 -2.960908e+01 1.113441e+02
    endloop
  endfacet
  facet normal 5.712946e-01 -2.130819e-01 -7.926024e-01
    outer loop
      vertex   -2.362987e+01 -2.960908e+01 1.113441e+02
      vertex   -2.339438e+01 -2.971662e+01 1.115428e+02
      vertex   -2.381560e+01 -3.010704e+01 1.113441e+02
    endloop
  endfacet
  facet normal 3.593365e-01 -1.340256e-01 -9.235337e-01
    outer loop
      vertex   -2.362987e+01 -2.960908e+01 1.113441e+02
      vertex   -2.381560e+01 -3.010704e+01 1.113441e+02
      vertex   -2.410486e+01 -3.002211e+01 1.112192e+02
    endloop
  endfacet
  facet normal 3.747528e-01 -8.152247e-02 -9.235337e-01
    outer loop
      vertex   -2.410486e+01 -3.002211e+01 1.112192e+02
      vertex   -2.381560e+01 -3.010704e+01 1.113441e+02
      vertex   -2.422698e+01 -3.058347e+01 1.112192e+02
    endloop
  endfacet
  facet normal 7.756861e-01 -6.100063e-01 -1.618748e-01
    outer loop
      vertex   -2.248506e+01 -2.901725e+01 1.124266e+02
      vertex   -2.284937e+01 -2.948051e+01 1.124266e+02
      vertex   -2.261650e+01 -2.909854e+01 1.121031e+02
    endloop
  endfacet
  facet normal 7.937269e-01 -5.941765e-01 -1.301993e-01
    outer loop
      vertex   -2.261650e+01 -2.909854e+01 1.121031e+02
      vertex   -2.284937e+01 -2.948051e+01 1.124266e+02
      vertex   -2.288520e+01 -2.945748e+01 1.121031e+02
    endloop
  endfacet
  facet normal 7.398794e-01 -5.538668e-01 -3.818507e-01
    outer loop
      vertex   -2.261650e+01 -2.909854e+01 1.121031e+02
      vertex   -2.288520e+01 -2.945748e+01 1.121031e+02
      vertex   -2.299026e+01 -2.938997e+01 1.118016e+02
    endloop
  endfacet
  facet normal 8.111720e-01 -4.429334e-01 -3.818507e-01
    outer loop
      vertex   -2.299026e+01 -2.938997e+01 1.118016e+02
      vertex   -2.288520e+01 -2.945748e+01 1.121031e+02
      vertex   -2.321368e+01 -2.979914e+01 1.118016e+02
    endloop
  endfacet
  facet normal 6.969671e-01 -3.805728e-01 -6.077838e-01
    outer loop
      vertex   -2.299026e+01 -2.938997e+01 1.118016e+02
      vertex   -2.321368e+01 -2.979914e+01 1.118016e+02
      vertex   -2.339438e+01 -2.971662e+01 1.115428e+02
    endloop
  endfacet
  facet normal 7.440342e-01 -2.775104e-01 -6.077838e-01
    outer loop
      vertex   -2.339438e+01 -2.971662e+01 1.115428e+02
      vertex   -2.321368e+01 -2.979914e+01 1.118016e+02
      vertex   -2.356720e+01 -3.017998e+01 1.115428e+02
    endloop
  endfacet
  facet normal 5.712946e-01 -2.130819e-01 -7.926024e-01
    outer loop
      vertex   -2.339438e+01 -2.971662e+01 1.115428e+02
      vertex   -2.356720e+01 -3.017998e+01 1.115428e+02
      vertex   -2.381560e+01 -3.010704e+01 1.113441e+02
    endloop
  endfacet
  facet normal 5.958043e-01 -1.296093e-01 -7.926024e-01
    outer loop
      vertex   -2.381560e+01 -3.010704e+01 1.113441e+02
      vertex   -2.356720e+01 -3.017998e+01 1.115428e+02
      vertex   -2.392857e+01 -3.062637e+01 1.113441e+02
    endloop
  endfacet
  facet normal 3.747528e-01 -8.152247e-02 -9.235337e-01
    outer loop
      vertex   -2.381560e+01 -3.010704e+01 1.113441e+02
      vertex   -2.392857e+01 -3.062637e+01 1.113441e+02
      vertex   -2.422698e+01 -3.058347e+01 1.112192e+02
    endloop
  endfacet
  facet normal 3.825402e-01 -2.735981e-02 -9.235337e-01
    outer loop
      vertex   -2.422698e+01 -3.058347e+01 1.112192e+02
      vertex   -2.392857e+01 -3.062637e+01 1.113441e+02
      vertex   -2.426796e+01 -3.115650e+01 1.112192e+02
    endloop
  endfacet
  facet normal 8.702081e-01 -4.751695e-01 -1.301993e-01
    outer loop
      vertex   -2.288520e+01 -2.945748e+01 1.121031e+02
      vertex   -2.284937e+01 -2.948051e+01 1.124266e+02
      vertex   -2.310009e+01 -2.985102e+01 1.121031e+02
    endloop
  endfacet
  facet normal 8.771129e-01 -4.521831e-01 -1.618748e-01
    outer loop
      vertex   -2.310009e+01 -2.985102e+01 1.121031e+02
      vertex   -2.284937e+01 -2.948051e+01 1.124266e+02
      vertex   -2.311943e+01 -3.000434e+01 1.124266e+02
    endloop
  endfacet
  facet normal 9.313708e-01 -3.473834e-01 -1.089642e-01
    outer loop
      vertex   -2.310009e+01 -2.985102e+01 1.121031e+02
      vertex   -2.311943e+01 -3.000434e+01 1.124266e+02
      vertex   -2.325678e+01 -3.027113e+01 1.121031e+02
    endloop
  endfacet
  facet normal 9.451233e-01 -2.775132e-01 -1.724190e-01
    outer loop
      vertex   -2.325678e+01 -3.027113e+01 1.121031e+02
      vertex   -2.311943e+01 -3.000434e+01 1.124266e+02
      vertex   -2.328547e+01 -3.056982e+01 1.124266e+02
    endloop
  endfacet
  facet normal 9.713286e-01 -2.112996e-01 -1.089642e-01
    outer loop
      vertex   -2.325678e+01 -3.027113e+01 1.121031e+02
      vertex   -2.328547e+01 -3.056982e+01 1.124266e+02
      vertex   -2.335209e+01 -3.070926e+01 1.121031e+02
    endloop
  endfacet
  facet normal 9.823430e-01 -9.380238e-02 -1.618748e-01
    outer loop
      vertex   -2.335209e+01 -3.070926e+01 1.121031e+02
      vertex   -2.328547e+01 -3.056982e+01 1.124266e+02
      vertex   -2.334149e+01 -3.115650e+01 1.124266e+02
    endloop
  endfacet
  facet normal 9.889616e-01 -7.073193e-02 -1.301993e-01
    outer loop
      vertex   -2.335209e+01 -3.070926e+01 1.121031e+02
      vertex   -2.334149e+01 -3.115650e+01 1.124266e+02
      vertex   -2.338408e+01 -3.115650e+01 1.121031e+02
    endloop
  endfacet
  facet normal -3.825402e-01 -2.735981e-02 -9.235337e-01
    outer loop
      vertex   -1.621501e+01 -3.115650e+01 1.112192e+02
      vertex   -1.651649e+01 -3.115650e+01 1.113441e+02
      vertex   -1.625599e+01 -3.058347e+01 1.112192e+02
    endloop
  endfacet
  facet normal -3.825402e-01 -2.735981e-02 -9.235337e-01
    outer loop
      vertex   -1.625599e+01 -3.058347e+01 1.112192e+02
      vertex   -1.651649e+01 -3.115650e+01 1.113441e+02
      vertex   -1.655440e+01 -3.062637e+01 1.113441e+02
    endloop
  endfacet
  facet normal -3.747528e-01 -8.152247e-02 -9.235337e-01
    outer loop
      vertex   -1.625599e+01 -3.058347e+01 1.112192e+02
      vertex   -1.655440e+01 -3.062637e+01 1.113441e+02
      vertex   -1.637811e+01 -3.002211e+01 1.112192e+02
    endloop
  endfacet
  facet normal -6.081852e-01 -4.349827e-02 -7.926024e-01
    outer loop
      vertex   -1.655440e+01 -3.062637e+01 1.113441e+02
      vertex   -1.651649e+01 -3.115650e+01 1.113441e+02
      vertex   -1.677537e+01 -3.115650e+01 1.115428e+02
    endloop
  endfacet
  facet normal -6.081852e-01 4.349827e-02 -7.926024e-01
    outer loop
      vertex   -1.677537e+01 -3.115650e+01 1.115428e+02
      vertex   -1.651649e+01 -3.115650e+01 1.113441e+02
      vertex   -1.681065e+01 -3.164978e+01 1.115428e+02
    endloop
  endfacet
  facet normal -7.920793e-01 5.665063e-02 -6.077838e-01
    outer loop
      vertex   -1.677537e+01 -3.115650e+01 1.115428e+02
      vertex   -1.681065e+01 -3.164978e+01 1.115428e+02
      vertex   -1.700728e+01 -3.162151e+01 1.118016e+02
    endloop
  endfacet
  facet normal -7.759548e-01 1.687986e-01 -6.077838e-01
    outer loop
      vertex   -1.700728e+01 -3.162151e+01 1.118016e+02
      vertex   -1.681065e+01 -3.164978e+01 1.115428e+02
      vertex   -1.710637e+01 -3.207705e+01 1.118016e+02
    endloop
  endfacet
  facet normal -9.031026e-01 1.964579e-01 -3.818507e-01
    outer loop
      vertex   -1.700728e+01 -3.162151e+01 1.118016e+02
      vertex   -1.710637e+01 -3.207705e+01 1.118016e+02
      vertex   -1.722619e+01 -3.204187e+01 1.121031e+02
    endloop
  endfacet
  facet normal -8.659514e-01 3.229832e-01 -3.818507e-01
    outer loop
      vertex   -1.722619e+01 -3.204187e+01 1.121031e+02
      vertex   -1.710637e+01 -3.207705e+01 1.118016e+02
      vertex   -1.738288e+01 -3.246198e+01 1.121031e+02
    endloop
  endfacet
  facet normal -3.825402e-01 2.735981e-02 -9.235337e-01
    outer loop
      vertex   -1.651649e+01 -3.115650e+01 1.113441e+02
      vertex   -1.621501e+01 -3.115650e+01 1.112192e+02
      vertex   -1.655440e+01 -3.168662e+01 1.113441e+02
    endloop
  endfacet
  facet normal -3.825402e-01 2.735981e-02 -9.235337e-01
    outer loop
      vertex   -1.655440e+01 -3.168662e+01 1.113441e+02
      vertex   -1.621501e+01 -3.115650e+01 1.112192e+02
      vertex   -1.625599e+01 -3.172952e+01 1.112192e+02
    endloop
  endfacet
  facet normal -3.747528e-01 8.152247e-02 -9.235337e-01
    outer loop
      vertex   -1.655440e+01 -3.168662e+01 1.113441e+02
      vertex   -1.625599e+01 -3.172952e+01 1.112192e+02
      vertex   -1.666738e+01 -3.220595e+01 1.113441e+02
    endloop
  endfacet
  facet normal -3.747528e-01 8.152247e-02 -9.235337e-01
    outer loop
      vertex   -1.666738e+01 -3.220595e+01 1.113441e+02
      vertex   -1.625599e+01 -3.172952e+01 1.112192e+02
      vertex   -1.637811e+01 -3.229089e+01 1.112192e+02
    endloop
  endfacet
  facet normal -3.593365e-01 1.340256e-01 -9.235337e-01
    outer loop
      vertex   -1.666738e+01 -3.220595e+01 1.113441e+02
      vertex   -1.637811e+01 -3.229089e+01 1.112192e+02
      vertex   -1.685311e+01 -3.270392e+01 1.113441e+02
    endloop
  endfacet
  facet normal 3.825402e-01 -2.735981e-02 -9.235337e-01
    outer loop
      vertex   -2.396649e+01 -3.115650e+01 1.113441e+02
      vertex   -2.426796e+01 -3.115650e+01 1.112192e+02
      vertex   -2.392857e+01 -3.062637e+01 1.113441e+02
    endloop
  endfacet
  facet normal 6.081852e-01 -4.349827e-02 -7.926024e-01
    outer loop
      vertex   -2.370760e+01 -3.115650e+01 1.115428e+02
      vertex   -2.396649e+01 -3.115650e+01 1.113441e+02
      vertex   -2.367232e+01 -3.066322e+01 1.115428e+02
    endloop
  endfacet
  facet normal 6.081852e-01 -4.349827e-02 -7.926024e-01
    outer loop
      vertex   -2.367232e+01 -3.066322e+01 1.115428e+02
      vertex   -2.396649e+01 -3.115650e+01 1.113441e+02
      vertex   -2.392857e+01 -3.062637e+01 1.113441e+02
    endloop
  endfacet
  facet normal 5.958043e-01 -1.296093e-01 -7.926024e-01
    outer loop
      vertex   -2.367232e+01 -3.066322e+01 1.115428e+02
      vertex   -2.392857e+01 -3.062637e+01 1.113441e+02
      vertex   -2.356720e+01 -3.017998e+01 1.115428e+02
    endloop
  endfacet
  facet normal 7.920793e-01 -5.665063e-02 -6.077838e-01
    outer loop
      vertex   -2.350895e+01 -3.115650e+01 1.118016e+02
      vertex   -2.370760e+01 -3.115650e+01 1.115428e+02
      vertex   -2.347570e+01 -3.069149e+01 1.118016e+02
    endloop
  endfacet
  facet normal 7.920793e-01 -5.665063e-02 -6.077838e-01
    outer loop
      vertex   -2.347570e+01 -3.069149e+01 1.118016e+02
      vertex   -2.370760e+01 -3.115650e+01 1.115428e+02
      vertex   -2.367232e+01 -3.066322e+01 1.115428e+02
    endloop
  endfacet
  facet normal 7.759548e-01 -1.687986e-01 -6.077838e-01
    outer loop
      vertex   -2.347570e+01 -3.069149e+01 1.118016e+02
      vertex   -2.367232e+01 -3.066322e+01 1.115428e+02
      vertex   -2.337660e+01 -3.023594e+01 1.118016e+02
    endloop
  endfacet
  facet normal 7.759548e-01 -1.687986e-01 -6.077838e-01
    outer loop
      vertex   -2.337660e+01 -3.023594e+01 1.118016e+02
      vertex   -2.367232e+01 -3.066322e+01 1.115428e+02
      vertex   -2.356720e+01 -3.017998e+01 1.115428e+02
    endloop
  endfacet
  facet normal 7.440342e-01 -2.775104e-01 -6.077838e-01
    outer loop
      vertex   -2.337660e+01 -3.023594e+01 1.118016e+02
      vertex   -2.356720e+01 -3.017998e+01 1.115428e+02
      vertex   -2.321368e+01 -2.979914e+01 1.118016e+02
    endloop
  endfacet
  facet normal 9.218692e-01 -6.593339e-02 -3.818507e-01
    outer loop
      vertex   -2.338408e+01 -3.115650e+01 1.121031e+02
      vertex   -2.350895e+01 -3.115650e+01 1.118016e+02
      vertex   -2.335209e+01 -3.070926e+01 1.121031e+02
    endloop
  endfacet
  facet normal 9.218692e-01 -6.593339e-02 -3.818507e-01
    outer loop
      vertex   -2.335209e+01 -3.070926e+01 1.121031e+02
      vertex   -2.350895e+01 -3.115650e+01 1.118016e+02
      vertex   -2.347570e+01 -3.069149e+01 1.118016e+02
    endloop
  endfacet
  facet normal 9.031026e-01 -1.964579e-01 -3.818507e-01
    outer loop
      vertex   -2.335209e+01 -3.070926e+01 1.121031e+02
      vertex   -2.347570e+01 -3.069149e+01 1.118016e+02
      vertex   -2.325678e+01 -3.027113e+01 1.121031e+02
    endloop
  endfacet
  facet normal 9.031026e-01 -1.964579e-01 -3.818507e-01
    outer loop
      vertex   -2.325678e+01 -3.027113e+01 1.121031e+02
      vertex   -2.347570e+01 -3.069149e+01 1.118016e+02
      vertex   -2.337660e+01 -3.023594e+01 1.118016e+02
    endloop
  endfacet
  facet normal 8.659514e-01 -3.229832e-01 -3.818507e-01
    outer loop
      vertex   -2.325678e+01 -3.027113e+01 1.121031e+02
      vertex   -2.337660e+01 -3.023594e+01 1.118016e+02
      vertex   -2.310009e+01 -2.985102e+01 1.121031e+02
    endloop
  endfacet
  facet normal 8.659514e-01 -3.229832e-01 -3.818507e-01
    outer loop
      vertex   -2.310009e+01 -2.985102e+01 1.121031e+02
      vertex   -2.337660e+01 -3.023594e+01 1.118016e+02
      vertex   -2.321368e+01 -2.979914e+01 1.118016e+02
    endloop
  endfacet
  facet normal 8.111720e-01 -4.429334e-01 -3.818507e-01
    outer loop
      vertex   -2.310009e+01 -2.985102e+01 1.121031e+02
      vertex   -2.321368e+01 -2.979914e+01 1.118016e+02
      vertex   -2.288520e+01 -2.945748e+01 1.121031e+02
    endloop
  endfacet
  facet normal 3.070214e-01 -2.298334e-01 -9.235337e-01
    outer loop
      vertex   -2.362877e+01 -2.897962e+01 1.112192e+02
      vertex   -2.328449e+01 -2.851972e+01 1.112192e+02
      vertex   -2.305665e+01 -2.871714e+01 1.113441e+02
    endloop
  endfacet
  facet normal 2.711877e-01 -2.711877e-01 -9.235337e-01
    outer loop
      vertex   -2.305665e+01 -2.871714e+01 1.113441e+02
      vertex   -2.328449e+01 -2.851972e+01 1.112192e+02
      vertex   -2.268084e+01 -2.834133e+01 1.113441e+02
    endloop
  endfacet
  facet normal 4.311504e-01 -4.311504e-01 -7.926024e-01
    outer loop
      vertex   -2.305665e+01 -2.871714e+01 1.113441e+02
      vertex   -2.268084e+01 -2.834133e+01 1.113441e+02
      vertex   -2.251131e+01 -2.853698e+01 1.115428e+02
    endloop
  endfacet
  facet normal 3.654028e-01 -4.881210e-01 -7.926024e-01
    outer loop
      vertex   -2.251131e+01 -2.853698e+01 1.115428e+02
      vertex   -2.268084e+01 -2.834133e+01 1.113441e+02
      vertex   -2.211541e+01 -2.824061e+01 1.115428e+02
    endloop
  endfacet
  facet normal 4.758879e-01 -6.357118e-01 -6.077838e-01
    outer loop
      vertex   -2.251131e+01 -2.853698e+01 1.115428e+02
      vertex   -2.211541e+01 -2.824061e+01 1.115428e+02
      vertex   -2.200801e+01 -2.840773e+01 1.118016e+02
    endloop
  endfacet
  facet normal 3.805728e-01 -6.969671e-01 -6.077838e-01
    outer loop
      vertex   -2.200801e+01 -2.840773e+01 1.118016e+02
      vertex   -2.211541e+01 -2.824061e+01 1.115428e+02
      vertex   -2.159884e+01 -2.818430e+01 1.118016e+02
    endloop
  endfacet
  facet normal 4.429334e-01 -8.111720e-01 -3.818507e-01
    outer loop
      vertex   -2.200801e+01 -2.840773e+01 1.118016e+02
      vertex   -2.159884e+01 -2.818430e+01 1.118016e+02
      vertex   -2.154697e+01 -2.829789e+01 1.121031e+02
    endloop
  endfacet
  facet normal 3.229832e-01 -8.659514e-01 -3.818507e-01
    outer loop
      vertex   -2.154697e+01 -2.829789e+01 1.121031e+02
      vertex   -2.159884e+01 -2.818430e+01 1.118016e+02
      vertex   -2.112686e+01 -2.814120e+01 1.121031e+02
    endloop
  endfacet
  facet normal 2.711877e-01 -2.711877e-01 -9.235337e-01
    outer loop
      vertex   -2.328449e+01 -2.851972e+01 1.112192e+02
      vertex   -2.287827e+01 -2.811349e+01 1.112192e+02
      vertex   -2.268084e+01 -2.834133e+01 1.113441e+02
    endloop
  endfacet
  facet normal 2.298334e-01 -3.070214e-01 -9.235337e-01
    outer loop
      vertex   -2.268084e+01 -2.834133e+01 1.113441e+02
      vertex   -2.287827e+01 -2.811349e+01 1.112192e+02
      vertex   -2.225537e+01 -2.802283e+01 1.113441e+02
    endloop
  endfacet
  facet normal 3.654028e-01 -4.881210e-01 -7.926024e-01
    outer loop
      vertex   -2.268084e+01 -2.834133e+01 1.113441e+02
      vertex   -2.225537e+01 -2.802283e+01 1.113441e+02
      vertex   -2.211541e+01 -2.824061e+01 1.115428e+02
    endloop
  endfacet
  facet normal 2.922167e-01 -5.351549e-01 -7.926024e-01
    outer loop
      vertex   -2.211541e+01 -2.824061e+01 1.115428e+02
      vertex   -2.225537e+01 -2.802283e+01 1.113441e+02
      vertex   -2.168136e+01 -2.800361e+01 1.115428e+02
    endloop
  endfacet
  facet normal 3.805728e-01 -6.969671e-01 -6.077838e-01
    outer loop
      vertex   -2.211541e+01 -2.824061e+01 1.115428e+02
      vertex   -2.168136e+01 -2.800361e+01 1.115428e+02
      vertex   -2.159884e+01 -2.818430e+01 1.118016e+02
    endloop
  endfacet
  facet normal 2.775104e-01 -7.440342e-01 -6.077838e-01
    outer loop
      vertex   -2.159884e+01 -2.818430e+01 1.118016e+02
      vertex   -2.168136e+01 -2.800361e+01 1.115428e+02
      vertex   -2.116204e+01 -2.802138e+01 1.118016e+02
    endloop
  endfacet
  facet normal 3.229832e-01 -8.659514e-01 -3.818507e-01
    outer loop
      vertex   -2.159884e+01 -2.818430e+01 1.118016e+02
      vertex   -2.116204e+01 -2.802138e+01 1.118016e+02
      vertex   -2.112686e+01 -2.814120e+01 1.121031e+02
    endloop
  endfacet
  facet normal 1.964579e-01 -9.031026e-01 -3.818507e-01
    outer loop
      vertex   -2.112686e+01 -2.814120e+01 1.121031e+02
      vertex   -2.116204e+01 -2.802138e+01 1.118016e+02
      vertex   -2.068872e+01 -2.804589e+01 1.121031e+02
    endloop
  endfacet
  facet normal 2.298334e-01 -3.070214e-01 -9.235337e-01
    outer loop
      vertex   -2.287827e+01 -2.811349e+01 1.112192e+02
      vertex   -2.241836e+01 -2.776921e+01 1.112192e+02
      vertex   -2.225537e+01 -2.802283e+01 1.113441e+02
    endloop
  endfacet
  facet normal 1.838003e-01 -3.366051e-01 -9.235337e-01
    outer loop
      vertex   -2.225537e+01 -2.802283e+01 1.113441e+02
      vertex   -2.241836e+01 -2.776921e+01 1.112192e+02
      vertex   -2.178891e+01 -2.776812e+01 1.113441e+02
    endloop
  endfacet
  facet normal 2.922167e-01 -5.351549e-01 -7.926024e-01
    outer loop
      vertex   -2.225537e+01 -2.802283e+01 1.113441e+02
      vertex   -2.178891e+01 -2.776812e+01 1.113441e+02
      vertex   -2.168136e+01 -2.800361e+01 1.115428e+02
    endloop
  endfacet
  facet normal 2.130819e-01 -5.712946e-01 -7.926024e-01
    outer loop
      vertex   -2.168136e+01 -2.800361e+01 1.115428e+02
      vertex   -2.178891e+01 -2.776812e+01 1.113441e+02
      vertex   -2.121800e+01 -2.783078e+01 1.115428e+02
    endloop
  endfacet
  facet normal 2.775104e-01 -7.440342e-01 -6.077838e-01
    outer loop
      vertex   -2.168136e+01 -2.800361e+01 1.115428e+02
      vertex   -2.121800e+01 -2.783078e+01 1.115428e+02
      vertex   -2.116204e+01 -2.802138e+01 1.118016e+02
    endloop
  endfacet
  facet normal 1.687986e-01 -7.759548e-01 -6.077838e-01
    outer loop
      vertex   -2.116204e+01 -2.802138e+01 1.118016e+02
      vertex   -2.121800e+01 -2.783078e+01 1.115428e+02
      vertex   -2.070650e+01 -2.792229e+01 1.118016e+02
    endloop
  endfacet
  facet normal 1.964579e-01 -9.031026e-01 -3.818507e-01
    outer loop
      vertex   -2.116204e+01 -2.802138e+01 1.118016e+02
      vertex   -2.070650e+01 -2.792229e+01 1.118016e+02
      vertex   -2.068872e+01 -2.804589e+01 1.121031e+02
    endloop
  endfacet
  facet normal 6.593339e-02 -9.218692e-01 -3.818507e-01
    outer loop
      vertex   -2.068872e+01 -2.804589e+01 1.121031e+02
      vertex   -2.070650e+01 -2.792229e+01 1.118016e+02
      vertex   -2.024149e+01 -2.801390e+01 1.121031e+02
    endloop
  endfacet
  facet normal 1.838003e-01 -3.366051e-01 -9.235337e-01
    outer loop
      vertex   -2.241836e+01 -2.776921e+01 1.112192e+02
      vertex   -2.191415e+01 -2.749388e+01 1.112192e+02
      vertex   -2.178891e+01 -2.776812e+01 1.113441e+02
    endloop
  endfacet
  facet normal 1.340256e-01 -3.593365e-01 -9.235337e-01
    outer loop
      vertex   -2.178891e+01 -2.776812e+01 1.113441e+02
      vertex   -2.191415e+01 -2.749388e+01 1.112192e+02
      vertex   -2.129094e+01 -2.758239e+01 1.113441e+02
    endloop
  endfacet
  facet normal 2.130819e-01 -5.712946e-01 -7.926024e-01
    outer loop
      vertex   -2.178891e+01 -2.776812e+01 1.113441e+02
      vertex   -2.129094e+01 -2.758239e+01 1.113441e+02
      vertex   -2.121800e+01 -2.783078e+01 1.115428e+02
    endloop
  endfacet
  facet normal 1.296093e-01 -5.958043e-01 -7.926024e-01
    outer loop
      vertex   -2.121800e+01 -2.783078e+01 1.115428e+02
      vertex   -2.129094e+01 -2.758239e+01 1.113441e+02
      vertex   -2.073477e+01 -2.772566e+01 1.115428e+02
    endloop
  endfacet
  facet normal 1.687986e-01 -7.759548e-01 -6.077838e-01
    outer loop
      vertex   -2.121800e+01 -2.783078e+01 1.115428e+02
      vertex   -2.073477e+01 -2.772566e+01 1.115428e+02
      vertex   -2.070650e+01 -2.792229e+01 1.118016e+02
    endloop
  endfacet
  facet normal 5.665063e-02 -7.920793e-01 -6.077838e-01
    outer loop
      vertex   -2.070650e+01 -2.792229e+01 1.118016e+02
      vertex   -2.073477e+01 -2.772566e+01 1.115428e+02
      vertex   -2.024149e+01 -2.788903e+01 1.118016e+02
    endloop
  endfacet
  facet normal 6.593339e-02 -9.218692e-01 -3.818507e-01
    outer loop
      vertex   -2.070650e+01 -2.792229e+01 1.118016e+02
      vertex   -2.024149e+01 -2.788903e+01 1.118016e+02
      vertex   -2.024149e+01 -2.801390e+01 1.121031e+02
    endloop
  endfacet
  facet normal -6.593339e-02 -9.218692e-01 -3.818507e-01
    outer loop
      vertex   -2.024149e+01 -2.801390e+01 1.121031e+02
      vertex   -2.024149e+01 -2.788903e+01 1.118016e+02
      vertex   -1.979425e+01 -2.804589e+01 1.121031e+02
    endloop
  endfacet
  facet normal -6.969671e-01 -3.805728e-01 -6.077838e-01
    outer loop
      vertex   -1.749272e+01 -2.938997e+01 1.118016e+02
      vertex   -1.732560e+01 -2.928257e+01 1.115428e+02
      vertex   -1.726929e+01 -2.979914e+01 1.118016e+02
    endloop
  endfacet
  facet normal -8.111720e-01 -4.429334e-01 -3.818507e-01
    outer loop
      vertex   -1.759777e+01 -2.945748e+01 1.121031e+02
      vertex   -1.749272e+01 -2.938997e+01 1.118016e+02
      vertex   -1.738288e+01 -2.985102e+01 1.121031e+02
    endloop
  endfacet
  facet normal -8.111720e-01 -4.429334e-01 -3.818507e-01
    outer loop
      vertex   -1.738288e+01 -2.985102e+01 1.121031e+02
      vertex   -1.749272e+01 -2.938997e+01 1.118016e+02
      vertex   -1.726929e+01 -2.979914e+01 1.118016e+02
    endloop
  endfacet
  facet normal -8.659514e-01 -3.229832e-01 -3.818507e-01
    outer loop
      vertex   -1.738288e+01 -2.985102e+01 1.121031e+02
      vertex   -1.726929e+01 -2.979914e+01 1.118016e+02
      vertex   -1.722619e+01 -3.027113e+01 1.121031e+02
    endloop
  endfacet
  facet normal -6.081852e-01 4.349827e-02 -7.926024e-01
    outer loop
      vertex   -1.651649e+01 -3.115650e+01 1.113441e+02
      vertex   -1.655440e+01 -3.168662e+01 1.113441e+02
      vertex   -1.681065e+01 -3.164978e+01 1.115428e+02
    endloop
  endfacet
  facet normal -5.958043e-01 1.296093e-01 -7.926024e-01
    outer loop
      vertex   -1.681065e+01 -3.164978e+01 1.115428e+02
      vertex   -1.655440e+01 -3.168662e+01 1.113441e+02
      vertex   -1.691577e+01 -3.213301e+01 1.115428e+02
    endloop
  endfacet
  facet normal -7.759548e-01 1.687986e-01 -6.077838e-01
    outer loop
      vertex   -1.681065e+01 -3.164978e+01 1.115428e+02
      vertex   -1.691577e+01 -3.213301e+01 1.115428e+02
      vertex   -1.710637e+01 -3.207705e+01 1.118016e+02
    endloop
  endfacet
  facet normal -7.440342e-01 2.775104e-01 -6.077838e-01
    outer loop
      vertex   -1.710637e+01 -3.207705e+01 1.118016e+02
      vertex   -1.691577e+01 -3.213301e+01 1.115428e+02
      vertex   -1.726929e+01 -3.251385e+01 1.118016e+02
    endloop
  endfacet
  facet normal -8.659514e-01 3.229832e-01 -3.818507e-01
    outer loop
      vertex   -1.710637e+01 -3.207705e+01 1.118016e+02
      vertex   -1.726929e+01 -3.251385e+01 1.118016e+02
      vertex   -1.738288e+01 -3.246198e+01 1.121031e+02
    endloop
  endfacet
  facet normal -8.111720e-01 4.429334e-01 -3.818507e-01
    outer loop
      vertex   -1.738288e+01 -3.246198e+01 1.121031e+02
      vertex   -1.726929e+01 -3.251385e+01 1.118016e+02
      vertex   -1.759777e+01 -3.285551e+01 1.121031e+02
    endloop
  endfacet
  facet normal -5.958043e-01 1.296093e-01 -7.926024e-01
    outer loop
      vertex   -1.691577e+01 -3.213301e+01 1.115428e+02
      vertex   -1.655440e+01 -3.168662e+01 1.113441e+02
      vertex   -1.666738e+01 -3.220595e+01 1.113441e+02
    endloop
  endfacet
  facet normal -5.712946e-01 2.130819e-01 -7.926024e-01
    outer loop
      vertex   -1.691577e+01 -3.213301e+01 1.115428e+02
      vertex   -1.666738e+01 -3.220595e+01 1.113441e+02
      vertex   -1.708860e+01 -3.259637e+01 1.115428e+02
    endloop
  endfacet
  facet normal -5.712946e-01 2.130819e-01 -7.926024e-01
    outer loop
      vertex   -1.708860e+01 -3.259637e+01 1.115428e+02
      vertex   -1.666738e+01 -3.220595e+01 1.113441e+02
      vertex   -1.685311e+01 -3.270392e+01 1.113441e+02
    endloop
  endfacet
  facet normal -5.351549e-01 2.922167e-01 -7.926024e-01
    outer loop
      vertex   -1.708860e+01 -3.259637e+01 1.115428e+02
      vertex   -1.685311e+01 -3.270392e+01 1.113441e+02
      vertex   -1.732560e+01 -3.303042e+01 1.115428e+02
    endloop
  endfacet
  facet normal -7.440342e-01 2.775104e-01 -6.077838e-01
    outer loop
      vertex   -1.691577e+01 -3.213301e+01 1.115428e+02
      vertex   -1.708860e+01 -3.259637e+01 1.115428e+02
      vertex   -1.726929e+01 -3.251385e+01 1.118016e+02
    endloop
  endfacet
  facet normal -6.969671e-01 3.805728e-01 -6.077838e-01
    outer loop
      vertex   -1.726929e+01 -3.251385e+01 1.118016e+02
      vertex   -1.708860e+01 -3.259637e+01 1.115428e+02
      vertex   -1.749272e+01 -3.292302e+01 1.118016e+02
    endloop
  endfacet
  facet normal -8.111720e-01 4.429334e-01 -3.818507e-01
    outer loop
      vertex   -1.726929e+01 -3.251385e+01 1.118016e+02
      vertex   -1.749272e+01 -3.292302e+01 1.118016e+02
      vertex   -1.759777e+01 -3.285551e+01 1.121031e+02
    endloop
  endfacet
  facet normal -7.398794e-01 5.538668e-01 -3.818507e-01
    outer loop
      vertex   -1.759777e+01 -3.285551e+01 1.121031e+02
      vertex   -1.749272e+01 -3.292302e+01 1.118016e+02
      vertex   -1.786647e+01 -3.321446e+01 1.121031e+02
    endloop
  endfacet
  facet normal -6.969671e-01 3.805728e-01 -6.077838e-01
    outer loop
      vertex   -1.749272e+01 -3.292302e+01 1.118016e+02
      vertex   -1.708860e+01 -3.259637e+01 1.115428e+02
      vertex   -1.732560e+01 -3.303042e+01 1.115428e+02
    endloop
  endfacet
  facet normal -7.398794e-01 5.538668e-01 -3.818507e-01
    outer loop
      vertex   -1.786647e+01 -3.321446e+01 1.121031e+02
      vertex   -1.749272e+01 -3.292302e+01 1.118016e+02
      vertex   -1.777210e+01 -3.329623e+01 1.118016e+02
    endloop
  endfacet
  facet normal -6.357118e-01 4.758879e-01 -6.077838e-01
    outer loop
      vertex   -1.777210e+01 -3.329623e+01 1.118016e+02
      vertex   -1.749272e+01 -3.292302e+01 1.118016e+02
      vertex   -1.732560e+01 -3.303042e+01 1.115428e+02
    endloop
  endfacet
  facet normal -6.535251e-01 6.535251e-01 -3.818507e-01
    outer loop
      vertex   -1.786647e+01 -3.321446e+01 1.121031e+02
      vertex   -1.777210e+01 -3.329623e+01 1.118016e+02
      vertex   -1.818353e+01 -3.353151e+01 1.121031e+02
    endloop
  endfacet
  facet normal 4.349827e-02 6.081852e-01 -7.926024e-01
    outer loop
      vertex   -2.024149e+01 -3.488150e+01 1.113441e+02
      vertex   -2.073477e+01 -3.458733e+01 1.115428e+02
      vertex   -2.024149e+01 -3.462261e+01 1.115428e+02
    endloop
  endfacet
  facet normal 5.665063e-02 7.920793e-01 -6.077838e-01
    outer loop
      vertex   -2.024149e+01 -3.462261e+01 1.115428e+02
      vertex   -2.073477e+01 -3.458733e+01 1.115428e+02
      vertex   -2.070650e+01 -3.439071e+01 1.118016e+02
    endloop
  endfacet
  facet normal 5.665063e-02 7.920793e-01 -6.077838e-01
    outer loop
      vertex   -2.024149e+01 -3.462261e+01 1.115428e+02
      vertex   -2.070650e+01 -3.439071e+01 1.118016e+02
      vertex   -2.024149e+01 -3.442396e+01 1.118016e+02
    endloop
  endfacet
  facet normal 6.593339e-02 9.218692e-01 -3.818507e-01
    outer loop
      vertex   -2.024149e+01 -3.442396e+01 1.118016e+02
      vertex   -2.070650e+01 -3.439071e+01 1.118016e+02
      vertex   -2.068872e+01 -3.426710e+01 1.121031e+02
    endloop
  endfacet
  facet normal 6.593339e-02 9.218692e-01 -3.818507e-01
    outer loop
      vertex   -2.024149e+01 -3.442396e+01 1.118016e+02
      vertex   -2.068872e+01 -3.426710e+01 1.121031e+02
      vertex   -2.024149e+01 -3.429909e+01 1.121031e+02
    endloop
  endfacet
  facet normal 1.964579e-01 9.031026e-01 -3.818507e-01
    outer loop
      vertex   -2.112686e+01 -3.417179e+01 1.121031e+02
      vertex   -2.068872e+01 -3.426710e+01 1.121031e+02
      vertex   -2.070650e+01 -3.439071e+01 1.118016e+02
    endloop
  endfacet
  facet normal 1.964579e-01 9.031026e-01 -3.818507e-01
    outer loop
      vertex   -2.112686e+01 -3.417179e+01 1.121031e+02
      vertex   -2.070650e+01 -3.439071e+01 1.118016e+02
      vertex   -2.116204e+01 -3.429161e+01 1.118016e+02
    endloop
  endfacet
  facet normal 1.687986e-01 7.759548e-01 -6.077838e-01
    outer loop
      vertex   -2.116204e+01 -3.429161e+01 1.118016e+02
      vertex   -2.070650e+01 -3.439071e+01 1.118016e+02
      vertex   -2.073477e+01 -3.458733e+01 1.115428e+02
    endloop
  endfacet
  facet normal 3.229832e-01 8.659514e-01 -3.818507e-01
    outer loop
      vertex   -2.154697e+01 -3.401510e+01 1.121031e+02
      vertex   -2.112686e+01 -3.417179e+01 1.121031e+02
      vertex   -2.116204e+01 -3.429161e+01 1.118016e+02
    endloop
  endfacet
  facet normal 0.000000e+00 0.000000e+00 -1.000000e+00
    outer loop
      vertex   -2.618310e+01 -3.199154e+01 1.111766e+02
      vertex   -2.624149e+01 -3.115650e+01 1.111766e+02
      vertex   -2.459149e+01 -3.115650e+01 1.111766e+02
    endloop
  endfacet
  facet normal 0.000000e+00 0.000000e+00 -1.000000e+00
    outer loop
      vertex   -2.459149e+01 -3.115650e+01 1.111766e+02
      vertex   -2.624149e+01 -3.115650e+01 1.111766e+02
      vertex   -2.618310e+01 -3.032146e+01 1.111766e+02
    endloop
  endfacet
  facet normal 0.000000e+00 0.000000e+00 -1.000000e+00
    outer loop
      vertex   -2.459149e+01 -3.115650e+01 1.111766e+02
      vertex   -2.618310e+01 -3.032146e+01 1.111766e+02
      vertex   -2.453516e+01 -3.045871e+01 1.111766e+02
    endloop
  endfacet
  facet normal 0.000000e+00 0.000000e+00 -1.000000e+00
    outer loop
      vertex   -2.453516e+01 -3.045871e+01 1.111766e+02
      vertex   -2.618310e+01 -3.032146e+01 1.111766e+02
      vertex   -2.600906e+01 -2.950267e+01 1.111766e+02
    endloop
  endfacet
  facet normal 0.000000e+00 0.000000e+00 -1.000000e+00
    outer loop
      vertex   -2.453516e+01 -3.045871e+01 1.111766e+02
      vertex   -2.600906e+01 -2.950267e+01 1.111766e+02
      vertex   -2.436762e+01 -2.977899e+01 1.111766e+02
    endloop
  endfacet
  facet normal 0.000000e+00 0.000000e+00 -1.000000e+00
    outer loop
      vertex   -2.436762e+01 -2.977899e+01 1.111766e+02
      vertex   -2.600906e+01 -2.950267e+01 1.111766e+02
      vertex   -2.572276e+01 -2.871608e+01 1.111766e+02
    endloop
  endfacet
  facet normal 0.000000e+00 0.000000e+00 -1.000000e+00
    outer loop
      vertex   -2.436762e+01 -2.977899e+01 1.111766e+02
      vertex   -2.572276e+01 -2.871608e+01 1.111766e+02
      vertex   -2.409322e+01 -2.913495e+01 1.111766e+02
    endloop
  endfacet
  facet normal 0.000000e+00 0.000000e+00 -1.000000e+00
    outer loop
      vertex   -2.409322e+01 -2.913495e+01 1.111766e+02
      vertex   -2.572276e+01 -2.871608e+01 1.111766e+02
      vertex   -2.532978e+01 -2.797698e+01 1.111766e+02
    endloop
  endfacet
  facet normal 0.000000e+00 0.000000e+00 -1.000000e+00
    outer loop
      vertex   -2.409322e+01 -2.913495e+01 1.111766e+02
      vertex   -2.532978e+01 -2.797698e+01 1.111766e+02
      vertex   -2.371906e+01 -2.854327e+01 1.111766e+02
    endloop
  endfacet
  facet normal 0.000000e+00 0.000000e+00 -1.000000e+00
    outer loop
      vertex   -2.371906e+01 -2.854327e+01 1.111766e+02
      vertex   -2.532978e+01 -2.797698e+01 1.111766e+02
      vertex   -2.483775e+01 -2.729977e+01 1.111766e+02
    endloop
  endfacet
  facet normal 0.000000e+00 0.000000e+00 -1.000000e+00
    outer loop
      vertex   -2.371906e+01 -2.854327e+01 1.111766e+02
      vertex   -2.483775e+01 -2.729977e+01 1.111766e+02
      vertex   -2.325484e+01 -2.801927e+01 1.111766e+02
    endloop
  endfacet
  facet normal 0.000000e+00 0.000000e+00 -1.000000e+00
    outer loop
      vertex   -2.325484e+01 -2.801927e+01 1.111766e+02
      vertex   -2.483775e+01 -2.729977e+01 1.111766e+02
      vertex   -2.425627e+01 -2.669763e+01 1.111766e+02
    endloop
  endfacet
  facet normal 0.000000e+00 0.000000e+00 -1.000000e+00
    outer loop
      vertex   -2.325484e+01 -2.801927e+01 1.111766e+02
      vertex   -2.425627e+01 -2.669763e+01 1.111766e+02
      vertex   -2.271257e+01 -2.757652e+01 1.111766e+02
    endloop
  endfacet
  facet normal 0.000000e+00 0.000000e+00 -1.000000e+00
    outer loop
      vertex   -2.271257e+01 -2.757652e+01 1.111766e+02
      vertex   -2.425627e+01 -2.669763e+01 1.111766e+02
      vertex   -2.359664e+01 -2.618227e+01 1.111766e+02
    endloop
  endfacet
  facet normal 0.000000e+00 0.000000e+00 -1.000000e+00
    outer loop
      vertex   -2.271257e+01 -2.757652e+01 1.111766e+02
      vertex   -2.359664e+01 -2.618227e+01 1.111766e+02
      vertex   -2.287171e+01 -2.576373e+01 1.111766e+02
    endloop
  endfacet
  facet normal 0.000000e+00 0.000000e+00 -1.000000e+00
    outer loop
      vertex   -2.271257e+01 -2.757652e+01 1.111766e+02
      vertex   -2.287171e+01 -2.576373e+01 1.111766e+02
      vertex   -2.210630e+01 -2.722649e+01 1.111766e+02
    endloop
  endfacet
  facet normal 0.000000e+00 0.000000e+00 -1.000000e+00
    outer loop
      vertex   -2.210630e+01 -2.722649e+01 1.111766e+02
      vertex   -2.287171e+01 -2.576373e+01 1.111766e+02
      vertex   -2.209559e+01 -2.545016e+01 1.111766e+02
    endloop
  endfacet
  facet normal 0.000000e+00 0.000000e+00 -1.000000e+00
    outer loop
      vertex   -2.210630e+01 -2.722649e+01 1.111766e+02
      vertex   -2.209559e+01 -2.545016e+01 1.111766e+02
      vertex   -2.145173e+01 -2.697824e+01 1.111766e+02
    endloop
  endfacet
  facet normal 0.000000e+00 0.000000e+00 -1.000000e+00
    outer loop
      vertex   -2.145173e+01 -2.697824e+01 1.111766e+02
      vertex   -2.209559e+01 -2.545016e+01 1.111766e+02
      vertex   -2.128338e+01 -2.524765e+01 1.111766e+02
    endloop
  endfacet
  facet normal 0.000000e+00 0.000000e+00 -1.000000e+00
    outer loop
      vertex   -2.145173e+01 -2.697824e+01 1.111766e+02
      vertex   -2.128338e+01 -2.524765e+01 1.111766e+02
      vertex   -2.076582e+01 -2.683821e+01 1.111766e+02
    endloop
  endfacet
  facet normal 0.000000e+00 0.000000e+00 -1.000000e+00
    outer loop
      vertex   -2.076582e+01 -2.683821e+01 1.111766e+02
      vertex   -2.128338e+01 -2.524765e+01 1.111766e+02
      vertex   -2.045088e+01 -2.516015e+01 1.111766e+02
    endloop
  endfacet
  facet normal 0.000000e+00 0.000000e+00 -1.000000e+00
    outer loop
      vertex   -2.076582e+01 -2.683821e+01 1.111766e+02
      vertex   -2.045088e+01 -2.516015e+01 1.111766e+02
      vertex   -2.006633e+01 -2.681002e+01 1.111766e+02
    endloop
  endfacet
  facet normal 0.000000e+00 0.000000e+00 -1.000000e+00
    outer loop
      vertex   -2.006633e+01 -2.681002e+01 1.111766e+02
      vertex   -2.045088e+01 -2.516015e+01 1.111766e+02
      vertex   -1.961432e+01 -2.518937e+01 1.111766e+02
    endloop
  endfacet
  facet normal 0.000000e+00 0.000000e+00 -1.000000e+00
    outer loop
      vertex   -2.006633e+01 -2.681002e+01 1.111766e+02
      vertex   -1.961432e+01 -2.518937e+01 1.111766e+02
      vertex   -1.937137e+01 -2.689441e+01 1.111766e+02
    endloop
  endfacet
  facet normal 0.000000e+00 0.000000e+00 -1.000000e+00
    outer loop
      vertex   -1.937137e+01 -2.689441e+01 1.111766e+02
      vertex   -1.961432e+01 -2.518937e+01 1.111766e+02
      vertex   -1.878996e+01 -2.533472e+01 1.111766e+02
    endloop
  endfacet
  facet normal 0.000000e+00 0.000000e+00 -1.000000e+00
    outer loop
      vertex   -1.937137e+01 -2.689441e+01 1.111766e+02
      vertex   -1.878996e+01 -2.533472e+01 1.111766e+02
      vertex   -1.869896e+01 -2.708918e+01 1.111766e+02
    endloop
  endfacet
  facet normal 0.000000e+00 0.000000e+00 -1.000000e+00
    outer loop
      vertex   -1.869896e+01 -2.708918e+01 1.111766e+02
      vertex   -1.878996e+01 -2.533472e+01 1.111766e+02
      vertex   -1.799385e+01 -2.559339e+01 1.111766e+02
    endloop
  endfacet
  facet normal 0.000000e+00 0.000000e+00 -1.000000e+00
    outer loop
      vertex   -1.869896e+01 -2.708918e+01 1.111766e+02
      vertex   -1.799385e+01 -2.559339e+01 1.111766e+02
      vertex   -1.806649e+01 -2.738929e+01 1.111766e+02
    endloop
  endfacet
  facet normal 0.000000e+00 0.000000e+00 -1.000000e+00
    outer loop
      vertex   -1.806649e+01 -2.738929e+01 1.111766e+02
      vertex   -1.799385e+01 -2.559339e+01 1.111766e+02
      vertex   -1.724149e+01 -2.596034e+01 1.111766e+02
    endloop
  endfacet
  facet normal 0.000000e+00 0.000000e+00 -1.000000e+00
    outer loop
      vertex   -1.806649e+01 -2.738929e+01 1.111766e+02
      vertex   -1.724149e+01 -2.596034e+01 1.111766e+02
      vertex   -1.654752e+01 -2.642843e+01 1.111766e+02
    endloop
  endfacet
  facet normal 0.000000e+00 0.000000e+00 -1.000000e+00
    outer loop
      vertex   -1.806649e+01 -2.738929e+01 1.111766e+02
      vertex   -1.654752e+01 -2.642843e+01 1.111766e+02
      vertex   -1.749035e+01 -2.778696e+01 1.111766e+02
    endloop
  endfacet
  facet normal 0.000000e+00 0.000000e+00 -1.000000e+00
    outer loop
      vertex   -1.749035e+01 -2.778696e+01 1.111766e+02
      vertex   -1.654752e+01 -2.642843e+01 1.111766e+02
      vertex   -1.592545e+01 -2.698855e+01 1.111766e+02
    endloop
  endfacet
  facet normal 0.000000e+00 0.000000e+00 -1.000000e+00
    outer loop
      vertex   -1.749035e+01 -2.778696e+01 1.111766e+02
      vertex   -1.592545e+01 -2.698855e+01 1.111766e+02
      vertex   -1.698546e+01 -2.827191e+01 1.111766e+02
    endloop
  endfacet
  facet normal 0.000000e+00 0.000000e+00 -1.000000e+00
    outer loop
      vertex   -1.698546e+01 -2.827191e+01 1.111766e+02
      vertex   -1.592545e+01 -2.698855e+01 1.111766e+02
      vertex   -1.538738e+01 -2.762978e+01 1.111766e+02
    endloop
  endfacet
  facet normal 0.000000e+00 0.000000e+00 -1.000000e+00
    outer loop
      vertex   -1.698546e+01 -2.827191e+01 1.111766e+02
      vertex   -1.538738e+01 -2.762978e+01 1.111766e+02
      vertex   -1.656491e+01 -2.883157e+01 1.111766e+02
    endloop
  endfacet
  facet normal 0.000000e+00 0.000000e+00 -1.000000e+00
    outer loop
      vertex   -1.656491e+01 -2.883157e+01 1.111766e+02
      vertex   -1.538738e+01 -2.762978e+01 1.111766e+02
      vertex   -1.494380e+01 -2.833967e+01 1.111766e+02
    endloop
  endfacet
  facet normal 0.000000e+00 0.000000e+00 -1.000000e+00
    outer loop
      vertex   -1.656491e+01 -2.883157e+01 1.111766e+02
      vertex   -1.494380e+01 -2.833967e+01 1.111766e+02
      vertex   -1.623958e+01 -2.945144e+01 1.111766e+02
    endloop
  endfacet
  facet normal 0.000000e+00 0.000000e+00 -1.000000e+00
    outer loop
      vertex   -1.623958e+01 -2.945144e+01 1.111766e+02
      vertex   -1.494380e+01 -2.833967e+01 1.111766e+02
      vertex   -1.460333e+01 -2.910438e+01 1.111766e+02
    endloop
  endfacet
  facet normal 0.000000e+00 0.000000e+00 -1.000000e+00
    outer loop
      vertex   -1.623958e+01 -2.945144e+01 1.111766e+02
      vertex   -1.460333e+01 -2.910438e+01 1.111766e+02
      vertex   -1.601789e+01 -3.011547e+01 1.111766e+02
    endloop
  endfacet
  facet normal 0.000000e+00 0.000000e+00 -1.000000e+00
    outer loop
      vertex   -1.601789e+01 -3.011547e+01 1.111766e+02
      vertex   -1.460333e+01 -2.910438e+01 1.111766e+02
      vertex   -1.437260e+01 -2.990903e+01 1.111766e+02
    endloop
  endfacet
  facet normal 0.000000e+00 0.000000e+00 -1.000000e+00
    outer loop
      vertex   -1.601789e+01 -3.011547e+01 1.111766e+02
      vertex   -1.437260e+01 -2.990903e+01 1.111766e+02
      vertex   -1.590559e+01 -3.080647e+01 1.111766e+02
    endloop
  endfacet
  facet normal 0.000000e+00 0.000000e+00 -1.000000e+00
    outer loop
      vertex   -1.590559e+01 -3.080647e+01 1.111766e+02
      vertex   -1.437260e+01 -2.990903e+01 1.111766e+02
      vertex   -1.425610e+01 -3.073796e+01 1.111766e+02
    endloop
  endfacet
  facet normal 0.000000e+00 0.000000e+00 -1.000000e+00
    outer loop
      vertex   -1.590559e+01 -3.080647e+01 1.111766e+02
      vertex   -1.425610e+01 -3.073796e+01 1.111766e+02
      vertex   -1.590559e+01 -3.150653e+01 1.111766e+02
    endloop
  endfacet
  facet normal 0.000000e+00 0.000000e+00 -1.000000e+00
    outer loop
      vertex   -1.590559e+01 -3.150653e+01 1.111766e+02
      vertex   -1.425610e+01 -3.073796e+01 1.111766e+02
      vertex   -1.425610e+01 -3.157504e+01 1.111766e+02
    endloop
  endfacet
  facet normal 0.000000e+00 0.000000e+00 -1.000000e+00
    outer loop
      vertex   -1.590559e+01 -3.150653e+01 1.111766e+02
      vertex   -1.425610e+01 -3.157504e+01 1.111766e+02
      vertex   -1.437260e+01 -3.240397e+01 1.111766e+02
    endloop
  endfacet
  facet normal 0.000000e+00 -0.000000e+00 -1.000000e+00
    outer loop
      vertex   -1.590559e+01 -3.150653e+01 1.111766e+02
      vertex   -1.437260e+01 -3.240397e+01 1.111766e+02
      vertex   -1.601789e+01 -3.219752e+01 1.111766e+02
    endloop
  endfacet
  facet normal 0.000000e+00 0.000000e+00 -1.000000e+00
    outer loop
      vertex   -1.601789e+01 -3.219752e+01 1.111766e+02
      vertex   -1.437260e+01 -3.240397e+01 1.111766e+02
      vertex   -1.460333e+01 -3.320862e+01 1.111766e+02
    endloop
  endfacet
  facet normal 0.000000e+00 -0.000000e+00 -1.000000e+00
    outer loop
      vertex   -1.601789e+01 -3.219752e+01 1.111766e+02
      vertex   -1.460333e+01 -3.320862e+01 1.111766e+02
      vertex   -1.623958e+01 -3.286155e+01 1.111766e+02
    endloop
  endfacet
  facet normal 0.000000e+00 0.000000e+00 -1.000000e+00
    outer loop
      vertex   -1.623958e+01 -3.286155e+01 1.111766e+02
      vertex   -1.460333e+01 -3.320862e+01 1.111766e+02
      vertex   -1.494380e+01 -3.397333e+01 1.111766e+02
    endloop
  endfacet
  facet normal 0.000000e+00 -0.000000e+00 -1.000000e+00
    outer loop
      vertex   -1.623958e+01 -3.286155e+01 1.111766e+02
      vertex   -1.494380e+01 -3.397333e+01 1.111766e+02
      vertex   -1.656491e+01 -3.348142e+01 1.111766e+02
    endloop
  endfacet
  facet normal 0.000000e+00 0.000000e+00 -1.000000e+00
    outer loop
      vertex   -1.656491e+01 -3.348142e+01 1.111766e+02
      vertex   -1.494380e+01 -3.397333e+01 1.111766e+02
      vertex   -1.538738e+01 -3.468321e+01 1.111766e+02
    endloop
  endfacet
  facet normal 0.000000e+00 -0.000000e+00 -1.000000e+00
    outer loop
      vertex   -1.656491e+01 -3.348142e+01 1.111766e+02
      vertex   -1.538738e+01 -3.468321e+01 1.111766e+02
      vertex   -1.698546e+01 -3.404108e+01 1.111766e+02
    endloop
  endfacet
  facet normal 0.000000e+00 0.000000e+00 -1.000000e+00
    outer loop
      vertex   -1.698546e+01 -3.404108e+01 1.111766e+02
      vertex   -1.538738e+01 -3.468321e+01 1.111766e+02
      vertex   -1.592545e+01 -3.532445e+01 1.111766e+02
    endloop
  endfacet
  facet normal 0.000000e+00 -0.000000e+00 -1.000000e+00
    outer loop
      vertex   -1.698546e+01 -3.404108e+01 1.111766e+02
      vertex   -1.592545e+01 -3.532445e+01 1.111766e+02
      vertex   -1.749035e+01 -3.452603e+01 1.111766e+02
    endloop
  endfacet
  facet normal 0.000000e+00 0.000000e+00 -1.000000e+00
    outer loop
      vertex   -1.749035e+01 -3.452603e+01 1.111766e+02
      vertex   -1.592545e+01 -3.532445e+01 1.111766e+02
      vertex   -1.654752e+01 -3.588456e+01 1.111766e+02
    endloop
  endfacet
  facet normal 0.000000e+00 -0.000000e+00 -1.000000e+00
    outer loop
      vertex   -1.749035e+01 -3.452603e+01 1.111766e+02
      vertex   -1.654752e+01 -3.588456e+01 1.111766e+02
      vertex   -1.806649e+01 -3.492371e+01 1.111766e+02
    endloop
  endfacet
  facet normal 0.000000e+00 0.000000e+00 -1.000000e+00
    outer loop
      vertex   -1.806649e+01 -3.492371e+01 1.111766e+02
      vertex   -1.654752e+01 -3.588456e+01 1.111766e+02
      vertex   -1.724149e+01 -3.635265e+01 1.111766e+02
    endloop
  endfacet
  facet normal 0.000000e+00 0.000000e+00 -1.000000e+00
    outer loop
      vertex   -1.806649e+01 -3.492371e+01 1.111766e+02
      vertex   -1.724149e+01 -3.635265e+01 1.111766e+02
      vertex   -1.799385e+01 -3.671960e+01 1.111766e+02
    endloop
  endfacet
  facet normal 0.000000e+00 -0.000000e+00 -1.000000e+00
    outer loop
      vertex   -1.806649e+01 -3.492371e+01 1.111766e+02
      vertex   -1.799385e+01 -3.671960e+01 1.111766e+02
      vertex   -1.869896e+01 -3.522382e+01 1.111766e+02
    endloop
  endfacet
  facet normal 0.000000e+00 -0.000000e+00 -1.000000e+00
    outer loop
      vertex   -1.869896e+01 -3.522382e+01 1.111766e+02
      vertex   -1.799385e+01 -3.671960e+01 1.111766e+02
      vertex   -1.878996e+01 -3.697827e+01 1.111766e+02
    endloop
  endfacet
  facet normal 0.000000e+00 0.000000e+00 -1.000000e+00
    outer loop
      vertex   -1.869896e+01 -3.522382e+01 1.111766e+02
      vertex   -1.878996e+01 -3.697827e+01 1.111766e+02
      vertex   -1.937137e+01 -3.541859e+01 1.111766e+02
    endloop
  endfacet
  facet normal 0.000000e+00 -0.000000e+00 -1.000000e+00
    outer loop
      vertex   -1.937137e+01 -3.541859e+01 1.111766e+02
      vertex   -1.878996e+01 -3.697827e+01 1.111766e+02
      vertex   -1.961432e+01 -3.712363e+01 1.111766e+02
    endloop
  endfacet
  facet normal 0.000000e+00 0.000000e+00 -1.000000e+00
    outer loop
      vertex   -1.937137e+01 -3.541859e+01 1.111766e+02
      vertex   -1.961432e+01 -3.712363e+01 1.111766e+02
      vertex   -2.006633e+01 -3.550297e+01 1.111766e+02
    endloop
  endfacet
  facet normal 0.000000e+00 -0.000000e+00 -1.000000e+00
    outer loop
      vertex   -2.006633e+01 -3.550297e+01 1.111766e+02
      vertex   -1.961432e+01 -3.712363e+01 1.111766e+02
      vertex   -2.045088e+01 -3.715284e+01 1.111766e+02
    endloop
  endfacet
  facet normal -0.000000e+00 0.000000e+00 -1.000000e+00
    outer loop
      vertex   -2.006633e+01 -3.550297e+01 1.111766e+02
      vertex   -2.045088e+01 -3.715284e+01 1.111766e+02
      vertex   -2.076582e+01 -3.547478e+01 1.111766e+02
    endloop
  endfacet
  facet normal 0.000000e+00 -0.000000e+00 -1.000000e+00
    outer loop
      vertex   -2.076582e+01 -3.547478e+01 1.111766e+02
      vertex   -2.045088e+01 -3.715284e+01 1.111766e+02
      vertex   -2.128338e+01 -3.706534e+01 1.111766e+02
    endloop
  endfacet
  facet normal -0.000000e+00 0.000000e+00 -1.000000e+00
    outer loop
      vertex   -2.076582e+01 -3.547478e+01 1.111766e+02
      vertex   -2.128338e+01 -3.706534e+01 1.111766e+02
      vertex   -2.145173e+01 -3.533475e+01 1.111766e+02
    endloop
  endfacet
  facet normal 0.000000e+00 -0.000000e+00 -1.000000e+00
    outer loop
      vertex   -2.145173e+01 -3.533475e+01 1.111766e+02
      vertex   -2.128338e+01 -3.706534e+01 1.111766e+02
      vertex   -2.209559e+01 -3.686284e+01 1.111766e+02
    endloop
  endfacet
  facet normal -0.000000e+00 0.000000e+00 -1.000000e+00
    outer loop
      vertex   -2.145173e+01 -3.533475e+01 1.111766e+02
      vertex   -2.209559e+01 -3.686284e+01 1.111766e+02
      vertex   -2.210630e+01 -3.508651e+01 1.111766e+02
    endloop
  endfacet
  facet normal 0.000000e+00 -0.000000e+00 -1.000000e+00
    outer loop
      vertex   -2.210630e+01 -3.508651e+01 1.111766e+02
      vertex   -2.209559e+01 -3.686284e+01 1.111766e+02
      vertex   -2.287171e+01 -3.654926e+01 1.111766e+02
    endloop
  endfacet
  facet normal -0.000000e+00 0.000000e+00 -1.000000e+00
    outer loop
      vertex   -2.210630e+01 -3.508651e+01 1.111766e+02
      vertex   -2.287171e+01 -3.654926e+01 1.111766e+02
      vertex   -2.271257e+01 -3.473648e+01 1.111766e+02
    endloop
  endfacet
  facet normal 0.000000e+00 0.000000e+00 -1.000000e+00
    outer loop
      vertex   -2.271257e+01 -3.473648e+01 1.111766e+02
      vertex   -2.287171e+01 -3.654926e+01 1.111766e+02
      vertex   -2.359664e+01 -3.613072e+01 1.111766e+02
    endloop
  endfacet
  facet normal 0.000000e+00 0.000000e+00 -1.000000e+00
    outer loop
      vertex   -2.271257e+01 -3.473648e+01 1.111766e+02
      vertex   -2.359664e+01 -3.613072e+01 1.111766e+02
      vertex   -2.425627e+01 -3.561537e+01 1.111766e+02
    endloop
  endfacet
  facet normal -0.000000e+00 0.000000e+00 -1.000000e+00
    outer loop
      vertex   -2.271257e+01 -3.473648e+01 1.111766e+02
      vertex   -2.425627e+01 -3.561537e+01 1.111766e+02
      vertex   -2.325484e+01 -3.429373e+01 1.111766e+02
    endloop
  endfacet
  facet normal 0.000000e+00 0.000000e+00 -1.000000e+00
    outer loop
      vertex   -2.325484e+01 -3.429373e+01 1.111766e+02
      vertex   -2.425627e+01 -3.561537e+01 1.111766e+02
      vertex   -2.483775e+01 -3.501322e+01 1.111766e+02
    endloop
  endfacet
  facet normal -0.000000e+00 0.000000e+00 -1.000000e+00
    outer loop
      vertex   -2.325484e+01 -3.429373e+01 1.111766e+02
      vertex   -2.483775e+01 -3.501322e+01 1.111766e+02
      vertex   -2.371906e+01 -3.376973e+01 1.111766e+02
    endloop
  endfacet
  facet normal 0.000000e+00 0.000000e+00 -1.000000e+00
    outer loop
      vertex   -2.371906e+01 -3.376973e+01 1.111766e+02
      vertex   -2.483775e+01 -3.501322e+01 1.111766e+02
      vertex   -2.532978e+01 -3.433601e+01 1.111766e+02
    endloop
  endfacet
  facet normal -0.000000e+00 0.000000e+00 -1.000000e+00
    outer loop
      vertex   -2.371906e+01 -3.376973e+01 1.111766e+02
      vertex   -2.532978e+01 -3.433601e+01 1.111766e+02
      vertex   -2.409322e+01 -3.317804e+01 1.111766e+02
    endloop
  endfacet
  facet normal 0.000000e+00 0.000000e+00 -1.000000e+00
    outer loop
      vertex   -2.409322e+01 -3.317804e+01 1.111766e+02
      vertex   -2.532978e+01 -3.433601e+01 1.111766e+02
      vertex   -2.572276e+01 -3.359692e+01 1.111766e+02
    endloop
  endfacet
  facet normal -0.000000e+00 0.000000e+00 -1.000000e+00
    outer loop
      vertex   -2.409322e+01 -3.317804e+01 1.111766e+02
      vertex   -2.572276e+01 -3.359692e+01 1.111766e+02
      vertex   -2.436762e+01 -3.253400e+01 1.111766e+02
    endloop
  endfacet
  facet normal 0.000000e+00 0.000000e+00 -1.000000e+00
    outer loop
      vertex   -2.436762e+01 -3.253400e+01 1.111766e+02
      vertex   -2.572276e+01 -3.359692e+01 1.111766e+02
      vertex   -2.600906e+01 -3.281032e+01 1.111766e+02
    endloop
  endfacet
  facet normal -0.000000e+00 0.000000e+00 -1.000000e+00
    outer loop
      vertex   -2.436762e+01 -3.253400e+01 1.111766e+02
      vertex   -2.600906e+01 -3.281032e+01 1.111766e+02
      vertex   -2.453516e+01 -3.185429e+01 1.111766e+02
    endloop
  endfacet
  facet normal 0.000000e+00 0.000000e+00 -1.000000e+00
    outer loop
      vertex   -2.453516e+01 -3.185429e+01 1.111766e+02
      vertex   -2.600906e+01 -3.281032e+01 1.111766e+02
      vertex   -2.618310e+01 -3.199154e+01 1.111766e+02
    endloop
  endfacet
  facet normal -0.000000e+00 0.000000e+00 -1.000000e+00
    outer loop
      vertex   -2.453516e+01 -3.185429e+01 1.111766e+02
      vertex   -2.618310e+01 -3.199154e+01 1.111766e+02
      vertex   -2.459149e+01 -3.115650e+01 1.111766e+02
    endloop
  endfacet
  facet normal 9.954719e-01 9.505604e-02 -3.294702e-16
    outer loop
      vertex   -2.328547e+01 -3.174318e+01 1.144766e+02
      vertex   -2.328547e+01 -3.174318e+01 1.124266e+02
      vertex   -2.334149e+01 -3.115650e+01 1.144766e+02
    endloop
  endfacet
  facet normal 9.954719e-01 9.505604e-02 -1.647351e-16
    outer loop
      vertex   -2.334149e+01 -3.115650e+01 1.144766e+02
      vertex   -2.328547e+01 -3.174318e+01 1.124266e+02
      vertex   -2.334149e+01 -3.115650e+01 1.124266e+02
    endloop
  endfacet
  facet normal 9.954719e-01 -9.505604e-02 1.647351e-16
    outer loop
      vertex   -2.334149e+01 -3.115650e+01 1.144766e+02
      vertex   -2.334149e+01 -3.115650e+01 1.124266e+02
      vertex   -2.328547e+01 -3.056982e+01 1.144766e+02
    endloop
  endfacet
  facet normal 9.954719e-01 -9.505604e-02 0.000000e+00
    outer loop
      vertex   -2.328547e+01 -3.056982e+01 1.144766e+02
      vertex   -2.334149e+01 -3.115650e+01 1.124266e+02
      vertex   -2.328547e+01 -3.056982e+01 1.124266e+02
    endloop
  endfacet
  facet normal 9.594930e-01 -2.817326e-01 0.000000e+00
    outer loop
      vertex   -2.328547e+01 -3.056982e+01 1.144766e+02
      vertex   -2.328547e+01 -3.056982e+01 1.124266e+02
      vertex   -2.311943e+01 -3.000434e+01 1.144766e+02
    endloop
  endfacet
  facet normal 9.594930e-01 -2.817326e-01 4.882513e-16
    outer loop
      vertex   -2.311943e+01 -3.000434e+01 1.144766e+02
      vertex   -2.328547e+01 -3.056982e+01 1.124266e+02
      vertex   -2.311943e+01 -3.000434e+01 1.124266e+02
    endloop
  endfacet
  facet normal 8.888354e-01 -4.582265e-01 7.941208e-16
    outer loop
      vertex   -2.311943e+01 -3.000434e+01 1.144766e+02
      vertex   -2.311943e+01 -3.000434e+01 1.124266e+02
      vertex   -2.284937e+01 -2.948051e+01 1.144766e+02
    endloop
  endfacet
  facet normal 8.888354e-01 -4.582265e-01 1.540379e-15
    outer loop
      vertex   -2.284937e+01 -2.948051e+01 1.144766e+02
      vertex   -2.311943e+01 -3.000434e+01 1.124266e+02
      vertex   -2.284937e+01 -2.948051e+01 1.124266e+02
    endloop
  endfacet
  facet normal 7.860531e-01 -6.181590e-01 1.362254e-15
    outer loop
      vertex   -2.284937e+01 -2.948051e+01 1.144766e+02
      vertex   -2.284937e+01 -2.948051e+01 1.124266e+02
      vertex   -2.248506e+01 -2.901725e+01 1.144766e+02
    endloop
  endfacet
  facet normal 7.860531e-01 -6.181590e-01 2.142577e-15
    outer loop
      vertex   -2.248506e+01 -2.901725e+01 1.144766e+02
      vertex   -2.284937e+01 -2.948051e+01 1.124266e+02
      vertex   -2.248506e+01 -2.901725e+01 1.124266e+02
    endloop
  endfacet
  facet normal 6.548607e-01 -7.557496e-01 2.619475e-15
    outer loop
      vertex   -2.248506e+01 -2.901725e+01 1.144766e+02
      vertex   -2.248506e+01 -2.901725e+01 1.124266e+02
      vertex   -2.203966e+01 -2.863131e+01 1.144766e+02
    endloop
  endfacet
  facet normal 6.548607e-01 -7.557496e-01 1.309737e-15
    outer loop
      vertex   -2.203966e+01 -2.863131e+01 1.144766e+02
      vertex   -2.248506e+01 -2.901725e+01 1.124266e+02
      vertex   -2.203966e+01 -2.863131e+01 1.124266e+02
    endloop
  endfacet
  facet normal 5.000000e-01 -8.660254e-01 1.500849e-15
    outer loop
      vertex   -2.203966e+01 -2.863131e+01 1.144766e+02
      vertex   -2.203966e+01 -2.863131e+01 1.124266e+02
      vertex   -2.152927e+01 -2.833664e+01 1.144766e+02
    endloop
  endfacet
  facet normal 5.000000e-01 -8.660254e-01 1.500849e-15
    outer loop
      vertex   -2.152927e+01 -2.833664e+01 1.144766e+02
      vertex   -2.203966e+01 -2.863131e+01 1.124266e+02
      vertex   -2.152927e+01 -2.833664e+01 1.124266e+02
    endloop
  endfacet
  facet normal 3.270680e-01 -9.450008e-01 1.637716e-15
    outer loop
      vertex   -2.152927e+01 -2.833664e+01 1.144766e+02
      vertex   -2.152927e+01 -2.833664e+01 1.124266e+02
      vertex   -2.097234e+01 -2.814388e+01 1.144766e+02
    endloop
  endfacet
  facet normal 3.270680e-01 -9.450008e-01 0.000000e+00
    outer loop
      vertex   -2.097234e+01 -2.814388e+01 1.144766e+02
      vertex   -2.152927e+01 -2.833664e+01 1.124266e+02
      vertex   -2.097234e+01 -2.814388e+01 1.124266e+02
    endloop
  endfacet
  facet normal 1.423148e-01 -9.898214e-01 0.000000e+00
    outer loop
      vertex   -2.097234e+01 -2.814388e+01 1.144766e+02
      vertex   -2.097234e+01 -2.814388e+01 1.124266e+02
      vertex   -2.038899e+01 -2.806001e+01 1.144766e+02
    endloop
  endfacet
  facet normal 1.423148e-01 -9.898214e-01 1.715391e-15
    outer loop
      vertex   -2.038899e+01 -2.806001e+01 1.144766e+02
      vertex   -2.097234e+01 -2.814388e+01 1.124266e+02
      vertex   -2.038899e+01 -2.806001e+01 1.124266e+02
    endloop
  endfacet
  facet normal -4.758192e-02 -9.988673e-01 1.731068e-15
    outer loop
      vertex   -2.038899e+01 -2.806001e+01 1.144766e+02
      vertex   -2.038899e+01 -2.806001e+01 1.124266e+02
      vertex   -1.980031e+01 -2.808805e+01 1.144766e+02
    endloop
  endfacet
  facet normal -4.758192e-02 -9.988673e-01 3.544597e-15
    outer loop
      vertex   -1.980031e+01 -2.808805e+01 1.144766e+02
      vertex   -2.038899e+01 -2.806001e+01 1.124266e+02
      vertex   -1.980031e+01 -2.808805e+01 1.124266e+02
    endloop
  endfacet
  facet normal -2.357589e-01 -9.718116e-01 3.776937e-15
    outer loop
      vertex   -1.980031e+01 -2.808805e+01 1.144766e+02
      vertex   -1.980031e+01 -2.808805e+01 1.124266e+02
      vertex   -1.922758e+01 -2.822699e+01 1.144766e+02
    endloop
  endfacet
  facet normal -2.357589e-01 -9.718116e-01 1.684180e-15
    outer loop
      vertex   -1.922758e+01 -2.822699e+01 1.144766e+02
      vertex   -1.980031e+01 -2.808805e+01 1.124266e+02
      vertex   -1.922758e+01 -2.822699e+01 1.124266e+02
    endloop
  endfacet
  facet normal -4.154150e-01 -9.096320e-01 1.576421e-15
    outer loop
      vertex   -1.922758e+01 -2.822699e+01 1.144766e+02
      vertex   -1.922758e+01 -2.822699e+01 1.124266e+02
      vertex   -1.869149e+01 -2.847182e+01 1.144766e+02
    endloop
  endfacet
  facet normal -4.154150e-01 -9.096320e-01 3.152841e-15
    outer loop
      vertex   -1.869149e+01 -2.847182e+01 1.144766e+02
      vertex   -1.922758e+01 -2.822699e+01 1.124266e+02
      vertex   -1.869149e+01 -2.847182e+01 1.124266e+02
    endloop
  endfacet
  facet normal -5.800569e-01 -8.145760e-01 2.823371e-15
    outer loop
      vertex   -1.869149e+01 -2.847182e+01 1.144766e+02
      vertex   -1.869149e+01 -2.847182e+01 1.124266e+02
      vertex   -1.821142e+01 -2.881367e+01 1.144766e+02
    endloop
  endfacet
  facet normal -5.800569e-01 -8.145760e-01 2.823371e-15
    outer loop
      vertex   -1.821142e+01 -2.881367e+01 1.144766e+02
      vertex   -1.869149e+01 -2.847182e+01 1.124266e+02
      vertex   -1.821142e+01 -2.881367e+01 1.124266e+02
    endloop
  endfacet
  facet normal -7.237340e-01 -6.900790e-01 2.391857e-15
    outer loop
      vertex   -1.821142e+01 -2.881367e+01 1.144766e+02
      vertex   -1.821142e+01 -2.881367e+01 1.124266e+02
      vertex   -1.780472e+01 -2.924020e+01 1.144766e+02
    endloop
  endfacet
  facet normal -7.237340e-01 -6.900790e-01 1.195928e-15
    outer loop
      vertex   -1.780472e+01 -2.924020e+01 1.144766e+02
      vertex   -1.821142e+01 -2.881367e+01 1.124266e+02
      vertex   -1.780472e+01 -2.924020e+01 1.124266e+02
    endloop
  endfacet
  facet normal -8.412535e-01 -5.406408e-01 9.369473e-16
    outer loop
      vertex   -1.780472e+01 -2.924020e+01 1.144766e+02
      vertex   -1.780472e+01 -2.924020e+01 1.124266e+02
      vertex   -1.748610e+01 -2.973599e+01 1.144766e+02
    endloop
  endfacet
  facet normal -8.412535e-01 -5.406408e-01 9.369473e-16
    outer loop
      vertex   -1.748610e+01 -2.973599e+01 1.144766e+02
      vertex   -1.780472e+01 -2.924020e+01 1.124266e+02
      vertex   -1.748610e+01 -2.973599e+01 1.124266e+02
    endloop
  endfacet
  facet normal -9.283679e-01 -3.716625e-01 6.441026e-16
    outer loop
      vertex   -1.748610e+01 -2.973599e+01 1.144766e+02
      vertex   -1.748610e+01 -2.973599e+01 1.124266e+02
      vertex   -1.726706e+01 -3.028313e+01 1.144766e+02
    endloop
  endfacet
  facet normal -9.283679e-01 -3.716625e-01 1.932308e-15
    outer loop
      vertex   -1.726706e+01 -3.028313e+01 1.144766e+02
      vertex   -1.748610e+01 -2.973599e+01 1.124266e+02
      vertex   -1.726706e+01 -3.028313e+01 1.124266e+02
    endloop
  endfacet
  facet normal -9.819287e-01 -1.892512e-01 9.839349e-16
    outer loop
      vertex   -1.726706e+01 -3.028313e+01 1.144766e+02
      vertex   -1.726706e+01 -3.028313e+01 1.124266e+02
      vertex   -1.715552e+01 -3.086182e+01 1.144766e+02
    endloop
  endfacet
  facet normal -9.819287e-01 -1.892512e-01 6.559566e-16
    outer loop
      vertex   -1.715552e+01 -3.086182e+01 1.144766e+02
      vertex   -1.726706e+01 -3.028313e+01 1.124266e+02
      vertex   -1.715552e+01 -3.086182e+01 1.124266e+02
    endloop
  endfacet
  facet normal -1.000000e+00 -0.000000e+00 0.000000e+00
    outer loop
      vertex   -1.715552e+01 -3.086182e+01 1.144766e+02
      vertex   -1.715552e+01 -3.086182e+01 1.124266e+02
      vertex   -1.715552e+01 -3.145117e+01 1.144766e+02
    endloop
  endfacet
  facet normal -1.000000e+00 0.000000e+00 -0.000000e+00
    outer loop
      vertex   -1.715552e+01 -3.145117e+01 1.144766e+02
      vertex   -1.715552e+01 -3.086182e+01 1.124266e+02
      vertex   -1.715552e+01 -3.145117e+01 1.124266e+02
    endloop
  endfacet
  facet normal -9.819287e-01 1.892512e-01 -3.279783e-16
    outer loop
      vertex   -1.715552e+01 -3.145117e+01 1.144766e+02
      vertex   -1.715552e+01 -3.145117e+01 1.124266e+02
      vertex   -1.726706e+01 -3.202987e+01 1.144766e+02
    endloop
  endfacet
  facet normal -9.819287e-01 1.892512e-01 1.045756e-15
    outer loop
      vertex   -1.726706e+01 -3.202987e+01 1.144766e+02
      vertex   -1.715552e+01 -3.145117e+01 1.124266e+02
      vertex   -1.726706e+01 -3.202987e+01 1.124266e+02
    endloop
  endfacet
  facet normal -9.283679e-01 3.716625e-01 3.206853e-16
    outer loop
      vertex   -1.726706e+01 -3.202987e+01 1.144766e+02
      vertex   -1.726706e+01 -3.202987e+01 1.124266e+02
      vertex   -1.748610e+01 -3.257700e+01 1.144766e+02
    endloop
  endfacet
  facet normal -9.283679e-01 3.716625e-01 -1.288205e-15
    outer loop
      vertex   -1.748610e+01 -3.257700e+01 1.144766e+02
      vertex   -1.726706e+01 -3.202987e+01 1.124266e+02
      vertex   -1.748610e+01 -3.257700e+01 1.124266e+02
    endloop
  endfacet
  facet normal -8.412535e-01 5.406408e-01 -1.873895e-15
    outer loop
      vertex   -1.748610e+01 -3.257700e+01 1.144766e+02
      vertex   -1.748610e+01 -3.257700e+01 1.124266e+02
      vertex   -1.780472e+01 -3.307279e+01 1.144766e+02
    endloop
  endfacet
  facet normal -8.412535e-01 5.406408e-01 -1.873895e-15
    outer loop
      vertex   -1.780472e+01 -3.307279e+01 1.144766e+02
      vertex   -1.748610e+01 -3.257700e+01 1.124266e+02
      vertex   -1.780472e+01 -3.307279e+01 1.124266e+02
    endloop
  endfacet
  facet normal -7.237340e-01 6.900790e-01 -2.391857e-15
    outer loop
      vertex   -1.780472e+01 -3.307279e+01 1.144766e+02
      vertex   -1.780472e+01 -3.307279e+01 1.124266e+02
      vertex   -1.821142e+01 -3.349932e+01 1.144766e+02
    endloop
  endfacet
  facet normal -7.237340e-01 6.900790e-01 0.000000e+00
    outer loop
      vertex   -1.821142e+01 -3.349932e+01 1.144766e+02
      vertex   -1.780472e+01 -3.307279e+01 1.124266e+02
      vertex   -1.821142e+01 -3.349932e+01 1.124266e+02
    endloop
  endfacet
  facet normal -5.800569e-01 8.145760e-01 0.000000e+00
    outer loop
      vertex   -1.821142e+01 -3.349932e+01 1.144766e+02
      vertex   -1.821142e+01 -3.349932e+01 1.124266e+02
      vertex   -1.869149e+01 -3.384118e+01 1.144766e+02
    endloop
  endfacet
  facet normal -5.800569e-01 8.145760e-01 -1.818114e-15
    outer loop
      vertex   -1.869149e+01 -3.384118e+01 1.144766e+02
      vertex   -1.821142e+01 -3.349932e+01 1.124266e+02
      vertex   -1.869149e+01 -3.384118e+01 1.124266e+02
    endloop
  endfacet
  facet normal -4.154150e-01 9.096320e-01 -2.432914e-15
    outer loop
      vertex   -1.869149e+01 -3.384118e+01 1.144766e+02
      vertex   -1.869149e+01 -3.384118e+01 1.124266e+02
      vertex   -1.922758e+01 -3.408600e+01 1.144766e+02
    endloop
  endfacet
  facet normal -4.154150e-01 9.096320e-01 -3.152841e-15
    outer loop
      vertex   -1.922758e+01 -3.408600e+01 1.144766e+02
      vertex   -1.869149e+01 -3.384118e+01 1.124266e+02
      vertex   -1.922758e+01 -3.408600e+01 1.124266e+02
    endloop
  endfacet
  facet normal -2.357589e-01 9.718116e-01 -3.368359e-15
    outer loop
      vertex   -1.922758e+01 -3.408600e+01 1.144766e+02
      vertex   -1.922758e+01 -3.408600e+01 1.124266e+02
      vertex   -1.980031e+01 -3.422494e+01 1.144766e+02
    endloop
  endfacet
  facet normal -2.357589e-01 9.718116e-01 0.000000e+00
    outer loop
      vertex   -1.980031e+01 -3.422494e+01 1.144766e+02
      vertex   -1.922758e+01 -3.408600e+01 1.124266e+02
      vertex   -1.980031e+01 -3.422494e+01 1.124266e+02
    endloop
  endfacet
  facet normal -4.758192e-02 9.988673e-01 0.000000e+00
    outer loop
      vertex   -1.980031e+01 -3.422494e+01 1.144766e+02
      vertex   -1.980031e+01 -3.422494e+01 1.124266e+02
      vertex   -2.038899e+01 -3.425299e+01 1.144766e+02
    endloop
  endfacet
  facet normal -4.758192e-02 9.988673e-01 -3.462136e-15
    outer loop
      vertex   -2.038899e+01 -3.425299e+01 1.144766e+02
      vertex   -1.980031e+01 -3.422494e+01 1.124266e+02
      vertex   -2.038899e+01 -3.425299e+01 1.124266e+02
    endloop
  endfacet
  facet normal 1.423148e-01 9.898214e-01 -3.430783e-15
    outer loop
      vertex   -2.038899e+01 -3.425299e+01 1.144766e+02
      vertex   -2.038899e+01 -3.425299e+01 1.124266e+02
      vertex   -2.097234e+01 -3.416911e+01 1.144766e+02
    endloop
  endfacet
  facet normal 1.423148e-01 9.898214e-01 -3.677419e-15
    outer loop
      vertex   -2.097234e+01 -3.416911e+01 1.144766e+02
      vertex   -2.038899e+01 -3.425299e+01 1.124266e+02
      vertex   -2.097234e+01 -3.416911e+01 1.124266e+02
    endloop
  endfacet
  facet normal 3.270680e-01 9.450008e-01 -3.842250e-15
    outer loop
      vertex   -2.097234e+01 -3.416911e+01 1.144766e+02
      vertex   -2.097234e+01 -3.416911e+01 1.124266e+02
      vertex   -2.152927e+01 -3.397636e+01 1.144766e+02
    endloop
  endfacet
  facet normal 3.270680e-01 9.450008e-01 -3.275432e-15
    outer loop
      vertex   -2.152927e+01 -3.397636e+01 1.144766e+02
      vertex   -2.097234e+01 -3.416911e+01 1.124266e+02
      vertex   -2.152927e+01 -3.397636e+01 1.124266e+02
    endloop
  endfacet
  facet normal 5.000000e-01 8.660254e-01 -3.001698e-15
    outer loop
      vertex   -2.152927e+01 -3.397636e+01 1.144766e+02
      vertex   -2.152927e+01 -3.397636e+01 1.124266e+02
      vertex   -2.203966e+01 -3.368168e+01 1.144766e+02
    endloop
  endfacet
  facet normal 5.000000e-01 8.660254e-01 -3.001698e-15
    outer loop
      vertex   -2.203966e+01 -3.368168e+01 1.144766e+02
      vertex   -2.152927e+01 -3.397636e+01 1.124266e+02
      vertex   -2.203966e+01 -3.368168e+01 1.124266e+02
    endloop
  endfacet
  facet normal 6.548607e-01 7.557496e-01 -2.619475e-15
    outer loop
      vertex   -2.203966e+01 -3.368168e+01 1.144766e+02
      vertex   -2.203966e+01 -3.368168e+01 1.124266e+02
      vertex   -2.248506e+01 -3.329574e+01 1.144766e+02
    endloop
  endfacet
  facet normal 6.548607e-01 7.557496e-01 0.000000e+00
    outer loop
      vertex   -2.248506e+01 -3.329574e+01 1.144766e+02
      vertex   -2.203966e+01 -3.368168e+01 1.124266e+02
      vertex   -2.248506e+01 -3.329574e+01 1.124266e+02
    endloop
  endfacet
  facet normal 7.860531e-01 6.181590e-01 0.000000e+00
    outer loop
      vertex   -2.248506e+01 -3.329574e+01 1.144766e+02
      vertex   -2.248506e+01 -3.329574e+01 1.124266e+02
      vertex   -2.284937e+01 -3.283248e+01 1.144766e+02
    endloop
  endfacet
  facet normal 7.860531e-01 6.181590e-01 0.000000e+00
    outer loop
      vertex   -2.284937e+01 -3.283248e+01 1.144766e+02
      vertex   -2.248506e+01 -3.329574e+01 1.124266e+02
      vertex   -2.284937e+01 -3.283248e+01 1.124266e+02
    endloop
  endfacet
  facet normal 8.888354e-01 4.582265e-01 0.000000e+00
    outer loop
      vertex   -2.284937e+01 -3.283248e+01 1.144766e+02
      vertex   -2.284937e+01 -3.283248e+01 1.124266e+02
      vertex   -2.311943e+01 -3.230865e+01 1.144766e+02
    endloop
  endfacet
  facet normal 8.888354e-01 4.582265e-01 0.000000e+00
    outer loop
      vertex   -2.311943e+01 -3.230865e+01 1.144766e+02
      vertex   -2.284937e+01 -3.283248e+01 1.124266e+02
      vertex   -2.311943e+01 -3.230865e+01 1.124266e+02
    endloop
  endfacet
  facet normal 9.594930e-01 2.817326e-01 0.000000e+00
    outer loop
      vertex   -2.311943e+01 -3.230865e+01 1.144766e+02
      vertex   -2.311943e+01 -3.230865e+01 1.124266e+02
      vertex   -2.328547e+01 -3.174318e+01 1.144766e+02
    endloop
  endfacet
  facet normal 9.594930e-01 2.817326e-01 -9.765025e-16
    outer loop
      vertex   -2.328547e+01 -3.174318e+01 1.144766e+02
      vertex   -2.311943e+01 -3.230865e+01 1.124266e+02
      vertex   -2.328547e+01 -3.174318e+01 1.124266e+02
    endloop
  endfacet
  facet normal 9.981033e-01 6.156091e-02 0.000000e+00
    outer loop
      vertex   -2.768464e+01 -3.207816e+01 1.061766e+02
      vertex   -2.768464e+01 -3.207816e+01 1.051766e+02
      vertex   -2.774149e+01 -3.115650e+01 1.061766e+02
    endloop
  endfacet
  facet normal 9.981033e-01 6.156091e-02 0.000000e+00
    outer loop
      vertex   -2.774149e+01 -3.115650e+01 1.061766e+02
      vertex   -2.768464e+01 -3.207816e+01 1.051766e+02
      vertex   -2.774149e+01 -3.115650e+01 1.051766e+02
    endloop
  endfacet
  facet normal 9.981033e-01 -6.156091e-02 0.000000e+00
    outer loop
      vertex   -2.774149e+01 -3.115650e+01 1.061766e+02
      vertex   -2.774149e+01 -3.115650e+01 1.051766e+02
      vertex   -2.768464e+01 -3.023483e+01 1.061766e+02
    endloop
  endfacet
  facet normal 9.981033e-01 -6.156091e-02 0.000000e+00
    outer loop
      vertex   -2.768464e+01 -3.023483e+01 1.061766e+02
      vertex   -2.774149e+01 -3.115650e+01 1.051766e+02
      vertex   -2.768464e+01 -3.023483e+01 1.051766e+02
    endloop
  endfacet
  facet normal 9.829731e-01 -1.837495e-01 0.000000e+00
    outer loop
      vertex   -2.768464e+01 -3.023483e+01 1.061766e+02
      vertex   -2.768464e+01 -3.023483e+01 1.051766e+02
      vertex   -2.751496e+01 -2.932714e+01 1.061766e+02
    endloop
  endfacet
  facet normal 9.829731e-01 -1.837495e-01 0.000000e+00
    outer loop
      vertex   -2.751496e+01 -2.932714e+01 1.061766e+02
      vertex   -2.768464e+01 -3.023483e+01 1.051766e+02
      vertex   -2.751496e+01 -2.932714e+01 1.051766e+02
    endloop
  endfacet
  facet normal 9.529420e-01 -3.031527e-01 0.000000e+00
    outer loop
      vertex   -2.751496e+01 -2.932714e+01 1.061766e+02
      vertex   -2.751496e+01 -2.932714e+01 1.051766e+02
      vertex   -2.723503e+01 -2.844718e+01 1.061766e+02
    endloop
  endfacet
  facet normal 9.529420e-01 -3.031527e-01 0.000000e+00
    outer loop
      vertex   -2.723503e+01 -2.844718e+01 1.061766e+02
      vertex   -2.751496e+01 -2.932714e+01 1.051766e+02
      vertex   -2.723503e+01 -2.844718e+01 1.051766e+02
    endloop
  endfacet
  facet normal 9.084653e-01 -4.179603e-01 0.000000e+00
    outer loop
      vertex   -2.723503e+01 -2.844718e+01 1.061766e+02
      vertex   -2.723503e+01 -2.844718e+01 1.051766e+02
      vertex   -2.684908e+01 -2.760829e+01 1.061766e+02
    endloop
  endfacet
  facet normal 9.084653e-01 -4.179603e-01 0.000000e+00
    outer loop
      vertex   -2.684908e+01 -2.760829e+01 1.061766e+02
      vertex   -2.723503e+01 -2.844718e+01 1.051766e+02
      vertex   -2.684908e+01 -2.760829e+01 1.051766e+02
    endloop
  endfacet
  facet normal 8.502171e-01 -5.264322e-01 0.000000e+00
    outer loop
      vertex   -2.684908e+01 -2.760829e+01 1.061766e+02
      vertex   -2.684908e+01 -2.760829e+01 1.051766e+02
      vertex   -2.636296e+01 -2.682319e+01 1.061766e+02
    endloop
  endfacet
  facet normal 8.502171e-01 -5.264322e-01 0.000000e+00
    outer loop
      vertex   -2.636296e+01 -2.682319e+01 1.061766e+02
      vertex   -2.684908e+01 -2.760829e+01 1.051766e+02
      vertex   -2.636296e+01 -2.682319e+01 1.051766e+02
    endloop
  endfacet
  facet normal 7.790806e-01 -6.269238e-01 0.000000e+00
    outer loop
      vertex   -2.636296e+01 -2.682319e+01 1.061766e+02
      vertex   -2.636296e+01 -2.682319e+01 1.051766e+02
      vertex   -2.578405e+01 -2.610378e+01 1.061766e+02
    endloop
  endfacet
  facet normal 7.790806e-01 -6.269238e-01 0.000000e+00
    outer loop
      vertex   -2.578405e+01 -2.610378e+01 1.061766e+02
      vertex   -2.636296e+01 -2.682319e+01 1.051766e+02
      vertex   -2.578405e+01 -2.610378e+01 1.051766e+02
    endloop
  endfacet
  facet normal 6.961339e-01 -7.179119e-01 0.000000e+00
    outer loop
      vertex   -2.578405e+01 -2.610378e+01 1.061766e+02
      vertex   -2.578405e+01 -2.610378e+01 1.051766e+02
      vertex   -2.512112e+01 -2.546096e+01 1.061766e+02
    endloop
  endfacet
  facet normal 6.961339e-01 -7.179119e-01 0.000000e+00
    outer loop
      vertex   -2.512112e+01 -2.546096e+01 1.061766e+02
      vertex   -2.578405e+01 -2.610378e+01 1.051766e+02
      vertex   -2.512112e+01 -2.546096e+01 1.051766e+02
    endloop
  endfacet
  facet normal 6.026346e-01 -7.980172e-01 0.000000e+00
    outer loop
      vertex   -2.512112e+01 -2.546096e+01 1.061766e+02
      vertex   -2.512112e+01 -2.546096e+01 1.051766e+02
      vertex   -2.438422e+01 -2.490448e+01 1.061766e+02
    endloop
  endfacet
  facet normal 6.026346e-01 -7.980172e-01 0.000000e+00
    outer loop
      vertex   -2.438422e+01 -2.490448e+01 1.061766e+02
      vertex   -2.512112e+01 -2.546096e+01 1.051766e+02
      vertex   -2.438422e+01 -2.490448e+01 1.051766e+02
    endloop
  endfacet
  facet normal 5.000000e-01 -8.660254e-01 0.000000e+00
    outer loop
      vertex   -2.438422e+01 -2.490448e+01 1.061766e+02
      vertex   -2.438422e+01 -2.490448e+01 1.051766e+02
      vertex   -2.358452e+01 -2.444277e+01 1.061766e+02
    endloop
  endfacet
  facet normal 5.000000e-01 -8.660254e-01 0.000000e+00
    outer loop
      vertex   -2.358452e+01 -2.444277e+01 1.061766e+02
      vertex   -2.438422e+01 -2.490448e+01 1.051766e+02
      vertex   -2.358452e+01 -2.444277e+01 1.051766e+02
    endloop
  endfacet
  facet normal 3.897859e-01 -9.209055e-01 0.000000e+00
    outer loop
      vertex   -2.358452e+01 -2.444277e+01 1.061766e+02
      vertex   -2.358452e+01 -2.444277e+01 1.051766e+02
      vertex   -2.273415e+01 -2.408284e+01 1.061766e+02
    endloop
  endfacet
  facet normal 3.897859e-01 -9.209055e-01 0.000000e+00
    outer loop
      vertex   -2.273415e+01 -2.408284e+01 1.061766e+02
      vertex   -2.358452e+01 -2.444277e+01 1.051766e+02
      vertex   -2.273415e+01 -2.408284e+01 1.051766e+02
    endloop
  endfacet
  facet normal 2.736630e-01 -9.618256e-01 0.000000e+00
    outer loop
      vertex   -2.273415e+01 -2.408284e+01 1.061766e+02
      vertex   -2.273415e+01 -2.408284e+01 1.051766e+02
      vertex   -2.184598e+01 -2.383013e+01 1.061766e+02
    endloop
  endfacet
  facet normal 2.736630e-01 -9.618256e-01 0.000000e+00
    outer loop
      vertex   -2.184598e+01 -2.383013e+01 1.061766e+02
      vertex   -2.273415e+01 -2.408284e+01 1.051766e+02
      vertex   -2.184598e+01 -2.383013e+01 1.051766e+02
    endloop
  endfacet
  facet normal 1.533917e-01 -9.881655e-01 0.000000e+00
    outer loop
      vertex   -2.184598e+01 -2.383013e+01 1.061766e+02
      vertex   -2.184598e+01 -2.383013e+01 1.051766e+02
      vertex   -2.093350e+01 -2.368849e+01 1.061766e+02
    endloop
  endfacet
  facet normal 1.533917e-01 -9.881655e-01 0.000000e+00
    outer loop
      vertex   -2.093350e+01 -2.368849e+01 1.061766e+02
      vertex   -2.184598e+01 -2.383013e+01 1.051766e+02
      vertex   -2.093350e+01 -2.368849e+01 1.051766e+02
    endloop
  endfacet
  facet normal 3.079506e-02 -9.995257e-01 0.000000e+00
    outer loop
      vertex   -2.093350e+01 -2.368849e+01 1.061766e+02
      vertex   -2.093350e+01 -2.368849e+01 1.051766e+02
      vertex   -2.001052e+01 -2.366005e+01 1.061766e+02
    endloop
  endfacet
  facet normal 3.079506e-02 -9.995257e-01 0.000000e+00
    outer loop
      vertex   -2.001052e+01 -2.366005e+01 1.061766e+02
      vertex   -2.093350e+01 -2.368849e+01 1.051766e+02
      vertex   -2.001052e+01 -2.366005e+01 1.051766e+02
    endloop
  endfacet
  facet normal -9.226836e-02 -9.957342e-01 -0.000000e+00
    outer loop
      vertex   -2.001052e+01 -2.366005e+01 1.061766e+02
      vertex   -2.001052e+01 -2.366005e+01 1.051766e+02
      vertex   -1.909105e+01 -2.374526e+01 1.061766e+02
    endloop
  endfacet
  facet normal -9.226836e-02 -9.957342e-01 -0.000000e+00
    outer loop
      vertex   -1.909105e+01 -2.374526e+01 1.061766e+02
      vertex   -2.001052e+01 -2.366005e+01 1.051766e+02
      vertex   -1.909105e+01 -2.374526e+01 1.051766e+02
    endloop
  endfacet
  facet normal -2.139331e-01 -9.768483e-01 -0.000000e+00
    outer loop
      vertex   -1.909105e+01 -2.374526e+01 1.061766e+02
      vertex   -1.909105e+01 -2.374526e+01 1.051766e+02
      vertex   -1.818901e+01 -2.394280e+01 1.061766e+02
    endloop
  endfacet
  facet normal -2.139331e-01 -9.768483e-01 -0.000000e+00
    outer loop
      vertex   -1.818901e+01 -2.394280e+01 1.061766e+02
      vertex   -1.909105e+01 -2.374526e+01 1.051766e+02
      vertex   -1.818901e+01 -2.394280e+01 1.051766e+02
    endloop
  endfacet
  facet normal -3.323548e-01 -9.431544e-01 -0.000000e+00
    outer loop
      vertex   -1.818901e+01 -2.394280e+01 1.061766e+02
      vertex   -1.818901e+01 -2.394280e+01 1.051766e+02
      vertex   -1.731809e+01 -2.424971e+01 1.061766e+02
    endloop
  endfacet
  facet normal -3.323548e-01 -9.431544e-01 -0.000000e+00
    outer loop
      vertex   -1.731809e+01 -2.424971e+01 1.061766e+02
      vertex   -1.818901e+01 -2.394280e+01 1.051766e+02
      vertex   -1.731809e+01 -2.424971e+01 1.051766e+02
    endloop
  endfacet
  facet normal -4.457384e-01 -8.951633e-01 -0.000000e+00
    outer loop
      vertex   -1.731809e+01 -2.424971e+01 1.061766e+02
      vertex   -1.731809e+01 -2.424971e+01 1.051766e+02
      vertex   -1.649149e+01 -2.466131e+01 1.061766e+02
    endloop
  endfacet
  facet normal -4.457384e-01 -8.951633e-01 -0.000000e+00
    outer loop
      vertex   -1.649149e+01 -2.466131e+01 1.061766e+02
      vertex   -1.731809e+01 -2.424971e+01 1.051766e+02
      vertex   -1.649149e+01 -2.466131e+01 1.051766e+02
    endloop
  endfacet
  facet normal -5.523650e-01 -8.336024e-01 -0.000000e+00
    outer loop
      vertex   -1.649149e+01 -2.466131e+01 1.061766e+02
      vertex   -1.649149e+01 -2.466131e+01 1.051766e+02
      vertex   -1.572173e+01 -2.517137e+01 1.061766e+02
    endloop
  endfacet
  facet normal -5.523650e-01 -8.336024e-01 -0.000000e+00
    outer loop
      vertex   -1.572173e+01 -2.517137e+01 1.061766e+02
      vertex   -1.649149e+01 -2.466131e+01 1.051766e+02
      vertex   -1.572173e+01 -2.517137e+01 1.051766e+02
    endloop
  endfacet
  facet normal -6.506183e-01 -7.594049e-01 -0.000000e+00
    outer loop
      vertex   -1.572173e+01 -2.517137e+01 1.061766e+02
      vertex   -1.572173e+01 -2.517137e+01 1.051766e+02
      vertex   -1.502048e+01 -2.577216e+01 1.061766e+02
    endloop
  endfacet
  facet normal -6.506183e-01 -7.594049e-01 -0.000000e+00
    outer loop
      vertex   -1.502048e+01 -2.577216e+01 1.061766e+02
      vertex   -1.572173e+01 -2.517137e+01 1.051766e+02
      vertex   -1.502048e+01 -2.577216e+01 1.051766e+02
    endloop
  endfacet
  facet normal -7.390089e-01 -6.736956e-01 -0.000000e+00
    outer loop
      vertex   -1.502048e+01 -2.577216e+01 1.061766e+02
      vertex   -1.502048e+01 -2.577216e+01 1.051766e+02
      vertex   -1.439838e+01 -2.645457e+01 1.061766e+02
    endloop
  endfacet
  facet normal -7.390089e-01 -6.736956e-01 -0.000000e+00
    outer loop
      vertex   -1.439838e+01 -2.645457e+01 1.061766e+02
      vertex   -1.502048e+01 -2.577216e+01 1.051766e+02
      vertex   -1.439838e+01 -2.645457e+01 1.051766e+02
    endloop
  endfacet
  facet normal -8.161969e-01 -5.777738e-01 -0.000000e+00
    outer loop
      vertex   -1.439838e+01 -2.645457e+01 1.061766e+02
      vertex   -1.439838e+01 -2.645457e+01 1.051766e+02
      vertex   -1.386486e+01 -2.720826e+01 1.061766e+02
    endloop
  endfacet
  facet normal -8.161969e-01 -5.777738e-01 -0.000000e+00
    outer loop
      vertex   -1.386486e+01 -2.720826e+01 1.061766e+02
      vertex   -1.439838e+01 -2.645457e+01 1.051766e+02
      vertex   -1.386486e+01 -2.720826e+01 1.051766e+02
    endloop
  endfacet
  facet normal -8.810122e-01 -4.730936e-01 -0.000000e+00
    outer loop
      vertex   -1.386486e+01 -2.720826e+01 1.061766e+02
      vertex   -1.386486e+01 -2.720826e+01 1.051766e+02
      vertex   -1.342800e+01 -2.802179e+01 1.061766e+02
    endloop
  endfacet
  facet normal -8.810122e-01 -4.730936e-01 -0.000000e+00
    outer loop
      vertex   -1.342800e+01 -2.802179e+01 1.061766e+02
      vertex   -1.386486e+01 -2.720826e+01 1.051766e+02
      vertex   -1.342800e+01 -2.802179e+01 1.051766e+02
    endloop
  endfacet
  facet normal -9.324722e-01 -3.612417e-01 -0.000000e+00
    outer loop
      vertex   -1.342800e+01 -2.802179e+01 1.061766e+02
      vertex   -1.342800e+01 -2.802179e+01 1.051766e+02
      vertex   -1.309442e+01 -2.888285e+01 1.061766e+02
    endloop
  endfacet
  facet normal -9.324722e-01 -3.612417e-01 -0.000000e+00
    outer loop
      vertex   -1.309442e+01 -2.888285e+01 1.061766e+02
      vertex   -1.342800e+01 -2.802179e+01 1.051766e+02
      vertex   -1.309442e+01 -2.888285e+01 1.051766e+02
    endloop
  endfacet
  facet normal -9.697969e-01 -2.439137e-01 -0.000000e+00
    outer loop
      vertex   -1.309442e+01 -2.888285e+01 1.061766e+02
      vertex   -1.309442e+01 -2.888285e+01 1.051766e+02
      vertex   -1.286919e+01 -2.977838e+01 1.061766e+02
    endloop
  endfacet
  facet normal -9.697969e-01 -2.439137e-01 -0.000000e+00
    outer loop
      vertex   -1.286919e+01 -2.977838e+01 1.061766e+02
      vertex   -1.309442e+01 -2.888285e+01 1.051766e+02
      vertex   -1.286919e+01 -2.977838e+01 1.051766e+02
    endloop
  endfacet
  facet normal -9.924205e-01 -1.228883e-01 -0.000000e+00
    outer loop
      vertex   -1.286919e+01 -2.977838e+01 1.061766e+02
      vertex   -1.286919e+01 -2.977838e+01 1.051766e+02
      vertex   -1.275571e+01 -3.069479e+01 1.061766e+02
    endloop
  endfacet
  facet normal -9.924205e-01 -1.228883e-01 -0.000000e+00
    outer loop
      vertex   -1.275571e+01 -3.069479e+01 1.061766e+02
      vertex   -1.286919e+01 -2.977838e+01 1.051766e+02
      vertex   -1.275571e+01 -3.069479e+01 1.051766e+02
    endloop
  endfacet
  facet normal -1.000000e+00 -0.000000e+00 -0.000000e+00
    outer loop
      vertex   -1.275571e+01 -3.069479e+01 1.061766e+02
      vertex   -1.275571e+01 -3.069479e+01 1.051766e+02
      vertex   -1.275571e+01 -3.161820e+01 1.061766e+02
    endloop
  endfacet
  facet normal -1.000000e+00 0.000000e+00 0.000000e+00
    outer loop
      vertex   -1.275571e+01 -3.161820e+01 1.061766e+02
      vertex   -1.275571e+01 -3.069479e+01 1.051766e+02
      vertex   -1.275571e+01 -3.161820e+01 1.051766e+02
    endloop
  endfacet
  facet normal -9.924205e-01 1.228883e-01 0.000000e+00
    outer loop
      vertex   -1.275571e+01 -3.161820e+01 1.061766e+02
      vertex   -1.275571e+01 -3.161820e+01 1.051766e+02
      vertex   -1.286919e+01 -3.253462e+01 1.061766e+02
    endloop
  endfacet
  facet normal -9.924205e-01 1.228883e-01 0.000000e+00
    outer loop
      vertex   -1.286919e+01 -3.253462e+01 1.061766e+02
      vertex   -1.275571e+01 -3.161820e+01 1.051766e+02
      vertex   -1.286919e+01 -3.253462e+01 1.051766e+02
    endloop
  endfacet
  facet normal -9.697969e-01 2.439137e-01 0.000000e+00
    outer loop
      vertex   -1.286919e+01 -3.253462e+01 1.061766e+02
      vertex   -1.286919e+01 -3.253462e+01 1.051766e+02
      vertex   -1.309442e+01 -3.343014e+01 1.061766e+02
    endloop
  endfacet
  facet normal -9.697969e-01 2.439137e-01 0.000000e+00
    outer loop
      vertex   -1.309442e+01 -3.343014e+01 1.061766e+02
      vertex   -1.286919e+01 -3.253462e+01 1.051766e+02
      vertex   -1.309442e+01 -3.343014e+01 1.051766e+02
    endloop
  endfacet
  facet normal -9.324722e-01 3.612417e-01 0.000000e+00
    outer loop
      vertex   -1.309442e+01 -3.343014e+01 1.061766e+02
      vertex   -1.309442e+01 -3.343014e+01 1.051766e+02
      vertex   -1.342800e+01 -3.429120e+01 1.061766e+02
    endloop
  endfacet
  facet normal -9.324722e-01 3.612417e-01 0.000000e+00
    outer loop
      vertex   -1.342800e+01 -3.429120e+01 1.061766e+02
      vertex   -1.309442e+01 -3.343014e+01 1.051766e+02
      vertex   -1.342800e+01 -3.429120e+01 1.051766e+02
    endloop
  endfacet
  facet normal -8.810122e-01 4.730936e-01 0.000000e+00
    outer loop
      vertex   -1.342800e+01 -3.429120e+01 1.061766e+02
      vertex   -1.342800e+01 -3.429120e+01 1.051766e+02
      vertex   -1.386486e+01 -3.510474e+01 1.061766e+02
    endloop
  endfacet
  facet normal -8.810122e-01 4.730936e-01 0.000000e+00
    outer loop
      vertex   -1.386486e+01 -3.510474e+01 1.061766e+02
      vertex   -1.342800e+01 -3.429120e+01 1.051766e+02
      vertex   -1.386486e+01 -3.510474e+01 1.051766e+02
    endloop
  endfacet
  facet normal -8.161969e-01 5.777738e-01 0.000000e+00
    outer loop
      vertex   -1.386486e+01 -3.510474e+01 1.061766e+02
      vertex   -1.386486e+01 -3.510474e+01 1.051766e+02
      vertex   -1.439838e+01 -3.585842e+01 1.061766e+02
    endloop
  endfacet
  facet normal -8.161969e-01 5.777738e-01 0.000000e+00
    outer loop
      vertex   -1.439838e+01 -3.585842e+01 1.061766e+02
      vertex   -1.386486e+01 -3.510474e+01 1.051766e+02
      vertex   -1.439838e+01 -3.585842e+01 1.051766e+02
    endloop
  endfacet
  facet normal -7.390089e-01 6.736956e-01 0.000000e+00
    outer loop
      vertex   -1.439838e+01 -3.585842e+01 1.061766e+02
      vertex   -1.439838e+01 -3.585842e+01 1.051766e+02
      vertex   -1.502048e+01 -3.654084e+01 1.061766e+02
    endloop
  endfacet
  facet normal -7.390089e-01 6.736956e-01 0.000000e+00
    outer loop
      vertex   -1.502048e+01 -3.654084e+01 1.061766e+02
      vertex   -1.439838e+01 -3.585842e+01 1.051766e+02
      vertex   -1.502048e+01 -3.654084e+01 1.051766e+02
    endloop
  endfacet
  facet normal -6.506183e-01 7.594049e-01 0.000000e+00
    outer loop
      vertex   -1.502048e+01 -3.654084e+01 1.061766e+02
      vertex   -1.502048e+01 -3.654084e+01 1.051766e+02
      vertex   -1.572173e+01 -3.714163e+01 1.061766e+02
    endloop
  endfacet
  facet normal -6.506183e-01 7.594049e-01 0.000000e+00
    outer loop
      vertex   -1.572173e+01 -3.714163e+01 1.061766e+02
      vertex   -1.502048e+01 -3.654084e+01 1.051766e+02
      vertex   -1.572173e+01 -3.714163e+01 1.051766e+02
    endloop
  endfacet
  facet normal -5.523650e-01 8.336024e-01 0.000000e+00
    outer loop
      vertex   -1.572173e+01 -3.714163e+01 1.061766e+02
      vertex   -1.572173e+01 -3.714163e+01 1.051766e+02
      vertex   -1.649149e+01 -3.765169e+01 1.061766e+02
    endloop
  endfacet
  facet normal -5.523650e-01 8.336024e-01 0.000000e+00
    outer loop
      vertex   -1.649149e+01 -3.765169e+01 1.061766e+02
      vertex   -1.572173e+01 -3.714163e+01 1.051766e+02
      vertex   -1.649149e+01 -3.765169e+01 1.051766e+02
    endloop
  endfacet
  facet normal -4.457384e-01 8.951633e-01 0.000000e+00
    outer loop
      vertex   -1.649149e+01 -3.765169e+01 1.061766e+02
      vertex   -1.649149e+01 -3.765169e+01 1.051766e+02
      vertex   -1.731809e+01 -3.806329e+01 1.061766e+02
    endloop
  endfacet
  facet normal -4.457384e-01 8.951633e-01 0.000000e+00
    outer loop
      vertex   -1.731809e+01 -3.806329e+01 1.061766e+02
      vertex   -1.649149e+01 -3.765169e+01 1.051766e+02
      vertex   -1.731809e+01 -3.806329e+01 1.051766e+02
    endloop
  endfacet
  facet normal -3.323548e-01 9.431544e-01 0.000000e+00
    outer loop
      vertex   -1.731809e+01 -3.806329e+01 1.061766e+02
      vertex   -1.731809e+01 -3.806329e+01 1.051766e+02
      vertex   -1.818901e+01 -3.837019e+01 1.061766e+02
    endloop
  endfacet
  facet normal -3.323548e-01 9.431544e-01 0.000000e+00
    outer loop
      vertex   -1.818901e+01 -3.837019e+01 1.061766e+02
      vertex   -1.731809e+01 -3.806329e+01 1.051766e+02
      vertex   -1.818901e+01 -3.837019e+01 1.051766e+02
    endloop
  endfacet
  facet normal -2.139331e-01 9.768483e-01 0.000000e+00
    outer loop
      vertex   -1.818901e+01 -3.837019e+01 1.061766e+02
      vertex   -1.818901e+01 -3.837019e+01 1.051766e+02
      vertex   -1.909105e+01 -3.856774e+01 1.061766e+02
    endloop
  endfacet
  facet normal -2.139331e-01 9.768483e-01 0.000000e+00
    outer loop
      vertex   -1.909105e+01 -3.856774e+01 1.061766e+02
      vertex   -1.818901e+01 -3.837019e+01 1.051766e+02
      vertex   -1.909105e+01 -3.856774e+01 1.051766e+02
    endloop
  endfacet
  facet normal -9.226836e-02 9.957342e-01 0.000000e+00
    outer loop
      vertex   -1.909105e+01 -3.856774e+01 1.061766e+02
      vertex   -1.909105e+01 -3.856774e+01 1.051766e+02
      vertex   -2.001052e+01 -3.865294e+01 1.061766e+02
    endloop
  endfacet
  facet normal -9.226836e-02 9.957342e-01 0.000000e+00
    outer loop
      vertex   -2.001052e+01 -3.865294e+01 1.061766e+02
      vertex   -1.909105e+01 -3.856774e+01 1.051766e+02
      vertex   -2.001052e+01 -3.865294e+01 1.051766e+02
    endloop
  endfacet
  facet normal 3.079506e-02 9.995257e-01 0.000000e+00
    outer loop
      vertex   -2.001052e+01 -3.865294e+01 1.061766e+02
      vertex   -2.001052e+01 -3.865294e+01 1.051766e+02
      vertex   -2.093350e+01 -3.862450e+01 1.061766e+02
    endloop
  endfacet
  facet normal 3.079506e-02 9.995257e-01 0.000000e+00
    outer loop
      vertex   -2.093350e+01 -3.862450e+01 1.061766e+02
      vertex   -2.001052e+01 -3.865294e+01 1.051766e+02
      vertex   -2.093350e+01 -3.862450e+01 1.051766e+02
    endloop
  endfacet
  facet normal 1.533917e-01 9.881655e-01 0.000000e+00
    outer loop
      vertex   -2.093350e+01 -3.862450e+01 1.061766e+02
      vertex   -2.093350e+01 -3.862450e+01 1.051766e+02
      vertex   -2.184598e+01 -3.848286e+01 1.061766e+02
    endloop
  endfacet
  facet normal 1.533917e-01 9.881655e-01 0.000000e+00
    outer loop
      vertex   -2.184598e+01 -3.848286e+01 1.061766e+02
      vertex   -2.093350e+01 -3.862450e+01 1.051766e+02
      vertex   -2.184598e+01 -3.848286e+01 1.051766e+02
    endloop
  endfacet
  facet normal 2.736630e-01 9.618256e-01 0.000000e+00
    outer loop
      vertex   -2.184598e+01 -3.848286e+01 1.061766e+02
      vertex   -2.184598e+01 -3.848286e+01 1.051766e+02
      vertex   -2.273415e+01 -3.823015e+01 1.061766e+02
    endloop
  endfacet
  facet normal 2.736630e-01 9.618256e-01 0.000000e+00
    outer loop
      vertex   -2.273415e+01 -3.823015e+01 1.061766e+02
      vertex   -2.184598e+01 -3.848286e+01 1.051766e+02
      vertex   -2.273415e+01 -3.823015e+01 1.051766e+02
    endloop
  endfacet
  facet normal 3.897859e-01 9.209055e-01 0.000000e+00
    outer loop
      vertex   -2.273415e+01 -3.823015e+01 1.061766e+02
      vertex   -2.273415e+01 -3.823015e+01 1.051766e+02
      vertex   -2.358452e+01 -3.787022e+01 1.061766e+02
    endloop
  endfacet
  facet normal 3.897859e-01 9.209055e-01 0.000000e+00
    outer loop
      vertex   -2.358452e+01 -3.787022e+01 1.061766e+02
      vertex   -2.273415e+01 -3.823015e+01 1.051766e+02
      vertex   -2.358452e+01 -3.787022e+01 1.051766e+02
    endloop
  endfacet
  facet normal 5.000000e-01 8.660254e-01 0.000000e+00
    outer loop
      vertex   -2.358452e+01 -3.787022e+01 1.061766e+02
      vertex   -2.358452e+01 -3.787022e+01 1.051766e+02
      vertex   -2.438422e+01 -3.740851e+01 1.061766e+02
    endloop
  endfacet
  facet normal 5.000000e-01 8.660254e-01 0.000000e+00
    outer loop
      vertex   -2.438422e+01 -3.740851e+01 1.061766e+02
      vertex   -2.358452e+01 -3.787022e+01 1.051766e+02
      vertex   -2.438422e+01 -3.740851e+01 1.051766e+02
    endloop
  endfacet
  facet normal 6.026346e-01 7.980172e-01 0.000000e+00
    outer loop
      vertex   -2.438422e+01 -3.740851e+01 1.061766e+02
      vertex   -2.438422e+01 -3.740851e+01 1.051766e+02
      vertex   -2.512112e+01 -3.685203e+01 1.061766e+02
    endloop
  endfacet
  facet normal 6.026346e-01 7.980172e-01 0.000000e+00
    outer loop
      vertex   -2.512112e+01 -3.685203e+01 1.061766e+02
      vertex   -2.438422e+01 -3.740851e+01 1.051766e+02
      vertex   -2.512112e+01 -3.685203e+01 1.051766e+02
    endloop
  endfacet
  facet normal 6.961339e-01 7.179119e-01 0.000000e+00
    outer loop
      vertex   -2.512112e+01 -3.685203e+01 1.061766e+02
      vertex   -2.512112e+01 -3.685203e+01 1.051766e+02
      vertex   -2.578405e+01 -3.620921e+01 1.061766e+02
    endloop
  endfacet
  facet normal 6.961339e-01 7.179119e-01 0.000000e+00
    outer loop
      vertex   -2.578405e+01 -3.620921e+01 1.061766e+02
      vertex   -2.512112e+01 -3.685203e+01 1.051766e+02
      vertex   -2.578405e+01 -3.620921e+01 1.051766e+02
    endloop
  endfacet
  facet normal 7.790806e-01 6.269238e-01 0.000000e+00
    outer loop
      vertex   -2.578405e+01 -3.620921e+01 1.061766e+02
      vertex   -2.578405e+01 -3.620921e+01 1.051766e+02
      vertex   -2.636296e+01 -3.548980e+01 1.061766e+02
    endloop
  endfacet
  facet normal 7.790806e-01 6.269238e-01 0.000000e+00
    outer loop
      vertex   -2.636296e+01 -3.548980e+01 1.061766e+02
      vertex   -2.578405e+01 -3.620921e+01 1.051766e+02
      vertex   -2.636296e+01 -3.548980e+01 1.051766e+02
    endloop
  endfacet
  facet normal 8.502171e-01 5.264322e-01 0.000000e+00
    outer loop
      vertex   -2.636296e+01 -3.548980e+01 1.061766e+02
      vertex   -2.636296e+01 -3.548980e+01 1.051766e+02
      vertex   -2.684908e+01 -3.470470e+01 1.061766e+02
    endloop
  endfacet
  facet normal 8.502171e-01 5.264322e-01 0.000000e+00
    outer loop
      vertex   -2.684908e+01 -3.470470e+01 1.061766e+02
      vertex   -2.636296e+01 -3.548980e+01 1.051766e+02
      vertex   -2.684908e+01 -3.470470e+01 1.051766e+02
    endloop
  endfacet
  facet normal 9.084653e-01 4.179603e-01 0.000000e+00
    outer loop
      vertex   -2.684908e+01 -3.470470e+01 1.061766e+02
      vertex   -2.684908e+01 -3.470470e+01 1.051766e+02
      vertex   -2.723503e+01 -3.386581e+01 1.061766e+02
    endloop
  endfacet
  facet normal 9.084653e-01 4.179603e-01 0.000000e+00
    outer loop
      vertex   -2.723503e+01 -3.386581e+01 1.061766e+02
      vertex   -2.684908e+01 -3.470470e+01 1.051766e+02
      vertex   -2.723503e+01 -3.386581e+01 1.051766e+02
    endloop
  endfacet
  facet normal 9.529420e-01 3.031527e-01 0.000000e+00
    outer loop
      vertex   -2.723503e+01 -3.386581e+01 1.061766e+02
      vertex   -2.723503e+01 -3.386581e+01 1.051766e+02
      vertex   -2.751496e+01 -3.298585e+01 1.061766e+02
    endloop
  endfacet
  facet normal 9.529420e-01 3.031527e-01 0.000000e+00
    outer loop
      vertex   -2.751496e+01 -3.298585e+01 1.061766e+02
      vertex   -2.723503e+01 -3.386581e+01 1.051766e+02
      vertex   -2.751496e+01 -3.298585e+01 1.051766e+02
    endloop
  endfacet
  facet normal 9.829731e-01 1.837495e-01 0.000000e+00
    outer loop
      vertex   -2.751496e+01 -3.298585e+01 1.061766e+02
      vertex   -2.751496e+01 -3.298585e+01 1.051766e+02
      vertex   -2.768464e+01 -3.207816e+01 1.061766e+02
    endloop
  endfacet
  facet normal 9.829731e-01 1.837495e-01 0.000000e+00
    outer loop
      vertex   -2.768464e+01 -3.207816e+01 1.061766e+02
      vertex   -2.751496e+01 -3.298585e+01 1.051766e+02
      vertex   -2.768464e+01 -3.207816e+01 1.051766e+02
    endloop
  endfacet
  facet normal -0.000000e+00 0.000000e+00 -1.000000e+00
    outer loop
      vertex   -2.618310e+01 -3.199154e+01 1.061766e+02
      vertex   -2.768464e+01 -3.207816e+01 1.061766e+02
      vertex   -2.624149e+01 -3.115650e+01 1.061766e+02
    endloop
  endfacet
  facet normal -0.000000e+00 0.000000e+00 -1.000000e+00
    outer loop
      vertex   -2.624149e+01 -3.115650e+01 1.061766e+02
      vertex   -2.768464e+01 -3.207816e+01 1.061766e+02
      vertex   -2.774149e+01 -3.115650e+01 1.061766e+02
    endloop
  endfacet
  facet normal 0.000000e+00 0.000000e+00 -1.000000e+00
    outer loop
      vertex   -2.624149e+01 -3.115650e+01 1.061766e+02
      vertex   -2.774149e+01 -3.115650e+01 1.061766e+02
      vertex   -2.768464e+01 -3.023483e+01 1.061766e+02
    endloop
  endfacet
  facet normal 0.000000e+00 0.000000e+00 -1.000000e+00
    outer loop
      vertex   -2.768464e+01 -3.207816e+01 1.061766e+02
      vertex   -2.618310e+01 -3.199154e+01 1.061766e+02
      vertex   -2.751496e+01 -3.298585e+01 1.061766e+02
    endloop
  endfacet
  facet normal 0.000000e+00 0.000000e+00 -1.000000e+00
    outer loop
      vertex   -2.751496e+01 -3.298585e+01 1.061766e+02
      vertex   -2.618310e+01 -3.199154e+01 1.061766e+02
      vertex   -2.600906e+01 -3.281032e+01 1.061766e+02
    endloop
  endfacet
  facet normal 0.000000e+00 0.000000e+00 -1.000000e+00
    outer loop
      vertex   -2.751496e+01 -3.298585e+01 1.061766e+02
      vertex   -2.600906e+01 -3.281032e+01 1.061766e+02
      vertex   -2.723503e+01 -3.386581e+01 1.061766e+02
    endloop
  endfacet
  facet normal 0.000000e+00 0.000000e+00 -1.000000e+00
    outer loop
      vertex   -2.723503e+01 -3.386581e+01 1.061766e+02
      vertex   -2.600906e+01 -3.281032e+01 1.061766e+02
      vertex   -2.572276e+01 -3.359692e+01 1.061766e+02
    endloop
  endfacet
  facet normal 0.000000e+00 0.000000e+00 -1.000000e+00
    outer loop
      vertex   -2.723503e+01 -3.386581e+01 1.061766e+02
      vertex   -2.572276e+01 -3.359692e+01 1.061766e+02
      vertex   -2.684908e+01 -3.470470e+01 1.061766e+02
    endloop
  endfacet
  facet normal 0.000000e+00 0.000000e+00 -1.000000e+00
    outer loop
      vertex   -2.684908e+01 -3.470470e+01 1.061766e+02
      vertex   -2.572276e+01 -3.359692e+01 1.061766e+02
      vertex   -2.532978e+01 -3.433601e+01 1.061766e+02
    endloop
  endfacet
  facet normal 0.000000e+00 0.000000e+00 -1.000000e+00
    outer loop
      vertex   -2.684908e+01 -3.470470e+01 1.061766e+02
      vertex   -2.532978e+01 -3.433601e+01 1.061766e+02
      vertex   -2.636296e+01 -3.548980e+01 1.061766e+02
    endloop
  endfacet
  facet normal 0.000000e+00 0.000000e+00 -1.000000e+00
    outer loop
      vertex   -2.636296e+01 -3.548980e+01 1.061766e+02
      vertex   -2.532978e+01 -3.433601e+01 1.061766e+02
      vertex   -2.483775e+01 -3.501322e+01 1.061766e+02
    endloop
  endfacet
  facet normal 0.000000e+00 0.000000e+00 -1.000000e+00
    outer loop
      vertex   -2.636296e+01 -3.548980e+01 1.061766e+02
      vertex   -2.483775e+01 -3.501322e+01 1.061766e+02
      vertex   -2.578405e+01 -3.620921e+01 1.061766e+02
    endloop
  endfacet
  facet normal 0.000000e+00 0.000000e+00 -1.000000e+00
    outer loop
      vertex   -2.578405e+01 -3.620921e+01 1.061766e+02
      vertex   -2.483775e+01 -3.501322e+01 1.061766e+02
      vertex   -2.425627e+01 -3.561537e+01 1.061766e+02
    endloop
  endfacet
  facet normal 0.000000e+00 0.000000e+00 -1.000000e+00
    outer loop
      vertex   -2.578405e+01 -3.620921e+01 1.061766e+02
      vertex   -2.425627e+01 -3.561537e+01 1.061766e+02
      vertex   -2.512112e+01 -3.685203e+01 1.061766e+02
    endloop
  endfacet
  facet normal 0.000000e+00 0.000000e+00 -1.000000e+00
    outer loop
      vertex   -2.512112e+01 -3.685203e+01 1.061766e+02
      vertex   -2.425627e+01 -3.561537e+01 1.061766e+02
      vertex   -2.359664e+01 -3.613072e+01 1.061766e+02
    endloop
  endfacet
  facet normal 7.428518e-15 -1.570005e-14 -1.000000e+00
    outer loop
      vertex   -2.512112e+01 -3.685203e+01 1.061766e+02
      vertex   -2.359664e+01 -3.613072e+01 1.061766e+02
      vertex   -2.438422e+01 -3.740851e+01 1.061766e+02
    endloop
  endfacet
  facet normal -4.735718e-15 -8.202505e-15 -1.000000e+00
    outer loop
      vertex   -2.438422e+01 -3.740851e+01 1.061766e+02
      vertex   -2.359664e+01 -3.613072e+01 1.061766e+02
      vertex   -2.358452e+01 -3.787022e+01 1.061766e+02
    endloop
  endfacet
  facet normal -4.735718e-15 -8.202505e-15 -1.000000e+00
    outer loop
      vertex   -2.358452e+01 -3.787022e+01 1.061766e+02
      vertex   -2.359664e+01 -3.613072e+01 1.061766e+02
      vertex   -2.287171e+01 -3.654926e+01 1.061766e+02
    endloop
  endfacet
  facet normal -3.706822e-15 -8.757713e-15 -1.000000e+00
    outer loop
      vertex   -2.358452e+01 -3.787022e+01 1.061766e+02
      vertex   -2.287171e+01 -3.654926e+01 1.061766e+02
      vertex   -2.273415e+01 -3.823015e+01 1.061766e+02
    endloop
  endfacet
  facet normal -3.532584e-15 -8.743453e-15 -1.000000e+00
    outer loop
      vertex   -2.273415e+01 -3.823015e+01 1.061766e+02
      vertex   -2.287171e+01 -3.654926e+01 1.061766e+02
      vertex   -2.209559e+01 -3.686284e+01 1.061766e+02
    endloop
  endfacet
  facet normal -2.610280e-15 -9.174183e-15 -1.000000e+00
    outer loop
      vertex   -2.273415e+01 -3.823015e+01 1.061766e+02
      vertex   -2.209559e+01 -3.686284e+01 1.061766e+02
      vertex   -2.184598e+01 -3.848286e+01 1.061766e+02
    endloop
  endfacet
  facet normal -2.274481e-15 -9.122445e-15 -1.000000e+00
    outer loop
      vertex   -2.184598e+01 -3.848286e+01 1.061766e+02
      vertex   -2.209559e+01 -3.686284e+01 1.061766e+02
      vertex   -2.128338e+01 -3.706534e+01 1.061766e+02
    endloop
  endfacet
  facet normal -1.465883e-15 -9.443376e-15 -1.000000e+00
    outer loop
      vertex   -2.184598e+01 -3.848286e+01 1.061766e+02
      vertex   -2.128338e+01 -3.706534e+01 1.061766e+02
      vertex   -2.093350e+01 -3.862450e+01 1.061766e+02
    endloop
  endfacet
  facet normal -9.811051e-16 -9.334592e-15 -1.000000e+00
    outer loop
      vertex   -2.093350e+01 -3.862450e+01 1.061766e+02
      vertex   -2.128338e+01 -3.706534e+01 1.061766e+02
      vertex   -2.045088e+01 -3.715284e+01 1.061766e+02
    endloop
  endfacet
  facet normal -2.945326e-16 -9.559746e-15 -1.000000e+00
    outer loop
      vertex   -2.093350e+01 -3.862450e+01 1.061766e+02
      vertex   -2.045088e+01 -3.715284e+01 1.061766e+02
      vertex   -2.001052e+01 -3.865294e+01 1.061766e+02
    endloop
  endfacet
  facet normal 3.274576e-16 -9.377158e-15 -1.000000e+00
    outer loop
      vertex   -2.001052e+01 -3.865294e+01 1.061766e+02
      vertex   -2.045088e+01 -3.715284e+01 1.061766e+02
      vertex   -1.961432e+01 -3.712363e+01 1.061766e+02
    endloop
  endfacet
  facet normal 8.822403e-16 -9.520889e-15 -1.000000e+00
    outer loop
      vertex   -2.001052e+01 -3.865294e+01 1.061766e+02
      vertex   -1.961432e+01 -3.712363e+01 1.061766e+02
      vertex   -1.909105e+01 -3.856774e+01 1.061766e+02
    endloop
  endfacet
  facet normal 1.630953e-15 -9.249596e-15 -1.000000e+00
    outer loop
      vertex   -1.909105e+01 -3.856774e+01 1.061766e+02
      vertex   -1.961432e+01 -3.712363e+01 1.061766e+02
      vertex   -1.878996e+01 -3.697827e+01 1.061766e+02
    endloop
  endfacet
  facet normal 2.042778e-15 -9.327608e-15 -1.000000e+00
    outer loop
      vertex   -1.909105e+01 -3.856774e+01 1.061766e+02
      vertex   -1.878996e+01 -3.697827e+01 1.061766e+02
      vertex   -1.818901e+01 -3.837019e+01 1.061766e+02
    endloop
  endfacet
  facet normal 2.909185e-15 -8.953549e-15 -1.000000e+00
    outer loop
      vertex   -1.818901e+01 -3.837019e+01 1.061766e+02
      vertex   -1.878996e+01 -3.697827e+01 1.061766e+02
      vertex   -1.799385e+01 -3.671960e+01 1.061766e+02
    endloop
  endfacet
  facet normal 3.165801e-15 -8.983892e-15 -1.000000e+00
    outer loop
      vertex   -1.818901e+01 -3.837019e+01 1.061766e+02
      vertex   -1.799385e+01 -3.671960e+01 1.061766e+02
      vertex   -1.731809e+01 -3.806329e+01 1.061766e+02
    endloop
  endfacet
  facet normal 4.142232e-15 -8.492835e-15 -1.000000e+00
    outer loop
      vertex   -1.731809e+01 -3.806329e+01 1.061766e+02
      vertex   -1.799385e+01 -3.671960e+01 1.061766e+02
      vertex   -1.724149e+01 -3.635265e+01 1.061766e+02
    endloop
  endfacet
  facet normal 4.230907e-15 -8.496806e-15 -1.000000e+00
    outer loop
      vertex   -1.731809e+01 -3.806329e+01 1.061766e+02
      vertex   -1.724149e+01 -3.635265e+01 1.061766e+02
      vertex   -1.649149e+01 -3.765169e+01 1.061766e+02
    endloop
  endfacet
  facet normal -8.110010e-15 -1.562184e-14 -1.000000e+00
    outer loop
      vertex   -1.649149e+01 -3.765169e+01 1.061766e+02
      vertex   -1.724149e+01 -3.635265e+01 1.061766e+02
      vertex   -1.572173e+01 -3.714163e+01 1.061766e+02
    endloop
  endfacet
  facet normal 0.000000e+00 0.000000e+00 -1.000000e+00
    outer loop
      vertex   -1.572173e+01 -3.714163e+01 1.061766e+02
      vertex   -1.724149e+01 -3.635265e+01 1.061766e+02
      vertex   -1.654752e+01 -3.588456e+01 1.061766e+02
    endloop
  endfacet
  facet normal 0.000000e+00 0.000000e+00 -1.000000e+00
    outer loop
      vertex   -1.572173e+01 -3.714163e+01 1.061766e+02
      vertex   -1.654752e+01 -3.588456e+01 1.061766e+02
      vertex   -1.502048e+01 -3.654084e+01 1.061766e+02
    endloop
  endfacet
  facet normal 0.000000e+00 0.000000e+00 -1.000000e+00
    outer loop
      vertex   -1.502048e+01 -3.654084e+01 1.061766e+02
      vertex   -1.654752e+01 -3.588456e+01 1.061766e+02
      vertex   -1.592545e+01 -3.532445e+01 1.061766e+02
    endloop
  endfacet
  facet normal 0.000000e+00 0.000000e+00 -1.000000e+00
    outer loop
      vertex   -1.502048e+01 -3.654084e+01 1.061766e+02
      vertex   -1.592545e+01 -3.532445e+01 1.061766e+02
      vertex   -1.439838e+01 -3.585842e+01 1.061766e+02
    endloop
  endfacet
  facet normal 0.000000e+00 0.000000e+00 -1.000000e+00
    outer loop
      vertex   -1.439838e+01 -3.585842e+01 1.061766e+02
      vertex   -1.592545e+01 -3.532445e+01 1.061766e+02
      vertex   -1.538738e+01 -3.468321e+01 1.061766e+02
    endloop
  endfacet
  facet normal 0.000000e+00 0.000000e+00 -1.000000e+00
    outer loop
      vertex   -1.439838e+01 -3.585842e+01 1.061766e+02
      vertex   -1.538738e+01 -3.468321e+01 1.061766e+02
      vertex   -1.386486e+01 -3.510474e+01 1.061766e+02
    endloop
  endfacet
  facet normal 0.000000e+00 0.000000e+00 -1.000000e+00
    outer loop
      vertex   -1.386486e+01 -3.510474e+01 1.061766e+02
      vertex   -1.538738e+01 -3.468321e+01 1.061766e+02
      vertex   -1.494380e+01 -3.397333e+01 1.061766e+02
    endloop
  endfacet
  facet normal 0.000000e+00 0.000000e+00 -1.000000e+00
    outer loop
      vertex   -1.386486e+01 -3.510474e+01 1.061766e+02
      vertex   -1.494380e+01 -3.397333e+01 1.061766e+02
      vertex   -1.342800e+01 -3.429120e+01 1.061766e+02
    endloop
  endfacet
  facet normal 0.000000e+00 0.000000e+00 -1.000000e+00
    outer loop
      vertex   -1.342800e+01 -3.429120e+01 1.061766e+02
      vertex   -1.494380e+01 -3.397333e+01 1.061766e+02
      vertex   -1.460333e+01 -3.320862e+01 1.061766e+02
    endloop
  endfacet
  facet normal 0.000000e+00 0.000000e+00 -1.000000e+00
    outer loop
      vertex   -1.342800e+01 -3.429120e+01 1.061766e+02
      vertex   -1.460333e+01 -3.320862e+01 1.061766e+02
      vertex   -1.309442e+01 -3.343014e+01 1.061766e+02
    endloop
  endfacet
  facet normal 0.000000e+00 0.000000e+00 -1.000000e+00
    outer loop
      vertex   -1.309442e+01 -3.343014e+01 1.061766e+02
      vertex   -1.460333e+01 -3.320862e+01 1.061766e+02
      vertex   -1.437260e+01 -3.240397e+01 1.061766e+02
    endloop
  endfacet
  facet normal 0.000000e+00 0.000000e+00 -1.000000e+00
    outer loop
      vertex   -1.309442e+01 -3.343014e+01 1.061766e+02
      vertex   -1.437260e+01 -3.240397e+01 1.061766e+02
      vertex   -1.286919e+01 -3.253462e+01 1.061766e+02
    endloop
  endfacet
  facet normal 0.000000e+00 0.000000e+00 -1.000000e+00
    outer loop
      vertex   -1.286919e+01 -3.253462e+01 1.061766e+02
      vertex   -1.437260e+01 -3.240397e+01 1.061766e+02
      vertex   -1.425610e+01 -3.157504e+01 1.061766e+02
    endloop
  endfacet
  facet normal 0.000000e+00 0.000000e+00 -1.000000e+00
    outer loop
      vertex   -1.286919e+01 -3.253462e+01 1.061766e+02
      vertex   -1.425610e+01 -3.157504e+01 1.061766e+02
      vertex   -1.275571e+01 -3.161820e+01 1.061766e+02
    endloop
  endfacet
  facet normal 0.000000e+00 0.000000e+00 -1.000000e+00
    outer loop
      vertex   -1.275571e+01 -3.161820e+01 1.061766e+02
      vertex   -1.425610e+01 -3.157504e+01 1.061766e+02
      vertex   -1.275571e+01 -3.069479e+01 1.061766e+02
    endloop
  endfacet
  facet normal 0.000000e+00 0.000000e+00 -1.000000e+00
    outer loop
      vertex   -1.275571e+01 -3.069479e+01 1.061766e+02
      vertex   -1.425610e+01 -3.157504e+01 1.061766e+02
      vertex   -1.425610e+01 -3.073796e+01 1.061766e+02
    endloop
  endfacet
  facet normal -0.000000e+00 0.000000e+00 -1.000000e+00
    outer loop
      vertex   -1.275571e+01 -3.069479e+01 1.061766e+02
      vertex   -1.425610e+01 -3.073796e+01 1.061766e+02
      vertex   -1.286919e+01 -2.977838e+01 1.061766e+02
    endloop
  endfacet
  facet normal 0.000000e+00 0.000000e+00 -1.000000e+00
    outer loop
      vertex   -1.286919e+01 -2.977838e+01 1.061766e+02
      vertex   -1.425610e+01 -3.073796e+01 1.061766e+02
      vertex   -1.437260e+01 -2.990903e+01 1.061766e+02
    endloop
  endfacet
  facet normal -0.000000e+00 0.000000e+00 -1.000000e+00
    outer loop
      vertex   -1.286919e+01 -2.977838e+01 1.061766e+02
      vertex   -1.437260e+01 -2.990903e+01 1.061766e+02
      vertex   -1.309442e+01 -2.888285e+01 1.061766e+02
    endloop
  endfacet
  facet normal 0.000000e+00 0.000000e+00 -1.000000e+00
    outer loop
      vertex   -1.309442e+01 -2.888285e+01 1.061766e+02
      vertex   -1.437260e+01 -2.990903e+01 1.061766e+02
      vertex   -1.460333e+01 -2.910438e+01 1.061766e+02
    endloop
  endfacet
  facet normal -0.000000e+00 0.000000e+00 -1.000000e+00
    outer loop
      vertex   -1.309442e+01 -2.888285e+01 1.061766e+02
      vertex   -1.460333e+01 -2.910438e+01 1.061766e+02
      vertex   -1.342800e+01 -2.802179e+01 1.061766e+02
    endloop
  endfacet
  facet normal 0.000000e+00 0.000000e+00 -1.000000e+00
    outer loop
      vertex   -1.342800e+01 -2.802179e+01 1.061766e+02
      vertex   -1.460333e+01 -2.910438e+01 1.061766e+02
      vertex   -1.494380e+01 -2.833967e+01 1.061766e+02
    endloop
  endfacet
  facet normal -0.000000e+00 0.000000e+00 -1.000000e+00
    outer loop
      vertex   -1.342800e+01 -2.802179e+01 1.061766e+02
      vertex   -1.494380e+01 -2.833967e+01 1.061766e+02
      vertex   -1.386486e+01 -2.720826e+01 1.061766e+02
    endloop
  endfacet
  facet normal 0.000000e+00 0.000000e+00 -1.000000e+00
    outer loop
      vertex   -1.386486e+01 -2.720826e+01 1.061766e+02
      vertex   -1.494380e+01 -2.833967e+01 1.061766e+02
      vertex   -1.538738e+01 -2.762978e+01 1.061766e+02
    endloop
  endfacet
  facet normal -0.000000e+00 0.000000e+00 -1.000000e+00
    outer loop
      vertex   -1.386486e+01 -2.720826e+01 1.061766e+02
      vertex   -1.538738e+01 -2.762978e+01 1.061766e+02
      vertex   -1.439838e+01 -2.645457e+01 1.061766e+02
    endloop
  endfacet
  facet normal 0.000000e+00 0.000000e+00 -1.000000e+00
    outer loop
      vertex   -1.439838e+01 -2.645457e+01 1.061766e+02
      vertex   -1.538738e+01 -2.762978e+01 1.061766e+02
      vertex   -1.592545e+01 -2.698855e+01 1.061766e+02
    endloop
  endfacet
  facet normal -0.000000e+00 0.000000e+00 -1.000000e+00
    outer loop
      vertex   -1.439838e+01 -2.645457e+01 1.061766e+02
      vertex   -1.592545e+01 -2.698855e+01 1.061766e+02
      vertex   -1.502048e+01 -2.577216e+01 1.061766e+02
    endloop
  endfacet
  facet normal 0.000000e+00 0.000000e+00 -1.000000e+00
    outer loop
      vertex   -1.502048e+01 -2.577216e+01 1.061766e+02
      vertex   -1.592545e+01 -2.698855e+01 1.061766e+02
      vertex   -1.654752e+01 -2.642843e+01 1.061766e+02
    endloop
  endfacet
  facet normal -0.000000e+00 0.000000e+00 -1.000000e+00
    outer loop
      vertex   -1.502048e+01 -2.577216e+01 1.061766e+02
      vertex   -1.654752e+01 -2.642843e+01 1.061766e+02
      vertex   -1.572173e+01 -2.517137e+01 1.061766e+02
    endloop
  endfacet
  facet normal 0.000000e+00 0.000000e+00 -1.000000e+00
    outer loop
      vertex   -1.572173e+01 -2.517137e+01 1.061766e+02
      vertex   -1.654752e+01 -2.642843e+01 1.061766e+02
      vertex   -1.724149e+01 -2.596034e+01 1.061766e+02
    endloop
  endfacet
  facet normal 1.622002e-14 -3.124368e-14 -1.000000e+00
    outer loop
      vertex   -1.572173e+01 -2.517137e+01 1.061766e+02
      vertex   -1.724149e+01 -2.596034e+01 1.061766e+02
      vertex   -1.649149e+01 -2.466131e+01 1.061766e+02
    endloop
  endfacet
  facet normal -8.461813e-15 -1.699361e-14 -1.000000e+00
    outer loop
      vertex   -1.649149e+01 -2.466131e+01 1.061766e+02
      vertex   -1.724149e+01 -2.596034e+01 1.061766e+02
      vertex   -1.731809e+01 -2.424971e+01 1.061766e+02
    endloop
  endfacet
  facet normal -8.284465e-15 -1.698567e-14 -1.000000e+00
    outer loop
      vertex   -1.731809e+01 -2.424971e+01 1.061766e+02
      vertex   -1.724149e+01 -2.596034e+01 1.061766e+02
      vertex   -1.799385e+01 -2.559339e+01 1.061766e+02
    endloop
  endfacet
  facet normal -6.331603e-15 -1.796778e-14 -1.000000e+00
    outer loop
      vertex   -1.731809e+01 -2.424971e+01 1.061766e+02
      vertex   -1.799385e+01 -2.559339e+01 1.061766e+02
      vertex   -1.818901e+01 -2.394280e+01 1.061766e+02
    endloop
  endfacet
  facet normal -5.818369e-15 -1.790710e-14 -1.000000e+00
    outer loop
      vertex   -1.818901e+01 -2.394280e+01 1.061766e+02
      vertex   -1.799385e+01 -2.559339e+01 1.061766e+02
      vertex   -1.878996e+01 -2.533472e+01 1.061766e+02
    endloop
  endfacet
  facet normal -4.085556e-15 -1.865522e-14 -1.000000e+00
    outer loop
      vertex   -1.818901e+01 -2.394280e+01 1.061766e+02
      vertex   -1.878996e+01 -2.533472e+01 1.061766e+02
      vertex   -1.909105e+01 -2.374526e+01 1.061766e+02
    endloop
  endfacet
  facet normal -3.261907e-15 -1.849919e-14 -1.000000e+00
    outer loop
      vertex   -1.909105e+01 -2.374526e+01 1.061766e+02
      vertex   -1.878996e+01 -2.533472e+01 1.061766e+02
      vertex   -1.961432e+01 -2.518937e+01 1.061766e+02
    endloop
  endfacet
  facet normal -1.764481e-15 -1.904178e-14 -1.000000e+00
    outer loop
      vertex   -1.909105e+01 -2.374526e+01 1.061766e+02
      vertex   -1.961432e+01 -2.518937e+01 1.061766e+02
      vertex   -2.001052e+01 -2.366005e+01 1.061766e+02
    endloop
  endfacet
  facet normal -6.549152e-16 -1.875432e-14 -1.000000e+00
    outer loop
      vertex   -2.001052e+01 -2.366005e+01 1.061766e+02
      vertex   -1.961432e+01 -2.518937e+01 1.061766e+02
      vertex   -2.045088e+01 -2.516015e+01 1.061766e+02
    endloop
  endfacet
  facet normal 5.890653e-16 -1.911949e-14 -1.000000e+00
    outer loop
      vertex   -2.001052e+01 -2.366005e+01 1.061766e+02
      vertex   -2.045088e+01 -2.516015e+01 1.061766e+02
      vertex   -2.093350e+01 -2.368849e+01 1.061766e+02
    endloop
  endfacet
  facet normal 1.962210e-15 -1.866918e-14 -1.000000e+00
    outer loop
      vertex   -2.093350e+01 -2.368849e+01 1.061766e+02
      vertex   -2.045088e+01 -2.516015e+01 1.061766e+02
      vertex   -2.128338e+01 -2.524765e+01 1.061766e+02
    endloop
  endfacet
  facet normal 2.931766e-15 -1.888675e-14 -1.000000e+00
    outer loop
      vertex   -2.093350e+01 -2.368849e+01 1.061766e+02
      vertex   -2.128338e+01 -2.524765e+01 1.061766e+02
      vertex   -2.184598e+01 -2.383013e+01 1.061766e+02
    endloop
  endfacet
  facet normal 4.548962e-15 -1.824489e-14 -1.000000e+00
    outer loop
      vertex   -2.184598e+01 -2.383013e+01 1.061766e+02
      vertex   -2.128338e+01 -2.524765e+01 1.061766e+02
      vertex   -2.209559e+01 -2.545016e+01 1.061766e+02
    endloop
  endfacet
  facet normal 5.220560e-15 -1.834837e-14 -1.000000e+00
    outer loop
      vertex   -2.184598e+01 -2.383013e+01 1.061766e+02
      vertex   -2.209559e+01 -2.545016e+01 1.061766e+02
      vertex   -2.273415e+01 -2.408284e+01 1.061766e+02
    endloop
  endfacet
  facet normal 7.065169e-15 -1.748691e-14 -1.000000e+00
    outer loop
      vertex   -2.273415e+01 -2.408284e+01 1.061766e+02
      vertex   -2.209559e+01 -2.545016e+01 1.061766e+02
      vertex   -2.287171e+01 -2.576373e+01 1.061766e+02
    endloop
  endfacet
  facet normal 7.413644e-15 -1.751543e-14 -1.000000e+00
    outer loop
      vertex   -2.273415e+01 -2.408284e+01 1.061766e+02
      vertex   -2.287171e+01 -2.576373e+01 1.061766e+02
      vertex   -2.358452e+01 -2.444277e+01 1.061766e+02
    endloop
  endfacet
  facet normal 9.471436e-15 -1.640501e-14 -1.000000e+00
    outer loop
      vertex   -2.358452e+01 -2.444277e+01 1.061766e+02
      vertex   -2.287171e+01 -2.576373e+01 1.061766e+02
      vertex   -2.359664e+01 -2.618227e+01 1.061766e+02
    endloop
  endfacet
  facet normal 9.471436e-15 -1.640501e-14 -1.000000e+00
    outer loop
      vertex   -2.358452e+01 -2.444277e+01 1.061766e+02
      vertex   -2.359664e+01 -2.618227e+01 1.061766e+02
      vertex   -2.438422e+01 -2.490448e+01 1.061766e+02
    endloop
  endfacet
  facet normal -1.485704e-14 -3.140010e-14 -1.000000e+00
    outer loop
      vertex   -2.438422e+01 -2.490448e+01 1.061766e+02
      vertex   -2.359664e+01 -2.618227e+01 1.061766e+02
      vertex   -2.512112e+01 -2.546096e+01 1.061766e+02
    endloop
  endfacet
  facet normal 0.000000e+00 0.000000e+00 -1.000000e+00
    outer loop
      vertex   -2.512112e+01 -2.546096e+01 1.061766e+02
      vertex   -2.359664e+01 -2.618227e+01 1.061766e+02
      vertex   -2.425627e+01 -2.669763e+01 1.061766e+02
    endloop
  endfacet
  facet normal 0.000000e+00 -0.000000e+00 -1.000000e+00
    outer loop
      vertex   -2.512112e+01 -2.546096e+01 1.061766e+02
      vertex   -2.425627e+01 -2.669763e+01 1.061766e+02
      vertex   -2.578405e+01 -2.610378e+01 1.061766e+02
    endloop
  endfacet
  facet normal 0.000000e+00 0.000000e+00 -1.000000e+00
    outer loop
      vertex   -2.578405e+01 -2.610378e+01 1.061766e+02
      vertex   -2.425627e+01 -2.669763e+01 1.061766e+02
      vertex   -2.483775e+01 -2.729977e+01 1.061766e+02
    endloop
  endfacet
  facet normal 0.000000e+00 -0.000000e+00 -1.000000e+00
    outer loop
      vertex   -2.578405e+01 -2.610378e+01 1.061766e+02
      vertex   -2.483775e+01 -2.729977e+01 1.061766e+02
      vertex   -2.636296e+01 -2.682319e+01 1.061766e+02
    endloop
  endfacet
  facet normal 0.000000e+00 0.000000e+00 -1.000000e+00
    outer loop
      vertex   -2.636296e+01 -2.682319e+01 1.061766e+02
      vertex   -2.483775e+01 -2.729977e+01 1.061766e+02
      vertex   -2.532978e+01 -2.797698e+01 1.061766e+02
    endloop
  endfacet
  facet normal 0.000000e+00 -0.000000e+00 -1.000000e+00
    outer loop
      vertex   -2.636296e+01 -2.682319e+01 1.061766e+02
      vertex   -2.532978e+01 -2.797698e+01 1.061766e+02
      vertex   -2.684908e+01 -2.760829e+01 1.061766e+02
    endloop
  endfacet
  facet normal 0.000000e+00 0.000000e+00 -1.000000e+00
    outer loop
      vertex   -2.684908e+01 -2.760829e+01 1.061766e+02
      vertex   -2.532978e+01 -2.797698e+01 1.061766e+02
      vertex   -2.572276e+01 -2.871608e+01 1.061766e+02
    endloop
  endfacet
  facet normal 0.000000e+00 -0.000000e+00 -1.000000e+00
    outer loop
      vertex   -2.684908e+01 -2.760829e+01 1.061766e+02
      vertex   -2.572276e+01 -2.871608e+01 1.061766e+02
      vertex   -2.723503e+01 -2.844718e+01 1.061766e+02
    endloop
  endfacet
  facet normal 0.000000e+00 0.000000e+00 -1.000000e+00
    outer loop
      vertex   -2.723503e+01 -2.844718e+01 1.061766e+02
      vertex   -2.572276e+01 -2.871608e+01 1.061766e+02
      vertex   -2.600906e+01 -2.950267e+01 1.061766e+02
    endloop
  endfacet
  facet normal 0.000000e+00 -0.000000e+00 -1.000000e+00
    outer loop
      vertex   -2.723503e+01 -2.844718e+01 1.061766e+02
      vertex   -2.600906e+01 -2.950267e+01 1.061766e+02
      vertex   -2.751496e+01 -2.932714e+01 1.061766e+02
    endloop
  endfacet
  facet normal 0.000000e+00 0.000000e+00 -1.000000e+00
    outer loop
      vertex   -2.751496e+01 -2.932714e+01 1.061766e+02
      vertex   -2.600906e+01 -2.950267e+01 1.061766e+02
      vertex   -2.618310e+01 -3.032146e+01 1.061766e+02
    endloop
  endfacet
  facet normal 0.000000e+00 -0.000000e+00 -1.000000e+00
    outer loop
      vertex   -2.751496e+01 -2.932714e+01 1.061766e+02
      vertex   -2.618310e+01 -3.032146e+01 1.061766e+02
      vertex   -2.768464e+01 -3.023483e+01 1.061766e+02
    endloop
  endfacet
  facet normal 0.000000e+00 0.000000e+00 -1.000000e+00
    outer loop
      vertex   -2.768464e+01 -3.023483e+01 1.061766e+02
      vertex   -2.618310e+01 -3.032146e+01 1.061766e+02
      vertex   -2.624149e+01 -3.115650e+01 1.061766e+02
    endloop
  endfacet
  facet normal 9.975641e-01 -6.975647e-02 9.912991e-17
    outer loop
      vertex   -2.618310e+01 -3.032146e+01 1.061766e+02
      vertex   -2.618310e+01 -3.032146e+01 1.111766e+02
      vertex   -2.624149e+01 -3.115650e+01 1.061766e+02
    endloop
  endfacet
  facet normal 9.975641e-01 -6.975647e-02 9.912991e-17
    outer loop
      vertex   -2.624149e+01 -3.115650e+01 1.061766e+02
      vertex   -2.618310e+01 -3.032146e+01 1.111766e+02
      vertex   -2.624149e+01 -3.115650e+01 1.111766e+02
    endloop
  endfacet
  facet normal 9.975641e-01 6.975647e-02 -9.912991e-17
    outer loop
      vertex   -2.624149e+01 -3.115650e+01 1.061766e+02
      vertex   -2.624149e+01 -3.115650e+01 1.111766e+02
      vertex   -2.618310e+01 -3.199154e+01 1.061766e+02
    endloop
  endfacet
  facet normal 9.975641e-01 6.975647e-02 -1.486949e-16
    outer loop
      vertex   -2.618310e+01 -3.199154e+01 1.061766e+02
      vertex   -2.624149e+01 -3.115650e+01 1.111766e+02
      vertex   -2.618310e+01 -3.199154e+01 1.111766e+02
    endloop
  endfacet
  facet normal 9.781476e-01 2.079117e-01 -4.431904e-16
    outer loop
      vertex   -2.618310e+01 -3.199154e+01 1.061766e+02
      vertex   -2.618310e+01 -3.199154e+01 1.111766e+02
      vertex   -2.600906e+01 -3.281032e+01 1.061766e+02
    endloop
  endfacet
  facet normal 9.781476e-01 2.079117e-01 -2.954603e-16
    outer loop
      vertex   -2.600906e+01 -3.281032e+01 1.061766e+02
      vertex   -2.618310e+01 -3.199154e+01 1.111766e+02
      vertex   -2.600906e+01 -3.281032e+01 1.111766e+02
    endloop
  endfacet
  facet normal 9.396926e-01 3.420201e-01 -4.860399e-16
    outer loop
      vertex   -2.600906e+01 -3.281032e+01 1.061766e+02
      vertex   -2.600906e+01 -3.281032e+01 1.111766e+02
      vertex   -2.572276e+01 -3.359692e+01 1.061766e+02
    endloop
  endfacet
  facet normal 9.396926e-01 3.420201e-01 -4.860399e-16
    outer loop
      vertex   -2.572276e+01 -3.359692e+01 1.061766e+02
      vertex   -2.600906e+01 -3.281032e+01 1.111766e+02
      vertex   -2.572276e+01 -3.359692e+01 1.111766e+02
    endloop
  endfacet
  facet normal 8.829476e-01 4.694716e-01 -6.671592e-16
    outer loop
      vertex   -2.572276e+01 -3.359692e+01 1.061766e+02
      vertex   -2.572276e+01 -3.359692e+01 1.111766e+02
      vertex   -2.532978e+01 -3.433601e+01 1.061766e+02
    endloop
  endfacet
  facet normal 8.829476e-01 4.694716e-01 -6.671592e-16
    outer loop
      vertex   -2.532978e+01 -3.433601e+01 1.061766e+02
      vertex   -2.572276e+01 -3.359692e+01 1.111766e+02
      vertex   -2.532978e+01 -3.433601e+01 1.111766e+02
    endloop
  endfacet
  facet normal 8.090170e-01 5.877853e-01 -8.352931e-16
    outer loop
      vertex   -2.532978e+01 -3.433601e+01 1.061766e+02
      vertex   -2.532978e+01 -3.433601e+01 1.111766e+02
      vertex   -2.483775e+01 -3.501322e+01 1.061766e+02
    endloop
  endfacet
  facet normal 8.090170e-01 5.877853e-01 -8.352931e-16
    outer loop
      vertex   -2.483775e+01 -3.501322e+01 1.061766e+02
      vertex   -2.532978e+01 -3.433601e+01 1.111766e+02
      vertex   -2.483775e+01 -3.501322e+01 1.111766e+02
    endloop
  endfacet
  facet normal 7.193398e-01 6.946584e-01 -9.871689e-16
    outer loop
      vertex   -2.483775e+01 -3.501322e+01 1.061766e+02
      vertex   -2.483775e+01 -3.501322e+01 1.111766e+02
      vertex   -2.425627e+01 -3.561537e+01 1.061766e+02
    endloop
  endfacet
  facet normal 7.193398e-01 6.946584e-01 -9.871689e-16
    outer loop
      vertex   -2.425627e+01 -3.561537e+01 1.061766e+02
      vertex   -2.483775e+01 -3.501322e+01 1.111766e+02
      vertex   -2.425627e+01 -3.561537e+01 1.111766e+02
    endloop
  endfacet
  facet normal 6.156615e-01 7.880108e-01 -1.119831e-15
    outer loop
      vertex   -2.425627e+01 -3.561537e+01 1.061766e+02
      vertex   -2.425627e+01 -3.561537e+01 1.111766e+02
      vertex   -2.359664e+01 -3.613072e+01 1.061766e+02
    endloop
  endfacet
  facet normal 6.156615e-01 7.880108e-01 -3.114569e-15
    outer loop
      vertex   -2.359664e+01 -3.613072e+01 1.061766e+02
      vertex   -2.425627e+01 -3.561537e+01 1.111766e+02
      vertex   -2.359664e+01 -3.613072e+01 1.111766e+02
    endloop
  endfacet
  facet normal 5.000000e-01 8.660254e-01 -3.171935e-15
    outer loop
      vertex   -2.359664e+01 -3.613072e+01 1.061766e+02
      vertex   -2.359664e+01 -3.613072e+01 1.111766e+02
      vertex   -2.287171e+01 -3.654926e+01 1.061766e+02
    endloop
  endfacet
  facet normal 5.000000e-01 8.660254e-01 -1.230696e-15
    outer loop
      vertex   -2.287171e+01 -3.654926e+01 1.061766e+02
      vertex   -2.359664e+01 -3.613072e+01 1.111766e+02
      vertex   -2.287171e+01 -3.654926e+01 1.111766e+02
    endloop
  endfacet
  facet normal 3.746066e-01 9.271839e-01 -1.317608e-15
    outer loop
      vertex   -2.287171e+01 -3.654926e+01 1.061766e+02
      vertex   -2.287171e+01 -3.654926e+01 1.111766e+02
      vertex   -2.209559e+01 -3.686284e+01 1.061766e+02
    endloop
  endfacet
  facet normal 3.746066e-01 9.271839e-01 -1.317608e-15
    outer loop
      vertex   -2.209559e+01 -3.686284e+01 1.061766e+02
      vertex   -2.287171e+01 -3.654926e+01 1.111766e+02
      vertex   -2.209559e+01 -3.686284e+01 1.111766e+02
    endloop
  endfacet
  facet normal 2.419219e-01 9.702957e-01 -1.378873e-15
    outer loop
      vertex   -2.209559e+01 -3.686284e+01 1.061766e+02
      vertex   -2.209559e+01 -3.686284e+01 1.111766e+02
      vertex   -2.128338e+01 -3.706534e+01 1.061766e+02
    endloop
  endfacet
  facet normal 2.419219e-01 9.702957e-01 -2.757746e-15
    outer loop
      vertex   -2.128338e+01 -3.706534e+01 1.061766e+02
      vertex   -2.209559e+01 -3.686284e+01 1.111766e+02
      vertex   -2.128338e+01 -3.706534e+01 1.111766e+02
    endloop
  endfacet
  facet normal 1.045285e-01 9.945219e-01 -2.826601e-15
    outer loop
      vertex   -2.128338e+01 -3.706534e+01 1.061766e+02
      vertex   -2.128338e+01 -3.706534e+01 1.111766e+02
      vertex   -2.045088e+01 -3.715284e+01 1.061766e+02
    endloop
  endfacet
  facet normal 1.045285e-01 9.945219e-01 -1.487573e-15
    outer loop
      vertex   -2.045088e+01 -3.715284e+01 1.061766e+02
      vertex   -2.128338e+01 -3.706534e+01 1.111766e+02
      vertex   -2.045088e+01 -3.715284e+01 1.111766e+02
    endloop
  endfacet
  facet normal -3.489950e-02 9.993908e-01 -1.395422e-15
    outer loop
      vertex   -2.045088e+01 -3.715284e+01 1.061766e+02
      vertex   -2.045088e+01 -3.715284e+01 1.111766e+02
      vertex   -1.961432e+01 -3.712363e+01 1.061766e+02
    endloop
  endfacet
  facet normal -3.489950e-02 9.993908e-01 -1.420220e-15
    outer loop
      vertex   -1.961432e+01 -3.712363e+01 1.061766e+02
      vertex   -2.045088e+01 -3.715284e+01 1.111766e+02
      vertex   -1.961432e+01 -3.712363e+01 1.111766e+02
    endloop
  endfacet
  facet normal -1.736482e-01 9.848078e-01 -1.399496e-15
    outer loop
      vertex   -1.961432e+01 -3.712363e+01 1.061766e+02
      vertex   -1.961432e+01 -3.712363e+01 1.111766e+02
      vertex   -1.878996e+01 -3.697827e+01 1.061766e+02
    endloop
  endfacet
  facet normal -1.736482e-01 9.848078e-01 -1.399496e-15
    outer loop
      vertex   -1.878996e+01 -3.697827e+01 1.061766e+02
      vertex   -1.961432e+01 -3.712363e+01 1.111766e+02
      vertex   -1.878996e+01 -3.697827e+01 1.111766e+02
    endloop
  endfacet
  facet normal -3.090170e-01 9.510565e-01 -1.351533e-15
    outer loop
      vertex   -1.878996e+01 -3.697827e+01 1.061766e+02
      vertex   -1.878996e+01 -3.697827e+01 1.111766e+02
      vertex   -1.799385e+01 -3.671960e+01 1.061766e+02
    endloop
  endfacet
  facet normal -3.090170e-01 9.510565e-01 -1.351533e-15
    outer loop
      vertex   -1.799385e+01 -3.671960e+01 1.061766e+02
      vertex   -1.878996e+01 -3.697827e+01 1.111766e+02
      vertex   -1.799385e+01 -3.671960e+01 1.111766e+02
    endloop
  endfacet
  facet normal -4.383711e-01 8.987940e-01 -1.277263e-15
    outer loop
      vertex   -1.799385e+01 -3.671960e+01 1.061766e+02
      vertex   -1.799385e+01 -3.671960e+01 1.111766e+02
      vertex   -1.724149e+01 -3.635265e+01 1.061766e+02
    endloop
  endfacet
  facet normal -4.383711e-01 8.987940e-01 -1.588745e-15
    outer loop
      vertex   -1.724149e+01 -3.635265e+01 1.061766e+02
      vertex   -1.799385e+01 -3.671960e+01 1.111766e+02
      vertex   -1.724149e+01 -3.635265e+01 1.111766e+02
    endloop
  endfacet
  facet normal -5.591929e-01 8.290376e-01 -1.575464e-15
    outer loop
      vertex   -1.724149e+01 -3.635265e+01 1.061766e+02
      vertex   -1.724149e+01 -3.635265e+01 1.111766e+02
      vertex   -1.654752e+01 -3.588456e+01 1.061766e+02
    endloop
  endfacet
  facet normal -5.591929e-01 8.290376e-01 -7.808028e-16
    outer loop
      vertex   -1.654752e+01 -3.588456e+01 1.061766e+02
      vertex   -1.724149e+01 -3.635265e+01 1.111766e+02
      vertex   -1.654752e+01 -3.588456e+01 1.111766e+02
    endloop
  endfacet
  facet normal -6.691306e-01 7.431448e-01 -5.806264e-16
    outer loop
      vertex   -1.654752e+01 -3.588456e+01 1.061766e+02
      vertex   -1.654752e+01 -3.588456e+01 1.111766e+02
      vertex   -1.592545e+01 -3.532445e+01 1.061766e+02
    endloop
  endfacet
  facet normal -6.691306e-01 7.431448e-01 -1.056072e-15
    outer loop
      vertex   -1.592545e+01 -3.532445e+01 1.061766e+02
      vertex   -1.654752e+01 -3.588456e+01 1.111766e+02
      vertex   -1.592545e+01 -3.532445e+01 1.111766e+02
    endloop
  endfacet
  facet normal -7.660444e-01 6.427876e-01 -9.134561e-16
    outer loop
      vertex   -1.592545e+01 -3.532445e+01 1.061766e+02
      vertex   -1.592545e+01 -3.532445e+01 1.111766e+02
      vertex   -1.538738e+01 -3.468321e+01 1.061766e+02
    endloop
  endfacet
  facet normal -7.660444e-01 6.427876e-01 -9.134561e-16
    outer loop
      vertex   -1.538738e+01 -3.468321e+01 1.061766e+02
      vertex   -1.592545e+01 -3.532445e+01 1.111766e+02
      vertex   -1.538738e+01 -3.468321e+01 1.111766e+02
    endloop
  endfacet
  facet normal -8.480481e-01 5.299193e-01 -7.530606e-16
    outer loop
      vertex   -1.538738e+01 -3.468321e+01 1.061766e+02
      vertex   -1.538738e+01 -3.468321e+01 1.111766e+02
      vertex   -1.494380e+01 -3.397333e+01 1.061766e+02
    endloop
  endfacet
  facet normal -8.480481e-01 5.299193e-01 -1.506121e-15
    outer loop
      vertex   -1.494380e+01 -3.397333e+01 1.061766e+02
      vertex   -1.538738e+01 -3.468321e+01 1.111766e+02
      vertex   -1.494380e+01 -3.397333e+01 1.111766e+02
    endloop
  endfacet
  facet normal -9.135455e-01 4.067366e-01 -1.156015e-15
    outer loop
      vertex   -1.494380e+01 -3.397333e+01 1.061766e+02
      vertex   -1.494380e+01 -3.397333e+01 1.111766e+02
      vertex   -1.460333e+01 -3.320862e+01 1.061766e+02
    endloop
  endfacet
  facet normal -9.135455e-01 4.067366e-01 -5.780075e-16
    outer loop
      vertex   -1.460333e+01 -3.320862e+01 1.061766e+02
      vertex   -1.494380e+01 -3.397333e+01 1.111766e+02
      vertex   -1.460333e+01 -3.320862e+01 1.111766e+02
    endloop
  endfacet
  facet normal -9.612617e-01 2.756374e-01 -3.917042e-16
    outer loop
      vertex   -1.460333e+01 -3.320862e+01 1.061766e+02
      vertex   -1.460333e+01 -3.320862e+01 1.111766e+02
      vertex   -1.437260e+01 -3.240397e+01 1.061766e+02
    endloop
  endfacet
  facet normal -9.612617e-01 2.756374e-01 -3.917042e-16
    outer loop
      vertex   -1.437260e+01 -3.240397e+01 1.061766e+02
      vertex   -1.460333e+01 -3.320862e+01 1.111766e+02
      vertex   -1.437260e+01 -3.240397e+01 1.111766e+02
    endloop
  endfacet
  facet normal -9.902681e-01 1.391731e-01 -1.977769e-16
    outer loop
      vertex   -1.437260e+01 -3.240397e+01 1.061766e+02
      vertex   -1.437260e+01 -3.240397e+01 1.111766e+02
      vertex   -1.425610e+01 -3.157504e+01 1.061766e+02
    endloop
  endfacet
  facet normal -9.902681e-01 1.391731e-01 -2.966653e-16
    outer loop
      vertex   -1.425610e+01 -3.157504e+01 1.061766e+02
      vertex   -1.437260e+01 -3.240397e+01 1.111766e+02
      vertex   -1.425610e+01 -3.157504e+01 1.111766e+02
    endloop
  endfacet
  facet normal -1.000000e+00 0.000000e+00 0.000000e+00
    outer loop
      vertex   -1.425610e+01 -3.157504e+01 1.061766e+02
      vertex   -1.425610e+01 -3.157504e+01 1.111766e+02
      vertex   -1.425610e+01 -3.073796e+01 1.061766e+02
    endloop
  endfacet
  facet normal -1.000000e+00 0.000000e+00 0.000000e+00
    outer loop
      vertex   -1.425610e+01 -3.073796e+01 1.061766e+02
      vertex   -1.425610e+01 -3.157504e+01 1.111766e+02
      vertex   -1.425610e+01 -3.073796e+01 1.111766e+02
    endloop
  endfacet
  facet normal -9.902681e-01 -1.391731e-01 1.977769e-16
    outer loop
      vertex   -1.425610e+01 -3.073796e+01 1.061766e+02
      vertex   -1.425610e+01 -3.073796e+01 1.111766e+02
      vertex   -1.437260e+01 -2.990903e+01 1.061766e+02
    endloop
  endfacet
  facet normal -9.902681e-01 -1.391731e-01 2.966653e-16
    outer loop
      vertex   -1.437260e+01 -2.990903e+01 1.061766e+02
      vertex   -1.425610e+01 -3.073796e+01 1.111766e+02
      vertex   -1.437260e+01 -2.990903e+01 1.111766e+02
    endloop
  endfacet
  facet normal -9.612617e-01 -2.756374e-01 5.875564e-16
    outer loop
      vertex   -1.437260e+01 -2.990903e+01 1.061766e+02
      vertex   -1.437260e+01 -2.990903e+01 1.111766e+02
      vertex   -1.460333e+01 -2.910438e+01 1.061766e+02
    endloop
  endfacet
  facet normal -9.612617e-01 -2.756374e-01 5.875564e-16
    outer loop
      vertex   -1.460333e+01 -2.910438e+01 1.061766e+02
      vertex   -1.437260e+01 -2.990903e+01 1.111766e+02
      vertex   -1.460333e+01 -2.910438e+01 1.111766e+02
    endloop
  endfacet
  facet normal -9.135455e-01 -4.067366e-01 8.670113e-16
    outer loop
      vertex   -1.460333e+01 -2.910438e+01 1.061766e+02
      vertex   -1.460333e+01 -2.910438e+01 1.111766e+02
      vertex   -1.494380e+01 -2.833967e+01 1.061766e+02
    endloop
  endfacet
  facet normal -9.135455e-01 -4.067366e-01 1.156015e-15
    outer loop
      vertex   -1.494380e+01 -2.833967e+01 1.061766e+02
      vertex   -1.460333e+01 -2.910438e+01 1.111766e+02
      vertex   -1.494380e+01 -2.833967e+01 1.111766e+02
    endloop
  endfacet
  facet normal -8.480481e-01 -5.299193e-01 1.506121e-15
    outer loop
      vertex   -1.494380e+01 -2.833967e+01 1.061766e+02
      vertex   -1.494380e+01 -2.833967e+01 1.111766e+02
      vertex   -1.538738e+01 -2.762978e+01 1.061766e+02
    endloop
  endfacet
  facet normal -8.480481e-01 -5.299193e-01 7.530606e-16
    outer loop
      vertex   -1.538738e+01 -2.762978e+01 1.061766e+02
      vertex   -1.494380e+01 -2.833967e+01 1.111766e+02
      vertex   -1.538738e+01 -2.762978e+01 1.111766e+02
    endloop
  endfacet
  facet normal -7.660444e-01 -6.427876e-01 9.134561e-16
    outer loop
      vertex   -1.538738e+01 -2.762978e+01 1.061766e+02
      vertex   -1.538738e+01 -2.762978e+01 1.111766e+02
      vertex   -1.592545e+01 -2.698855e+01 1.061766e+02
    endloop
  endfacet
  facet normal -7.660444e-01 -6.427876e-01 9.134561e-16
    outer loop
      vertex   -1.592545e+01 -2.698855e+01 1.061766e+02
      vertex   -1.538738e+01 -2.762978e+01 1.111766e+02
      vertex   -1.592545e+01 -2.698855e+01 1.111766e+02
    endloop
  endfacet
  facet normal -6.691306e-01 -7.431448e-01 1.056072e-15
    outer loop
      vertex   -1.592545e+01 -2.698855e+01 1.061766e+02
      vertex   -1.592545e+01 -2.698855e+01 1.111766e+02
      vertex   -1.654752e+01 -2.642843e+01 1.061766e+02
    endloop
  endfacet
  facet normal -6.691306e-01 -7.431448e-01 1.108663e-15
    outer loop
      vertex   -1.654752e+01 -2.642843e+01 1.061766e+02
      vertex   -1.592545e+01 -2.698855e+01 1.111766e+02
      vertex   -1.654752e+01 -2.642843e+01 1.111766e+02
    endloop
  endfacet
  facet normal -5.591929e-01 -8.290376e-01 1.369869e-15
    outer loop
      vertex   -1.654752e+01 -2.642843e+01 1.061766e+02
      vertex   -1.654752e+01 -2.642843e+01 1.111766e+02
      vertex   -1.724149e+01 -2.596034e+01 1.061766e+02
    endloop
  endfacet
  facet normal -5.591929e-01 -8.290376e-01 2.164530e-15
    outer loop
      vertex   -1.724149e+01 -2.596034e+01 1.061766e+02
      vertex   -1.654752e+01 -2.642843e+01 1.111766e+02
      vertex   -1.724149e+01 -2.596034e+01 1.111766e+02
    endloop
  endfacet
  facet normal -4.383711e-01 -8.987940e-01 2.227376e-15
    outer loop
      vertex   -1.724149e+01 -2.596034e+01 1.061766e+02
      vertex   -1.724149e+01 -2.596034e+01 1.111766e+02
      vertex   -1.799385e+01 -2.559339e+01 1.061766e+02
    endloop
  endfacet
  facet normal -4.383711e-01 -8.987940e-01 1.277263e-15
    outer loop
      vertex   -1.799385e+01 -2.559339e+01 1.061766e+02
      vertex   -1.724149e+01 -2.596034e+01 1.111766e+02
      vertex   -1.799385e+01 -2.559339e+01 1.111766e+02
    endloop
  endfacet
  facet normal -3.090170e-01 -9.510565e-01 1.351533e-15
    outer loop
      vertex   -1.799385e+01 -2.559339e+01 1.061766e+02
      vertex   -1.799385e+01 -2.559339e+01 1.111766e+02
      vertex   -1.878996e+01 -2.533472e+01 1.061766e+02
    endloop
  endfacet
  facet normal -3.090170e-01 -9.510565e-01 1.351533e-15
    outer loop
      vertex   -1.878996e+01 -2.533472e+01 1.061766e+02
      vertex   -1.799385e+01 -2.559339e+01 1.111766e+02
      vertex   -1.878996e+01 -2.533472e+01 1.111766e+02
    endloop
  endfacet
  facet normal -1.736482e-01 -9.848078e-01 1.399496e-15
    outer loop
      vertex   -1.878996e+01 -2.533472e+01 1.061766e+02
      vertex   -1.878996e+01 -2.533472e+01 1.111766e+02
      vertex   -1.961432e+01 -2.518937e+01 1.061766e+02
    endloop
  endfacet
  facet normal -1.736482e-01 -9.848078e-01 2.099244e-15
    outer loop
      vertex   -1.961432e+01 -2.518937e+01 1.061766e+02
      vertex   -1.878996e+01 -2.533472e+01 1.111766e+02
      vertex   -1.961432e+01 -2.518937e+01 1.111766e+02
    endloop
  endfacet
  facet normal -3.489950e-02 -9.993908e-01 2.130330e-15
    outer loop
      vertex   -1.961432e+01 -2.518937e+01 1.061766e+02
      vertex   -1.961432e+01 -2.518937e+01 1.111766e+02
      vertex   -2.045088e+01 -2.516015e+01 1.061766e+02
    endloop
  endfacet
  facet normal -3.489950e-02 -9.993908e-01 1.395422e-15
    outer loop
      vertex   -2.045088e+01 -2.516015e+01 1.061766e+02
      vertex   -1.961432e+01 -2.518937e+01 1.111766e+02
      vertex   -2.045088e+01 -2.516015e+01 1.111766e+02
    endloop
  endfacet
  facet normal 1.045285e-01 -9.945219e-01 1.487573e-15
    outer loop
      vertex   -2.045088e+01 -2.516015e+01 1.061766e+02
      vertex   -2.045088e+01 -2.516015e+01 1.111766e+02
      vertex   -2.128338e+01 -2.524765e+01 1.061766e+02
    endloop
  endfacet
  facet normal 1.045285e-01 -9.945219e-01 2.119951e-15
    outer loop
      vertex   -2.128338e+01 -2.524765e+01 1.061766e+02
      vertex   -2.045088e+01 -2.516015e+01 1.111766e+02
      vertex   -2.128338e+01 -2.524765e+01 1.111766e+02
    endloop
  endfacet
  facet normal 2.419219e-01 -9.702957e-01 2.068310e-15
    outer loop
      vertex   -2.128338e+01 -2.524765e+01 1.061766e+02
      vertex   -2.128338e+01 -2.524765e+01 1.111766e+02
      vertex   -2.209559e+01 -2.545016e+01 1.061766e+02
    endloop
  endfacet
  facet normal 2.419219e-01 -9.702957e-01 1.378873e-15
    outer loop
      vertex   -2.209559e+01 -2.545016e+01 1.061766e+02
      vertex   -2.128338e+01 -2.524765e+01 1.111766e+02
      vertex   -2.209559e+01 -2.545016e+01 1.111766e+02
    endloop
  endfacet
  facet normal 3.746066e-01 -9.271839e-01 1.317608e-15
    outer loop
      vertex   -2.209559e+01 -2.545016e+01 1.061766e+02
      vertex   -2.209559e+01 -2.545016e+01 1.111766e+02
      vertex   -2.287171e+01 -2.576373e+01 1.061766e+02
    endloop
  endfacet
  facet normal 3.746066e-01 -9.271839e-01 1.317608e-15
    outer loop
      vertex   -2.287171e+01 -2.576373e+01 1.061766e+02
      vertex   -2.209559e+01 -2.545016e+01 1.111766e+02
      vertex   -2.287171e+01 -2.576373e+01 1.111766e+02
    endloop
  endfacet
  facet normal 5.000000e-01 -8.660254e-01 1.230696e-15
    outer loop
      vertex   -2.287171e+01 -2.576373e+01 1.061766e+02
      vertex   -2.287171e+01 -2.576373e+01 1.111766e+02
      vertex   -2.359664e+01 -2.618227e+01 1.061766e+02
    endloop
  endfacet
  facet normal 5.000000e-01 -8.660254e-01 2.556587e-15
    outer loop
      vertex   -2.359664e+01 -2.618227e+01 1.061766e+02
      vertex   -2.287171e+01 -2.576373e+01 1.111766e+02
      vertex   -2.359664e+01 -2.618227e+01 1.111766e+02
    endloop
  endfacet
  facet normal 6.156615e-01 -7.880108e-01 2.554654e-15
    outer loop
      vertex   -2.359664e+01 -2.618227e+01 1.061766e+02
      vertex   -2.359664e+01 -2.618227e+01 1.111766e+02
      vertex   -2.425627e+01 -2.669763e+01 1.061766e+02
    endloop
  endfacet
  facet normal 6.156615e-01 -7.880108e-01 1.679746e-15
    outer loop
      vertex   -2.425627e+01 -2.669763e+01 1.061766e+02
      vertex   -2.359664e+01 -2.618227e+01 1.111766e+02
      vertex   -2.425627e+01 -2.669763e+01 1.111766e+02
    endloop
  endfacet
  facet normal 7.193398e-01 -6.946584e-01 1.480753e-15
    outer loop
      vertex   -2.425627e+01 -2.669763e+01 1.061766e+02
      vertex   -2.425627e+01 -2.669763e+01 1.111766e+02
      vertex   -2.483775e+01 -2.729977e+01 1.061766e+02
    endloop
  endfacet
  facet normal 7.193398e-01 -6.946584e-01 9.871689e-16
    outer loop
      vertex   -2.483775e+01 -2.729977e+01 1.061766e+02
      vertex   -2.425627e+01 -2.669763e+01 1.111766e+02
      vertex   -2.483775e+01 -2.729977e+01 1.111766e+02
    endloop
  endfacet
  facet normal 8.090170e-01 -5.877853e-01 8.352931e-16
    outer loop
      vertex   -2.483775e+01 -2.729977e+01 1.061766e+02
      vertex   -2.483775e+01 -2.729977e+01 1.111766e+02
      vertex   -2.532978e+01 -2.797698e+01 1.061766e+02
    endloop
  endfacet
  facet normal 8.090170e-01 -5.877853e-01 8.352931e-16
    outer loop
      vertex   -2.532978e+01 -2.797698e+01 1.061766e+02
      vertex   -2.483775e+01 -2.729977e+01 1.111766e+02
      vertex   -2.532978e+01 -2.797698e+01 1.111766e+02
    endloop
  endfacet
  facet normal 8.829476e-01 -4.694716e-01 6.671592e-16
    outer loop
      vertex   -2.532978e+01 -2.797698e+01 1.061766e+02
      vertex   -2.532978e+01 -2.797698e+01 1.111766e+02
      vertex   -2.572276e+01 -2.871608e+01 1.061766e+02
    endloop
  endfacet
  facet normal 8.829476e-01 -4.694716e-01 1.000739e-15
    outer loop
      vertex   -2.572276e+01 -2.871608e+01 1.061766e+02
      vertex   -2.532978e+01 -2.797698e+01 1.111766e+02
      vertex   -2.572276e+01 -2.871608e+01 1.111766e+02
    endloop
  endfacet
  facet normal 9.396926e-01 -3.420201e-01 7.290598e-16
    outer loop
      vertex   -2.572276e+01 -2.871608e+01 1.061766e+02
      vertex   -2.572276e+01 -2.871608e+01 1.111766e+02
      vertex   -2.600906e+01 -2.950267e+01 1.061766e+02
    endloop
  endfacet
  facet normal 9.396926e-01 -3.420201e-01 4.860399e-16
    outer loop
      vertex   -2.600906e+01 -2.950267e+01 1.061766e+02
      vertex   -2.572276e+01 -2.871608e+01 1.111766e+02
      vertex   -2.600906e+01 -2.950267e+01 1.111766e+02
    endloop
  endfacet
  facet normal 9.781476e-01 -2.079117e-01 2.954603e-16
    outer loop
      vertex   -2.600906e+01 -2.950267e+01 1.061766e+02
      vertex   -2.600906e+01 -2.950267e+01 1.111766e+02
      vertex   -2.618310e+01 -3.032146e+01 1.061766e+02
    endloop
  endfacet
  facet normal 9.781476e-01 -2.079117e-01 2.954603e-16
    outer loop
      vertex   -2.618310e+01 -3.032146e+01 1.061766e+02
      vertex   -2.600906e+01 -2.950267e+01 1.111766e+02
      vertex   -2.618310e+01 -3.032146e+01 1.111766e+02
    endloop
  endfacet
  facet normal 1.000000e+00 -3.045183e-16 0.000000e+00
    outer loop
      vertex   1.225851e+01 -9.656496e+00 1.401766e+02
      vertex   1.225851e+01 -9.656496e+00 1.051766e+02
      vertex   1.225851e+01 7.843504e+00 1.401766e+02
    endloop
  endfacet
  facet normal 1.000000e+00 -3.045183e-16 0.000000e+00
    outer loop
      vertex   1.225851e+01 7.843504e+00 1.401766e+02
      vertex   1.225851e+01 -9.656496e+00 1.051766e+02
      vertex   1.225851e+01 7.843504e+00 1.051766e+02
    endloop
  endfacet
  facet normal -1.000000e+00 4.060244e-16 0.000000e+00
    outer loop
      vertex   -5.274149e+01 -9.656496e+00 1.051766e+02
      vertex   -5.274149e+01 -9.656496e+00 1.401766e+02
      vertex   -5.274149e+01 7.843504e+00 1.051766e+02
    endloop
  endfacet
  facet normal -1.000000e+00 4.060244e-16 0.000000e+00
    outer loop
      vertex   -5.274149e+01 7.843504e+00 1.051766e+02
      vertex   -5.274149e+01 -9.656496e+00 1.401766e+02
      vertex   -5.274149e+01 7.843504e+00 1.401766e+02
    endloop
  endfacet
  facet normal -5.894110e-16 1.000000e+00 5.628192e-17
    outer loop
      vertex   8.302492e+00 7.843504e+00 1.110900e+02
      vertex   8.358513e+00 7.843504e+00 1.116766e+02
      vertex   1.225851e+01 7.843504e+00 1.051766e+02
    endloop
  endfacet
  facet normal -8.125255e-16 1.000000e+00 -7.758677e-17
    outer loop
      vertex   1.225851e+01 7.843504e+00 1.051766e+02
      vertex   8.358513e+00 7.843504e+00 1.116766e+02
      vertex   8.302492e+00 7.843504e+00 1.122633e+02
    endloop
  endfacet
  facet normal -6.735392e-16 1.000000e+00 -5.744786e-32
    outer loop
      vertex   1.225851e+01 7.843504e+00 1.051766e+02
      vertex   8.302492e+00 7.843504e+00 1.122633e+02
      vertex   8.302492e+00 7.843504e+00 1.330900e+02
    endloop
  endfacet
  facet normal 0.000000e+00 1.000000e+00 0.000000e+00
    outer loop
      vertex   8.302492e+00 7.843504e+00 1.330900e+02
      vertex   8.302492e+00 7.843504e+00 1.122633e+02
      vertex   8.136454e+00 7.843504e+00 1.325245e+02
    endloop
  endfacet
  facet normal 0.000000e+00 1.000000e+00 0.000000e+00
    outer loop
      vertex   8.136454e+00 7.843504e+00 1.325245e+02
      vertex   8.302492e+00 7.843504e+00 1.122633e+02
      vertex   8.136454e+00 7.843504e+00 1.128288e+02
    endloop
  endfacet
  facet normal 0.000000e+00 1.000000e+00 0.000000e+00
    outer loop
      vertex   8.136454e+00 7.843504e+00 1.325245e+02
      vertex   8.136454e+00 7.843504e+00 1.128288e+02
      vertex   7.866399e+00 7.843504e+00 1.320006e+02
    endloop
  endfacet
  facet normal 0.000000e+00 1.000000e+00 0.000000e+00
    outer loop
      vertex   7.866399e+00 7.843504e+00 1.320006e+02
      vertex   8.136454e+00 7.843504e+00 1.128288e+02
      vertex   7.866399e+00 7.843504e+00 1.133526e+02
    endloop
  endfacet
  facet normal 0.000000e+00 1.000000e+00 0.000000e+00
    outer loop
      vertex   7.866399e+00 7.843504e+00 1.320006e+02
      vertex   7.866399e+00 7.843504e+00 1.133526e+02
      vertex   7.502089e+00 7.843504e+00 1.315374e+02
    endloop
  endfacet
  facet normal 0.000000e+00 1.000000e+00 0.000000e+00
    outer loop
      vertex   7.502089e+00 7.843504e+00 1.315374e+02
      vertex   7.866399e+00 7.843504e+00 1.133526e+02
      vertex   7.502089e+00 7.843504e+00 1.138159e+02
    endloop
  endfacet
  facet normal 0.000000e+00 1.000000e+00 0.000000e+00
    outer loop
      vertex   7.502089e+00 7.843504e+00 1.315374e+02
      vertex   7.502089e+00 7.843504e+00 1.138159e+02
      vertex   7.056690e+00 7.843504e+00 1.311515e+02
    endloop
  endfacet
  facet normal 0.000000e+00 1.000000e+00 0.000000e+00
    outer loop
      vertex   7.056690e+00 7.843504e+00 1.311515e+02
      vertex   7.502089e+00 7.843504e+00 1.138159e+02
      vertex   7.056690e+00 7.843504e+00 1.142018e+02
    endloop
  endfacet
  facet normal 1.740196e-15 1.000000e+00 9.118810e-32
    outer loop
      vertex   7.056690e+00 7.843504e+00 1.311515e+02
      vertex   7.056690e+00 7.843504e+00 1.142018e+02
      vertex   6.546300e+00 7.843504e+00 1.308568e+02
    endloop
  endfacet
  facet normal 1.740196e-15 1.000000e+00 9.447298e-32
    outer loop
      vertex   6.546300e+00 7.843504e+00 1.308568e+02
      vertex   7.056690e+00 7.843504e+00 1.142018e+02
      vertex   6.546300e+00 7.843504e+00 1.144965e+02
    endloop
  endfacet
  facet normal 0.000000e+00 1.000000e+00 0.000000e+00
    outer loop
      vertex   6.546300e+00 7.843504e+00 1.308568e+02
      vertex   6.546300e+00 7.843504e+00 1.144965e+02
      vertex   5.989366e+00 7.843504e+00 1.306640e+02
    endloop
  endfacet
  facet normal 0.000000e+00 1.000000e+00 0.000000e+00
    outer loop
      vertex   5.989366e+00 7.843504e+00 1.306640e+02
      vertex   6.546300e+00 7.843504e+00 1.144965e+02
      vertex   5.989366e+00 7.843504e+00 1.146893e+02
    endloop
  endfacet
  facet normal 0.000000e+00 1.000000e+00 0.000000e+00
    outer loop
      vertex   5.989366e+00 7.843504e+00 1.306640e+02
      vertex   5.989366e+00 7.843504e+00 1.146893e+02
      vertex   5.406017e+00 7.843504e+00 1.305801e+02
    endloop
  endfacet
  facet normal 0.000000e+00 1.000000e+00 0.000000e+00
    outer loop
      vertex   5.406017e+00 7.843504e+00 1.305801e+02
      vertex   5.989366e+00 7.843504e+00 1.146893e+02
      vertex   5.406017e+00 7.843504e+00 1.147731e+02
    endloop
  endfacet
  facet normal 0.000000e+00 1.000000e+00 0.000000e+00
    outer loop
      vertex   5.406017e+00 7.843504e+00 1.305801e+02
      vertex   5.406017e+00 7.843504e+00 1.147731e+02
      vertex   4.817337e+00 7.843504e+00 1.306082e+02
    endloop
  endfacet
  facet normal 0.000000e+00 1.000000e+00 0.000000e+00
    outer loop
      vertex   4.817337e+00 7.843504e+00 1.306082e+02
      vertex   5.406017e+00 7.843504e+00 1.147731e+02
      vertex   4.817337e+00 7.843504e+00 1.147451e+02
    endloop
  endfacet
  facet normal 0.000000e+00 1.000000e+00 0.000000e+00
    outer loop
      vertex   4.817337e+00 7.843504e+00 1.306082e+02
      vertex   4.817337e+00 7.843504e+00 1.147451e+02
      vertex   4.244603e+00 7.843504e+00 1.307471e+02
    endloop
  endfacet
  facet normal 0.000000e+00 1.000000e+00 0.000000e+00
    outer loop
      vertex   4.244603e+00 7.843504e+00 1.307471e+02
      vertex   4.817337e+00 7.843504e+00 1.147451e+02
      vertex   4.244603e+00 7.843504e+00 1.146061e+02
    endloop
  endfacet
  facet normal 0.000000e+00 1.000000e+00 0.000000e+00
    outer loop
      vertex   4.244603e+00 7.843504e+00 1.307471e+02
      vertex   4.244603e+00 7.843504e+00 1.146061e+02
      vertex   3.708513e+00 7.843504e+00 1.309920e+02
    endloop
  endfacet
  facet normal 0.000000e+00 1.000000e+00 0.000000e+00
    outer loop
      vertex   3.708513e+00 7.843504e+00 1.309920e+02
      vertex   4.244603e+00 7.843504e+00 1.146061e+02
      vertex   3.708513e+00 7.843504e+00 1.143613e+02
    endloop
  endfacet
  facet normal 1.850109e-15 1.000000e+00 9.880716e-32
    outer loop
      vertex   3.708513e+00 7.843504e+00 1.309920e+02
      vertex   3.708513e+00 7.843504e+00 1.143613e+02
      vertex   3.228445e+00 7.843504e+00 1.313338e+02
    endloop
  endfacet
  facet normal 1.850109e-15 1.000000e+00 -1.423582e-31
    outer loop
      vertex   3.228445e+00 7.843504e+00 1.313338e+02
      vertex   3.708513e+00 7.843504e+00 1.143613e+02
      vertex   3.228445e+00 7.843504e+00 1.140195e+02
    endloop
  endfacet
  facet normal 0.000000e+00 1.000000e+00 0.000000e+00
    outer loop
      vertex   3.228445e+00 7.843504e+00 1.313338e+02
      vertex   3.228445e+00 7.843504e+00 1.140195e+02
      vertex   2.821749e+00 7.843504e+00 1.317603e+02
    endloop
  endfacet
  facet normal 0.000000e+00 1.000000e+00 0.000000e+00
    outer loop
      vertex   2.821749e+00 7.843504e+00 1.317603e+02
      vertex   3.228445e+00 7.843504e+00 1.140195e+02
      vertex   2.821749e+00 7.843504e+00 1.135929e+02
    endloop
  endfacet
  facet normal 0.000000e+00 1.000000e+00 0.000000e+00
    outer loop
      vertex   2.821749e+00 7.843504e+00 1.317603e+02
      vertex   2.821749e+00 7.843504e+00 1.135929e+02
      vertex   2.503123e+00 7.843504e+00 1.322561e+02
    endloop
  endfacet
  facet normal 0.000000e+00 1.000000e+00 0.000000e+00
    outer loop
      vertex   2.503123e+00 7.843504e+00 1.322561e+02
      vertex   2.821749e+00 7.843504e+00 1.135929e+02
      vertex   2.503123e+00 7.843504e+00 1.130971e+02
    endloop
  endfacet
  facet normal 0.000000e+00 1.000000e+00 0.000000e+00
    outer loop
      vertex   2.503123e+00 7.843504e+00 1.322561e+02
      vertex   2.503123e+00 7.843504e+00 1.130971e+02
      vertex   2.284085e+00 7.843504e+00 1.328033e+02
    endloop
  endfacet
  facet normal 0.000000e+00 1.000000e+00 0.000000e+00
    outer loop
      vertex   2.284085e+00 7.843504e+00 1.328033e+02
      vertex   2.503123e+00 7.843504e+00 1.130971e+02
      vertex   2.284085e+00 7.843504e+00 1.125500e+02
    endloop
  endfacet
  facet normal 2.426975e-15 1.000000e+00 -1.064316e-31
    outer loop
      vertex   2.284085e+00 7.843504e+00 1.328033e+02
      vertex   2.284085e+00 7.843504e+00 1.125500e+02
      vertex   -1.741487e+00 7.843504e+00 1.401766e+02
    endloop
  endfacet
  facet normal -7.325627e-15 1.000000e+00 -1.421085e-15
    outer loop
      vertex   -1.741487e+00 7.843504e+00 1.401766e+02
      vertex   2.284085e+00 7.843504e+00 1.125500e+02
      vertex   -1.741487e+00 7.843504e+00 1.051766e+02
    endloop
  endfacet
  facet normal -1.534593e-14 1.000000e+00 2.957686e-15
    outer loop
      vertex   -1.741487e+00 7.843504e+00 1.051766e+02
      vertex   2.284085e+00 7.843504e+00 1.125500e+02
      vertex   2.172550e+00 7.843504e+00 1.119713e+02
    endloop
  endfacet
  facet normal -1.021146e-14 1.000000e+00 0.000000e+00
    outer loop
      vertex   -1.741487e+00 7.843504e+00 1.051766e+02
      vertex   2.172550e+00 7.843504e+00 1.119713e+02
      vertex   2.172550e+00 7.843504e+00 1.113820e+02
    endloop
  endfacet
  facet normal -7.821508e-15 1.000000e+00 -1.507472e-15
    outer loop
      vertex   2.172550e+00 7.843504e+00 1.113820e+02
      vertex   2.284085e+00 7.843504e+00 1.108033e+02
      vertex   -1.741487e+00 7.843504e+00 1.051766e+02
    endloop
  endfacet
  facet normal -6.366227e-15 1.000000e+00 -2.548653e-15
    outer loop
      vertex   -1.741487e+00 7.843504e+00 1.051766e+02
      vertex   2.284085e+00 7.843504e+00 1.108033e+02
      vertex   2.503123e+00 7.843504e+00 1.102561e+02
    endloop
  endfacet
  facet normal -5.322680e-15 1.000000e+00 -3.420679e-15
    outer loop
      vertex   -1.741487e+00 7.843504e+00 1.051766e+02
      vertex   2.503123e+00 7.843504e+00 1.102561e+02
      vertex   2.821749e+00 7.843504e+00 1.097603e+02
    endloop
  endfacet
  facet normal -4.473804e-15 1.000000e+00 -4.265763e-15
    outer loop
      vertex   2.821749e+00 7.843504e+00 1.097603e+02
      vertex   3.228445e+00 7.843504e+00 1.093338e+02
      vertex   -1.741487e+00 7.843504e+00 1.051766e+02
    endloop
  endfacet
  facet normal -2.698701e-15 1.000000e+00 -6.387910e-15
    outer loop
      vertex   -1.741487e+00 7.843504e+00 1.051766e+02
      vertex   3.228445e+00 7.843504e+00 1.093338e+02
      vertex   3.708513e+00 7.843504e+00 1.089920e+02
    endloop
  endfacet
  facet normal -2.830973e-15 1.000000e+00 -6.198966e-15
    outer loop
      vertex   -1.741487e+00 7.843504e+00 1.051766e+02
      vertex   3.708513e+00 7.843504e+00 1.089920e+02
      vertex   4.244603e+00 7.843504e+00 1.087471e+02
    endloop
  endfacet
  facet normal -1.887562e-15 1.000000e+00 -7.780635e-15
    outer loop
      vertex   4.244603e+00 7.843504e+00 1.087471e+02
      vertex   4.817337e+00 7.843504e+00 1.086082e+02
      vertex   -1.741487e+00 7.843504e+00 1.051766e+02
    endloop
  endfacet
  facet normal -4.972244e-16 1.000000e+00 -1.043803e-14
    outer loop
      vertex   -1.741487e+00 7.843504e+00 1.051766e+02
      vertex   4.817337e+00 7.843504e+00 1.086082e+02
      vertex   5.406017e+00 7.843504e+00 1.085801e+02
    endloop
  endfacet
  facet normal -2.918301e-15 1.000000e+00 -5.353673e-15
    outer loop
      vertex   -1.741487e+00 7.843504e+00 1.051766e+02
      vertex   5.406017e+00 7.843504e+00 1.085801e+02
      vertex   1.225851e+01 7.843504e+00 1.051766e+02
    endloop
  endfacet
  facet normal -5.819458e-17 1.000000e+00 4.047522e-16
    outer loop
      vertex   1.225851e+01 7.843504e+00 1.051766e+02
      vertex   5.406017e+00 7.843504e+00 1.085801e+02
      vertex   5.989366e+00 7.843504e+00 1.086640e+02
    endloop
  endfacet
  facet normal -1.086770e-16 1.000000e+00 3.140017e-16
    outer loop
      vertex   1.225851e+01 7.843504e+00 1.051766e+02
      vertex   5.989366e+00 7.843504e+00 1.086640e+02
      vertex   6.546300e+00 7.843504e+00 1.088568e+02
    endloop
  endfacet
  facet normal 7.707821e-16 1.000000e+00 1.679074e-15
    outer loop
      vertex   6.546300e+00 7.843504e+00 1.088568e+02
      vertex   7.056690e+00 7.843504e+00 1.091515e+02
      vertex   1.225851e+01 7.843504e+00 1.051766e+02
    endloop
  endfacet
  facet normal -2.721968e-16 1.000000e+00 3.141318e-16
    outer loop
      vertex   1.225851e+01 7.843504e+00 1.051766e+02
      vertex   7.056690e+00 7.843504e+00 1.091515e+02
      vertex   7.502089e+00 7.843504e+00 1.095374e+02
    endloop
  endfacet
  facet normal -3.255086e-16 1.000000e+00 2.559828e-16
    outer loop
      vertex   1.225851e+01 7.843504e+00 1.051766e+02
      vertex   7.502089e+00 7.843504e+00 1.095374e+02
      vertex   7.866399e+00 7.843504e+00 1.100006e+02
    endloop
  endfacet
  facet normal -3.873397e-16 1.000000e+00 1.996875e-16
    outer loop
      vertex   7.866399e+00 7.843504e+00 1.100006e+02
      vertex   8.136454e+00 7.843504e+00 1.105245e+02
      vertex   1.225851e+01 7.843504e+00 1.051766e+02
    endloop
  endfacet
  facet normal -4.680923e-16 1.000000e+00 1.374443e-16
    outer loop
      vertex   1.225851e+01 7.843504e+00 1.051766e+02
      vertex   8.136454e+00 7.843504e+00 1.105245e+02
      vertex   8.302492e+00 7.843504e+00 1.110900e+02
    endloop
  endfacet
  facet normal -8.125255e-16 1.000000e+00 7.758677e-17
    outer loop
      vertex   8.302492e+00 7.843504e+00 1.330900e+02
      vertex   8.358513e+00 7.843504e+00 1.336766e+02
      vertex   1.225851e+01 7.843504e+00 1.401766e+02
    endloop
  endfacet
  facet normal -5.894110e-16 1.000000e+00 -5.628192e-17
    outer loop
      vertex   1.225851e+01 7.843504e+00 1.401766e+02
      vertex   8.358513e+00 7.843504e+00 1.336766e+02
      vertex   8.302492e+00 7.843504e+00 1.342633e+02
    endloop
  endfacet
  facet normal -4.680923e-16 1.000000e+00 -1.374443e-16
    outer loop
      vertex   1.225851e+01 7.843504e+00 1.401766e+02
      vertex   8.302492e+00 7.843504e+00 1.342633e+02
      vertex   8.136454e+00 7.843504e+00 1.348288e+02
    endloop
  endfacet
  facet normal -3.873397e-16 1.000000e+00 -1.996875e-16
    outer loop
      vertex   8.136454e+00 7.843504e+00 1.348288e+02
      vertex   7.866399e+00 7.843504e+00 1.353526e+02
      vertex   1.225851e+01 7.843504e+00 1.401766e+02
    endloop
  endfacet
  facet normal -3.255086e-16 1.000000e+00 -2.559828e-16
    outer loop
      vertex   1.225851e+01 7.843504e+00 1.401766e+02
      vertex   7.866399e+00 7.843504e+00 1.353526e+02
      vertex   7.502089e+00 7.843504e+00 1.358159e+02
    endloop
  endfacet
  facet normal -2.721968e-16 1.000000e+00 -3.141318e-16
    outer loop
      vertex   1.225851e+01 7.843504e+00 1.401766e+02
      vertex   7.502089e+00 7.843504e+00 1.358159e+02
      vertex   7.056690e+00 7.843504e+00 1.362018e+02
    endloop
  endfacet
  facet normal 7.707821e-16 1.000000e+00 -1.679074e-15
    outer loop
      vertex   7.056690e+00 7.843504e+00 1.362018e+02
      vertex   6.546300e+00 7.843504e+00 1.364965e+02
      vertex   1.225851e+01 7.843504e+00 1.401766e+02
    endloop
  endfacet
  facet normal -1.086770e-16 1.000000e+00 -3.140017e-16
    outer loop
      vertex   1.225851e+01 7.843504e+00 1.401766e+02
      vertex   6.546300e+00 7.843504e+00 1.364965e+02
      vertex   5.989366e+00 7.843504e+00 1.366893e+02
    endloop
  endfacet
  facet normal -5.819458e-17 1.000000e+00 -4.047522e-16
    outer loop
      vertex   1.225851e+01 7.843504e+00 1.401766e+02
      vertex   5.989366e+00 7.843504e+00 1.366893e+02
      vertex   5.406017e+00 7.843504e+00 1.367731e+02
    endloop
  endfacet
  facet normal 6.344132e-16 1.000000e+00 -1.799221e-15
    outer loop
      vertex   1.225851e+01 7.843504e+00 1.401766e+02
      vertex   5.406017e+00 7.843504e+00 1.367731e+02
      vertex   -1.741487e+00 7.843504e+00 1.401766e+02
    endloop
  endfacet
  facet normal 1.356067e-16 1.000000e+00 -2.846734e-15
    outer loop
      vertex   -1.741487e+00 7.843504e+00 1.401766e+02
      vertex   5.406017e+00 7.843504e+00 1.367731e+02
      vertex   4.817337e+00 7.843504e+00 1.367451e+02
    endloop
  endfacet
  facet normal 5.147895e-16 1.000000e+00 -2.121991e-15
    outer loop
      vertex   -1.741487e+00 7.843504e+00 1.401766e+02
      vertex   4.817337e+00 7.843504e+00 1.367451e+02
      vertex   4.244603e+00 7.843504e+00 1.366061e+02
    endloop
  endfacet
  facet normal 7.720835e-16 1.000000e+00 -1.690627e-15
    outer loop
      vertex   4.244603e+00 7.843504e+00 1.366061e+02
      vertex   3.708513e+00 7.843504e+00 1.363613e+02
      vertex   -1.741487e+00 7.843504e+00 1.401766e+02
    endloop
  endfacet
  facet normal 1.903315e-15 1.000000e+00 -7.471815e-17
    outer loop
      vertex   -1.741487e+00 7.843504e+00 1.401766e+02
      vertex   3.708513e+00 7.843504e+00 1.363613e+02
      vertex   3.228445e+00 7.843504e+00 1.360195e+02
    endloop
  endfacet
  facet normal 1.093596e-15 1.000000e+00 -1.042742e-15
    outer loop
      vertex   -1.741487e+00 7.843504e+00 1.401766e+02
      vertex   3.228445e+00 7.843504e+00 1.360195e+02
      vertex   2.821749e+00 7.843504e+00 1.355929e+02
    endloop
  endfacet
  facet normal 1.301099e-15 1.000000e+00 -8.361659e-16
    outer loop
      vertex   2.821749e+00 7.843504e+00 1.355929e+02
      vertex   2.503123e+00 7.843504e+00 1.350971e+02
      vertex   -1.741487e+00 7.843504e+00 1.401766e+02
    endloop
  endfacet
  facet normal 1.556189e-15 1.000000e+00 -6.230040e-16
    outer loop
      vertex   -1.741487e+00 7.843504e+00 1.401766e+02
      vertex   2.503123e+00 7.843504e+00 1.350971e+02
      vertex   2.284085e+00 7.843504e+00 1.345500e+02
    endloop
  endfacet
  facet normal 1.911924e-15 1.000000e+00 -3.684932e-16
    outer loop
      vertex   -1.741487e+00 7.843504e+00 1.401766e+02
      vertex   2.284085e+00 7.843504e+00 1.345500e+02
      vertex   2.172550e+00 7.843504e+00 1.339713e+02
    endloop
  endfacet
  facet normal 2.496134e-15 1.000000e+00 0.000000e+00
    outer loop
      vertex   2.172550e+00 7.843504e+00 1.339713e+02
      vertex   2.172550e+00 7.843504e+00 1.333820e+02
      vertex   -1.741487e+00 7.843504e+00 1.401766e+02
    endloop
  endfacet
  facet normal 3.751227e-15 1.000000e+00 7.229898e-16
    outer loop
      vertex   -1.741487e+00 7.843504e+00 1.401766e+02
      vertex   2.172550e+00 7.843504e+00 1.333820e+02
      vertex   2.284085e+00 7.843504e+00 1.328033e+02
    endloop
  endfacet
  facet normal -6.735392e-16 1.000000e+00 0.000000e+00
    outer loop
      vertex   1.225851e+01 7.843504e+00 1.051766e+02
      vertex   8.302492e+00 7.843504e+00 1.330900e+02
      vertex   1.225851e+01 7.843504e+00 1.401766e+02
    endloop
  endfacet
  facet normal -4.862632e-16 -9.951847e-01 -9.801714e-02
    outer loop
      vertex   -3.324149e+01 -2.215650e+01 1.323766e+02
      vertex   -7.241487e+00 -2.215650e+01 1.323766e+02
      vertex   -2.024149e+01 -2.221414e+01 1.329619e+02
    endloop
  endfacet
  facet normal -7.005566e-16 -9.951847e-01 -9.801714e-02
    outer loop
      vertex   -2.024149e+01 -2.221414e+01 1.329619e+02
      vertex   -7.241487e+00 -2.215650e+01 1.323766e+02
      vertex   -7.241487e+00 -2.221414e+01 1.329619e+02
    endloop
  endfacet
  facet normal -1.530808e-15 -9.569403e-01 -2.902847e-01
    outer loop
      vertex   -2.024149e+01 -2.221414e+01 1.329619e+02
      vertex   -7.241487e+00 -2.221414e+01 1.329619e+02
      vertex   -2.024149e+01 -2.238486e+01 1.335247e+02
    endloop
  endfacet
  facet normal -1.269290e-15 -9.569403e-01 -2.902847e-01
    outer loop
      vertex   -2.024149e+01 -2.238486e+01 1.335247e+02
      vertex   -7.241487e+00 -2.221414e+01 1.329619e+02
      vertex   -7.241487e+00 -2.238486e+01 1.335247e+02
    endloop
  endfacet
  facet normal -2.061216e-15 -8.819213e-01 -4.713967e-01
    outer loop
      vertex   -2.024149e+01 -2.238486e+01 1.335247e+02
      vertex   -7.241487e+00 -2.238486e+01 1.335247e+02
      vertex   -2.024149e+01 -2.266209e+01 1.340433e+02
    endloop
  endfacet
  facet normal -7.895913e-16 -8.819213e-01 -4.713967e-01
    outer loop
      vertex   -2.024149e+01 -2.266209e+01 1.340433e+02
      vertex   -7.241487e+00 -2.238486e+01 1.335247e+02
      vertex   -7.241487e+00 -2.266209e+01 1.340433e+02
    endloop
  endfacet
  facet normal -1.175712e-15 -7.730105e-01 -6.343933e-01
    outer loop
      vertex   -2.024149e+01 -2.266209e+01 1.340433e+02
      vertex   -7.241487e+00 -2.266209e+01 1.340433e+02
      vertex   -2.024149e+01 -2.303518e+01 1.344980e+02
    endloop
  endfacet
  facet normal -1.386965e-15 -7.730105e-01 -6.343933e-01
    outer loop
      vertex   -2.024149e+01 -2.303518e+01 1.344980e+02
      vertex   -7.241487e+00 -2.266209e+01 1.340433e+02
      vertex   -7.241487e+00 -2.303518e+01 1.344980e+02
    endloop
  endfacet
  facet normal -1.690021e-15 -6.343933e-01 -7.730105e-01
    outer loop
      vertex   -2.024149e+01 -2.303518e+01 1.344980e+02
      vertex   -7.241487e+00 -2.303518e+01 1.344980e+02
      vertex   -2.024149e+01 -2.348979e+01 1.348710e+02
    endloop
  endfacet
  facet normal -1.690021e-15 -6.343933e-01 -7.730105e-01
    outer loop
      vertex   -2.024149e+01 -2.348979e+01 1.348710e+02
      vertex   -7.241487e+00 -2.303518e+01 1.344980e+02
      vertex   -7.241487e+00 -2.348979e+01 1.348710e+02
    endloop
  endfacet
  facet normal -1.928132e-15 -4.713967e-01 -8.819213e-01
    outer loop
      vertex   -2.024149e+01 -2.348979e+01 1.348710e+02
      vertex   -7.241487e+00 -2.348979e+01 1.348710e+02
      vertex   -2.024149e+01 -2.400845e+01 1.351483e+02
    endloop
  endfacet
  facet normal -3.856263e-15 -4.713967e-01 -8.819213e-01
    outer loop
      vertex   -2.024149e+01 -2.400845e+01 1.351483e+02
      vertex   -7.241487e+00 -2.348979e+01 1.348710e+02
      vertex   -7.241487e+00 -2.400845e+01 1.351483e+02
    endloop
  endfacet
  facet normal -4.184289e-15 -2.902847e-01 -9.569403e-01
    outer loop
      vertex   -2.024149e+01 -2.400845e+01 1.351483e+02
      vertex   -7.241487e+00 -2.400845e+01 1.351483e+02
      vertex   -2.024149e+01 -2.457123e+01 1.353190e+02
    endloop
  endfacet
  facet normal -4.184289e-15 -2.902847e-01 -9.569403e-01
    outer loop
      vertex   -2.024149e+01 -2.457123e+01 1.353190e+02
      vertex   -7.241487e+00 -2.400845e+01 1.351483e+02
      vertex   -7.241487e+00 -2.457123e+01 1.353190e+02
    endloop
  endfacet
  facet normal -4.351516e-15 -9.801714e-02 -9.951847e-01
    outer loop
      vertex   -2.024149e+01 -2.457123e+01 1.353190e+02
      vertex   -7.241487e+00 -2.457123e+01 1.353190e+02
      vertex   -7.241487e+00 -2.515650e+01 1.353766e+02
    endloop
  endfacet
  facet normal -1.101272e-15 -9.801714e-02 -9.951847e-01
    outer loop
      vertex   -7.241487e+00 -2.515650e+01 1.353766e+02
      vertex   -3.324149e+01 -2.515650e+01 1.353766e+02
      vertex   -2.024149e+01 -2.457123e+01 1.353190e+02
    endloop
  endfacet
  facet normal -0.000000e+00 -9.801714e-02 -9.951847e-01
    outer loop
      vertex   -2.024149e+01 -2.457123e+01 1.353190e+02
      vertex   -3.324149e+01 -2.515650e+01 1.353766e+02
      vertex   -3.324149e+01 -2.457123e+01 1.353190e+02
    endloop
  endfacet
  facet normal -0.000000e+00 -2.902847e-01 -9.569403e-01
    outer loop
      vertex   -2.024149e+01 -2.457123e+01 1.353190e+02
      vertex   -3.324149e+01 -2.457123e+01 1.353190e+02
      vertex   -2.024149e+01 -2.400845e+01 1.351483e+02
    endloop
  endfacet
  facet normal -0.000000e+00 -2.902847e-01 -9.569403e-01
    outer loop
      vertex   -2.024149e+01 -2.400845e+01 1.351483e+02
      vertex   -3.324149e+01 -2.457123e+01 1.353190e+02
      vertex   -3.324149e+01 -2.400845e+01 1.351483e+02
    endloop
  endfacet
  facet normal -0.000000e+00 -4.713967e-01 -8.819213e-01
    outer loop
      vertex   -2.024149e+01 -2.400845e+01 1.351483e+02
      vertex   -3.324149e+01 -2.400845e+01 1.351483e+02
      vertex   -2.024149e+01 -2.348979e+01 1.348710e+02
    endloop
  endfacet
  facet normal -1.928132e-15 -4.713967e-01 -8.819213e-01
    outer loop
      vertex   -2.024149e+01 -2.348979e+01 1.348710e+02
      vertex   -3.324149e+01 -2.400845e+01 1.351483e+02
      vertex   -3.324149e+01 -2.348979e+01 1.348710e+02
    endloop
  endfacet
  facet normal -1.690021e-15 -6.343933e-01 -7.730105e-01
    outer loop
      vertex   -2.024149e+01 -2.348979e+01 1.348710e+02
      vertex   -3.324149e+01 -2.348979e+01 1.348710e+02
      vertex   -2.024149e+01 -2.303518e+01 1.344980e+02
    endloop
  endfacet
  facet normal -1.690021e-15 -6.343933e-01 -7.730105e-01
    outer loop
      vertex   -2.024149e+01 -2.303518e+01 1.344980e+02
      vertex   -3.324149e+01 -2.348979e+01 1.348710e+02
      vertex   -3.324149e+01 -2.303518e+01 1.344980e+02
    endloop
  endfacet
  facet normal -1.386965e-15 -7.730105e-01 -6.343933e-01
    outer loop
      vertex   -2.024149e+01 -2.303518e+01 1.344980e+02
      vertex   -3.324149e+01 -2.303518e+01 1.344980e+02
      vertex   -2.024149e+01 -2.266209e+01 1.340433e+02
    endloop
  endfacet
  facet normal -1.598217e-15 -7.730105e-01 -6.343933e-01
    outer loop
      vertex   -2.024149e+01 -2.266209e+01 1.340433e+02
      vertex   -3.324149e+01 -2.303518e+01 1.344980e+02
      vertex   -3.324149e+01 -2.266209e+01 1.340433e+02
    endloop
  endfacet
  facet normal -1.271624e-15 -8.819213e-01 -4.713967e-01
    outer loop
      vertex   -2.024149e+01 -2.266209e+01 1.340433e+02
      vertex   -3.324149e+01 -2.266209e+01 1.340433e+02
      vertex   -2.024149e+01 -2.238486e+01 1.335247e+02
    endloop
  endfacet
  facet normal 7.230493e-16 -8.819213e-01 -4.713967e-01
    outer loop
      vertex   -2.024149e+01 -2.238486e+01 1.335247e+02
      vertex   -3.324149e+01 -2.266209e+01 1.340433e+02
      vertex   -3.324149e+01 -2.238486e+01 1.335247e+02
    endloop
  endfacet
  facet normal 7.845542e-16 -9.569403e-01 -2.902847e-01
    outer loop
      vertex   -2.024149e+01 -2.238486e+01 1.335247e+02
      vertex   -3.324149e+01 -2.238486e+01 1.335247e+02
      vertex   -2.024149e+01 -2.221414e+01 1.329619e+02
    endloop
  endfacet
  facet normal 5.230362e-16 -9.569403e-01 -2.902847e-01
    outer loop
      vertex   -2.024149e+01 -2.221414e+01 1.329619e+02
      vertex   -3.324149e+01 -2.238486e+01 1.335247e+02
      vertex   -3.324149e+01 -2.221414e+01 1.329619e+02
    endloop
  endfacet
  facet normal 5.439394e-16 -9.951847e-01 -9.801714e-02
    outer loop
      vertex   -2.024149e+01 -2.221414e+01 1.329619e+02
      vertex   -3.324149e+01 -2.221414e+01 1.329619e+02
      vertex   -3.324149e+01 -2.215650e+01 1.323766e+02
    endloop
  endfacet
  facet normal 9.914339e-01 -9.764772e-02 -8.673923e-02
    outer loop
      vertex   -3.644149e+01 -2.515650e+01 1.321766e+02
      vertex   -3.638384e+01 -2.457123e+01 1.321766e+02
      vertex   -3.639287e+01 -2.515650e+01 1.327323e+02
    endloop
  endfacet
  facet normal 9.914339e-01 -9.764772e-02 -8.673923e-02
    outer loop
      vertex   -3.639287e+01 -2.515650e+01 1.327323e+02
      vertex   -3.638384e+01 -2.457123e+01 1.321766e+02
      vertex   -3.633610e+01 -2.457123e+01 1.327223e+02
    endloop
  endfacet
  facet normal 9.613097e-01 -9.764772e-02 -2.575822e-01
    outer loop
      vertex   -3.639287e+01 -2.515650e+01 1.327323e+02
      vertex   -3.633610e+01 -2.457123e+01 1.327223e+02
      vertex   -3.624850e+01 -2.515650e+01 1.332711e+02
    endloop
  endfacet
  facet normal 9.613097e-01 -9.764772e-02 -2.575822e-01
    outer loop
      vertex   -3.624850e+01 -2.515650e+01 1.332711e+02
      vertex   -3.633610e+01 -2.457123e+01 1.327223e+02
      vertex   -3.619434e+01 -2.457123e+01 1.332514e+02
    endloop
  endfacet
  facet normal 9.019766e-01 -9.764772e-02 -4.205986e-01
    outer loop
      vertex   -3.624850e+01 -2.515650e+01 1.332711e+02
      vertex   -3.619434e+01 -2.457123e+01 1.332514e+02
      vertex   -3.601277e+01 -2.515650e+01 1.337766e+02
    endloop
  endfacet
  facet normal 9.019766e-01 -9.764772e-02 -4.205986e-01
    outer loop
      vertex   -3.601277e+01 -2.515650e+01 1.337766e+02
      vertex   -3.619434e+01 -2.457123e+01 1.332514e+02
      vertex   -3.596285e+01 -2.457123e+01 1.337478e+02
    endloop
  endfacet
  facet normal 8.152374e-01 -9.764772e-02 -5.708353e-01
    outer loop
      vertex   -3.601277e+01 -2.515650e+01 1.337766e+02
      vertex   -3.596285e+01 -2.457123e+01 1.337478e+02
      vertex   -3.569283e+01 -2.515650e+01 1.342336e+02
    endloop
  endfacet
  facet normal 8.152374e-01 -9.764772e-02 -5.708353e-01
    outer loop
      vertex   -3.569283e+01 -2.515650e+01 1.342336e+02
      vertex   -3.596285e+01 -2.457123e+01 1.337478e+02
      vertex   -3.564867e+01 -2.457123e+01 1.341965e+02
    endloop
  endfacet
  facet normal 7.037275e-01 -9.764772e-02 -7.037275e-01
    outer loop
      vertex   -3.569283e+01 -2.515650e+01 1.342336e+02
      vertex   -3.564867e+01 -2.457123e+01 1.341965e+02
      vertex   -3.529841e+01 -2.515650e+01 1.346280e+02
    endloop
  endfacet
  facet normal 7.037275e-01 -9.764772e-02 -7.037275e-01
    outer loop
      vertex   -3.529841e+01 -2.515650e+01 1.346280e+02
      vertex   -3.564867e+01 -2.457123e+01 1.341965e+02
      vertex   -3.526135e+01 -2.457123e+01 1.345838e+02
    endloop
  endfacet
  facet normal 5.708353e-01 -9.764772e-02 -8.152374e-01
    outer loop
      vertex   -3.529841e+01 -2.515650e+01 1.346280e+02
      vertex   -3.526135e+01 -2.457123e+01 1.345838e+02
      vertex   -3.484149e+01 -2.515650e+01 1.349479e+02
    endloop
  endfacet
  facet normal 5.708353e-01 -9.764772e-02 -8.152374e-01
    outer loop
      vertex   -3.484149e+01 -2.515650e+01 1.349479e+02
      vertex   -3.526135e+01 -2.457123e+01 1.345838e+02
      vertex   -3.481266e+01 -2.457123e+01 1.348980e+02
    endloop
  endfacet
  facet normal 4.205986e-01 -9.764772e-02 -9.019766e-01
    outer loop
      vertex   -3.484149e+01 -2.515650e+01 1.349479e+02
      vertex   -3.481266e+01 -2.457123e+01 1.348980e+02
      vertex   -3.433595e+01 -2.515650e+01 1.351837e+02
    endloop
  endfacet
  facet normal 4.205986e-01 -9.764772e-02 -9.019766e-01
    outer loop
      vertex   -3.433595e+01 -2.515650e+01 1.351837e+02
      vertex   -3.481266e+01 -2.457123e+01 1.348980e+02
      vertex   -3.431624e+01 -2.457123e+01 1.351295e+02
    endloop
  endfacet
  facet normal 2.575822e-01 -9.764772e-02 -9.613097e-01
    outer loop
      vertex   -3.433595e+01 -2.515650e+01 1.351837e+02
      vertex   -3.431624e+01 -2.457123e+01 1.351295e+02
      vertex   -3.379716e+01 -2.515650e+01 1.353280e+02
    endloop
  endfacet
  facet normal 2.575822e-01 -9.764772e-02 -9.613097e-01
    outer loop
      vertex   -3.379716e+01 -2.515650e+01 1.353280e+02
      vertex   -3.431624e+01 -2.457123e+01 1.351295e+02
      vertex   -3.378715e+01 -2.457123e+01 1.352713e+02
    endloop
  endfacet
  facet normal 8.673923e-02 -9.764772e-02 -9.914339e-01
    outer loop
      vertex   -3.379716e+01 -2.515650e+01 1.353280e+02
      vertex   -3.378715e+01 -2.457123e+01 1.352713e+02
      vertex   -3.324149e+01 -2.515650e+01 1.353766e+02
    endloop
  endfacet
  facet normal 8.673923e-02 -9.764772e-02 -9.914339e-01
    outer loop
      vertex   -3.324149e+01 -2.515650e+01 1.353766e+02
      vertex   -3.378715e+01 -2.457123e+01 1.352713e+02
      vertex   -3.324149e+01 -2.457123e+01 1.353190e+02
    endloop
  endfacet
  facet normal 8.342955e-02 -2.892727e-01 -9.536041e-01
    outer loop
      vertex   -3.324149e+01 -2.457123e+01 1.353190e+02
      vertex   -3.378715e+01 -2.457123e+01 1.352713e+02
      vertex   -3.375751e+01 -2.400845e+01 1.351031e+02
    endloop
  endfacet
  facet normal 8.342955e-02 -2.892727e-01 -9.536041e-01
    outer loop
      vertex   -3.324149e+01 -2.457123e+01 1.353190e+02
      vertex   -3.375751e+01 -2.400845e+01 1.351031e+02
      vertex   -3.324149e+01 -2.400845e+01 1.351483e+02
    endloop
  endfacet
  facet normal 7.692946e-02 -4.699998e-01 -8.793077e-01
    outer loop
      vertex   -3.324149e+01 -2.400845e+01 1.351483e+02
      vertex   -3.375751e+01 -2.400845e+01 1.351031e+02
      vertex   -3.370937e+01 -2.348979e+01 1.348301e+02
    endloop
  endfacet
  facet normal 7.692946e-02 -4.699998e-01 -8.793077e-01
    outer loop
      vertex   -3.324149e+01 -2.400845e+01 1.351483e+02
      vertex   -3.370937e+01 -2.348979e+01 1.348301e+02
      vertex   -3.324149e+01 -2.348979e+01 1.348710e+02
    endloop
  endfacet
  facet normal 6.747552e-02 -6.329475e-01 -7.712487e-01
    outer loop
      vertex   -3.324149e+01 -2.348979e+01 1.348710e+02
      vertex   -3.370937e+01 -2.348979e+01 1.348301e+02
      vertex   -3.364458e+01 -2.303518e+01 1.344627e+02
    endloop
  endfacet
  facet normal 6.747552e-02 -6.329475e-01 -7.712487e-01
    outer loop
      vertex   -3.324149e+01 -2.348979e+01 1.348710e+02
      vertex   -3.364458e+01 -2.303518e+01 1.344627e+02
      vertex   -3.324149e+01 -2.303518e+01 1.344980e+02
    endloop
  endfacet
  facet normal 5.541693e-02 -7.718226e-01 -6.334184e-01
    outer loop
      vertex   -3.324149e+01 -2.303518e+01 1.344980e+02
      vertex   -3.364458e+01 -2.303518e+01 1.344627e+02
      vertex   -3.356564e+01 -2.266209e+01 1.340150e+02
    endloop
  endfacet
  facet normal 5.541693e-02 -7.718226e-01 -6.334184e-01
    outer loop
      vertex   -3.324149e+01 -2.303518e+01 1.344980e+02
      vertex   -3.356564e+01 -2.266209e+01 1.340150e+02
      vertex   -3.324149e+01 -2.266209e+01 1.340433e+02
    endloop
  endfacet
  facet normal 4.120684e-02 -8.811722e-01 -4.709964e-01
    outer loop
      vertex   -3.324149e+01 -2.266209e+01 1.340433e+02
      vertex   -3.356564e+01 -2.266209e+01 1.340150e+02
      vertex   -3.347557e+01 -2.238486e+01 1.335042e+02
    endloop
  endfacet
  facet normal 4.120684e-02 -8.811722e-01 -4.709964e-01
    outer loop
      vertex   -3.324149e+01 -2.266209e+01 1.340433e+02
      vertex   -3.347557e+01 -2.238486e+01 1.335042e+02
      vertex   -3.324149e+01 -2.238486e+01 1.335247e+02
    endloop
  endfacet
  facet normal 2.538843e-02 -9.566319e-01 -2.901911e-01
    outer loop
      vertex   -3.324149e+01 -2.238486e+01 1.335247e+02
      vertex   -3.347557e+01 -2.238486e+01 1.335042e+02
      vertex   -3.337785e+01 -2.221414e+01 1.329500e+02
    endloop
  endfacet
  facet normal 2.538843e-02 -9.566319e-01 -2.901911e-01
    outer loop
      vertex   -3.324149e+01 -2.238486e+01 1.335247e+02
      vertex   -3.337785e+01 -2.221414e+01 1.329500e+02
      vertex   -3.324149e+01 -2.221414e+01 1.329619e+02
    endloop
  endfacet
  facet normal 8.575073e-03 -9.951481e-01 -9.801354e-02
    outer loop
      vertex   -3.324149e+01 -2.221414e+01 1.329619e+02
      vertex   -3.337785e+01 -2.221414e+01 1.329500e+02
      vertex   -3.324149e+01 -2.215650e+01 1.323766e+02
    endloop
  endfacet
  facet normal 1.277298e-02 -9.952004e-01 -9.702038e-02
    outer loop
      vertex   -3.324149e+01 -2.215650e+01 1.323766e+02
      vertex   -3.337785e+01 -2.221414e+01 1.329500e+02
      vertex   -3.329325e+01 -2.215650e+01 1.323698e+02
    endloop
  endfacet
  facet normal 2.549763e-02 -9.951355e-01 -9.515845e-02
    outer loop
      vertex   -3.329325e+01 -2.215650e+01 1.323698e+02
      vertex   -3.337785e+01 -2.221414e+01 1.329500e+02
      vertex   -3.351007e+01 -2.221414e+01 1.329145e+02
    endloop
  endfacet
  facet normal 3.744847e-02 -9.952004e-01 -9.040860e-02
    outer loop
      vertex   -3.329325e+01 -2.215650e+01 1.323698e+02
      vertex   -3.351007e+01 -2.221414e+01 1.329145e+02
      vertex   -3.334149e+01 -2.215650e+01 1.323498e+02
    endloop
  endfacet
  facet normal 4.158054e-02 -9.951481e-01 -8.916975e-02
    outer loop
      vertex   -3.334149e+01 -2.215650e+01 1.323498e+02
      vertex   -3.351007e+01 -2.221414e+01 1.329145e+02
      vertex   -3.363412e+01 -2.221414e+01 1.328567e+02
    endloop
  endfacet
  facet normal 5.643300e-02 -9.951481e-01 -8.059468e-02
    outer loop
      vertex   -3.334149e+01 -2.215650e+01 1.323498e+02
      vertex   -3.363412e+01 -2.221414e+01 1.328567e+02
      vertex   -3.374625e+01 -2.221414e+01 1.327782e+02
    endloop
  endfacet
  facet normal 1.670826e-01 -9.566319e-01 -2.386187e-01
    outer loop
      vertex   -3.374625e+01 -2.221414e+01 1.327782e+02
      vertex   -3.363412e+01 -2.221414e+01 1.328567e+02
      vertex   -3.391551e+01 -2.238486e+01 1.333441e+02
    endloop
  endfacet
  facet normal 1.670826e-01 -9.566319e-01 -2.386187e-01
    outer loop
      vertex   -3.374625e+01 -2.221414e+01 1.327782e+02
      vertex   -3.391551e+01 -2.238486e+01 1.333441e+02
      vertex   -3.410800e+01 -2.238486e+01 1.332093e+02
    endloop
  endfacet
  facet normal 2.711843e-01 -8.811722e-01 -3.872914e-01
    outer loop
      vertex   -3.410800e+01 -2.238486e+01 1.332093e+02
      vertex   -3.391551e+01 -2.238486e+01 1.333441e+02
      vertex   -3.417484e+01 -2.266209e+01 1.337933e+02
    endloop
  endfacet
  facet normal 2.711843e-01 -8.811722e-01 -3.872914e-01
    outer loop
      vertex   -3.410800e+01 -2.238486e+01 1.332093e+02
      vertex   -3.417484e+01 -2.266209e+01 1.337933e+02
      vertex   -3.444139e+01 -2.266209e+01 1.336066e+02
    endloop
  endfacet
  facet normal 3.647017e-01 -7.718226e-01 -5.208480e-01
    outer loop
      vertex   -3.444139e+01 -2.266209e+01 1.336066e+02
      vertex   -3.417484e+01 -2.266209e+01 1.337933e+02
      vertex   -3.440215e+01 -2.303518e+01 1.341870e+02
    endloop
  endfacet
  facet normal 3.647017e-01 -7.718226e-01 -5.208480e-01
    outer loop
      vertex   -3.444139e+01 -2.266209e+01 1.336066e+02
      vertex   -3.440215e+01 -2.303518e+01 1.341870e+02
      vertex   -3.473360e+01 -2.303518e+01 1.339549e+02
    endloop
  endfacet
  facet normal 4.440599e-01 -6.329475e-01 -6.341832e-01
    outer loop
      vertex   -3.473360e+01 -2.303518e+01 1.339549e+02
      vertex   -3.440215e+01 -2.303518e+01 1.341870e+02
      vertex   -3.458869e+01 -2.348979e+01 1.345101e+02
    endloop
  endfacet
  facet normal 4.440599e-01 -6.329475e-01 -6.341832e-01
    outer loop
      vertex   -3.473360e+01 -2.303518e+01 1.339549e+02
      vertex   -3.458869e+01 -2.348979e+01 1.345101e+02
      vertex   -3.497342e+01 -2.348979e+01 1.342407e+02
    endloop
  endfacet
  facet normal 5.062767e-01 -4.699998e-01 -7.230381e-01
    outer loop
      vertex   -3.497342e+01 -2.348979e+01 1.342407e+02
      vertex   -3.458869e+01 -2.348979e+01 1.345101e+02
      vertex   -3.472731e+01 -2.400845e+01 1.347501e+02
    endloop
  endfacet
  facet normal 5.062767e-01 -4.699998e-01 -7.230381e-01
    outer loop
      vertex   -3.497342e+01 -2.348979e+01 1.342407e+02
      vertex   -3.472731e+01 -2.400845e+01 1.347501e+02
      vertex   -3.515162e+01 -2.400845e+01 1.344530e+02
    endloop
  endfacet
  facet normal 5.490542e-01 -2.892727e-01 -7.841306e-01
    outer loop
      vertex   -3.515162e+01 -2.400845e+01 1.344530e+02
      vertex   -3.472731e+01 -2.400845e+01 1.347501e+02
      vertex   -3.481266e+01 -2.457123e+01 1.348980e+02
    endloop
  endfacet
  facet normal 5.490542e-01 -2.892727e-01 -7.841306e-01
    outer loop
      vertex   -3.515162e+01 -2.400845e+01 1.344530e+02
      vertex   -3.481266e+01 -2.457123e+01 1.348980e+02
      vertex   -3.526135e+01 -2.457123e+01 1.345838e+02
    endloop
  endfacet
  facet normal 9.536041e-01 -2.892727e-01 -8.342955e-02
    outer loop
      vertex   -3.638384e+01 -2.457123e+01 1.321766e+02
      vertex   -3.621313e+01 -2.400845e+01 1.321766e+02
      vertex   -3.633610e+01 -2.457123e+01 1.327223e+02
    endloop
  endfacet
  facet normal 9.536041e-01 -2.892727e-01 -8.342955e-02
    outer loop
      vertex   -3.633610e+01 -2.457123e+01 1.327223e+02
      vertex   -3.621313e+01 -2.400845e+01 1.321766e+02
      vertex   -3.616798e+01 -2.400845e+01 1.326927e+02
    endloop
  endfacet
  facet normal 9.246294e-01 -2.892727e-01 -2.477537e-01
    outer loop
      vertex   -3.633610e+01 -2.457123e+01 1.327223e+02
      vertex   -3.616798e+01 -2.400845e+01 1.326927e+02
      vertex   -3.619434e+01 -2.457123e+01 1.332514e+02
    endloop
  endfacet
  facet normal 9.246294e-01 -2.892727e-01 -2.477537e-01
    outer loop
      vertex   -3.619434e+01 -2.457123e+01 1.332514e+02
      vertex   -3.616798e+01 -2.400845e+01 1.326927e+02
      vertex   -3.603391e+01 -2.400845e+01 1.331930e+02
    endloop
  endfacet
  facet normal 8.675602e-01 -2.892727e-01 -4.045500e-01
    outer loop
      vertex   -3.619434e+01 -2.457123e+01 1.332514e+02
      vertex   -3.603391e+01 -2.400845e+01 1.331930e+02
      vertex   -3.596285e+01 -2.457123e+01 1.337478e+02
    endloop
  endfacet
  facet normal 8.675602e-01 -2.892727e-01 -4.045500e-01
    outer loop
      vertex   -3.596285e+01 -2.457123e+01 1.337478e+02
      vertex   -3.603391e+01 -2.400845e+01 1.331930e+02
      vertex   -3.581500e+01 -2.400845e+01 1.336625e+02
    endloop
  endfacet
  facet normal 7.841306e-01 -2.892727e-01 -5.490542e-01
    outer loop
      vertex   -3.596285e+01 -2.457123e+01 1.337478e+02
      vertex   -3.581500e+01 -2.400845e+01 1.336625e+02
      vertex   -3.564867e+01 -2.457123e+01 1.341965e+02
    endloop
  endfacet
  facet normal 7.841306e-01 -2.892727e-01 -5.490542e-01
    outer loop
      vertex   -3.564867e+01 -2.457123e+01 1.341965e+02
      vertex   -3.581500e+01 -2.400845e+01 1.336625e+02
      vertex   -3.551789e+01 -2.400845e+01 1.340868e+02
    endloop
  endfacet
  facet normal 6.768757e-01 -2.892727e-01 -6.768757e-01
    outer loop
      vertex   -3.564867e+01 -2.457123e+01 1.341965e+02
      vertex   -3.551789e+01 -2.400845e+01 1.340868e+02
      vertex   -3.526135e+01 -2.457123e+01 1.345838e+02
    endloop
  endfacet
  facet normal 6.768757e-01 -2.892727e-01 -6.768757e-01
    outer loop
      vertex   -3.526135e+01 -2.457123e+01 1.345838e+02
      vertex   -3.551789e+01 -2.400845e+01 1.340868e+02
      vertex   -3.515162e+01 -2.400845e+01 1.344530e+02
    endloop
  endfacet
  facet normal 8.793077e-01 -4.699998e-01 -7.692946e-02
    outer loop
      vertex   -3.621313e+01 -2.400845e+01 1.321766e+02
      vertex   -3.593590e+01 -2.348979e+01 1.321766e+02
      vertex   -3.616798e+01 -2.400845e+01 1.326927e+02
    endloop
  endfacet
  facet normal 8.793077e-01 -4.699998e-01 -7.692946e-02
    outer loop
      vertex   -3.616798e+01 -2.400845e+01 1.326927e+02
      vertex   -3.593590e+01 -2.348979e+01 1.321766e+02
      vertex   -3.589496e+01 -2.348979e+01 1.326445e+02
    endloop
  endfacet
  facet normal 8.525904e-01 -4.699998e-01 -2.284509e-01
    outer loop
      vertex   -3.616798e+01 -2.400845e+01 1.326927e+02
      vertex   -3.589496e+01 -2.348979e+01 1.326445e+02
      vertex   -3.603391e+01 -2.400845e+01 1.331930e+02
    endloop
  endfacet
  facet normal 8.525904e-01 -4.699998e-01 -2.284509e-01
    outer loop
      vertex   -3.603391e+01 -2.400845e+01 1.331930e+02
      vertex   -3.589496e+01 -2.348979e+01 1.326445e+02
      vertex   -3.577340e+01 -2.348979e+01 1.330982e+02
    endloop
  endfacet
  facet normal 7.999676e-01 -4.699998e-01 -3.730310e-01
    outer loop
      vertex   -3.603391e+01 -2.400845e+01 1.331930e+02
      vertex   -3.577340e+01 -2.348979e+01 1.330982e+02
      vertex   -3.581500e+01 -2.400845e+01 1.336625e+02
    endloop
  endfacet
  facet normal 7.999676e-01 -4.699998e-01 -3.730310e-01
    outer loop
      vertex   -3.581500e+01 -2.400845e+01 1.336625e+02
      vertex   -3.577340e+01 -2.348979e+01 1.330982e+02
      vertex   -3.557491e+01 -2.348979e+01 1.335238e+02
    endloop
  endfacet
  facet normal 7.230381e-01 -4.699998e-01 -5.062767e-01
    outer loop
      vertex   -3.581500e+01 -2.400845e+01 1.336625e+02
      vertex   -3.557491e+01 -2.348979e+01 1.335238e+02
      vertex   -3.551789e+01 -2.400845e+01 1.340868e+02
    endloop
  endfacet
  facet normal 7.230381e-01 -4.699998e-01 -5.062767e-01
    outer loop
      vertex   -3.551789e+01 -2.400845e+01 1.340868e+02
      vertex   -3.557491e+01 -2.348979e+01 1.335238e+02
      vertex   -3.530552e+01 -2.348979e+01 1.339086e+02
    endloop
  endfacet
  facet normal 6.241395e-01 -4.699998e-01 -6.241395e-01
    outer loop
      vertex   -3.551789e+01 -2.400845e+01 1.340868e+02
      vertex   -3.530552e+01 -2.348979e+01 1.339086e+02
      vertex   -3.515162e+01 -2.400845e+01 1.344530e+02
    endloop
  endfacet
  facet normal 6.241395e-01 -4.699998e-01 -6.241395e-01
    outer loop
      vertex   -3.515162e+01 -2.400845e+01 1.344530e+02
      vertex   -3.530552e+01 -2.348979e+01 1.339086e+02
      vertex   -3.497342e+01 -2.348979e+01 1.342407e+02
    endloop
  endfacet
  facet normal 7.712487e-01 -6.329475e-01 -6.747552e-02
    outer loop
      vertex   -3.593590e+01 -2.348979e+01 1.321766e+02
      vertex   -3.556281e+01 -2.303518e+01 1.321766e+02
      vertex   -3.589496e+01 -2.348979e+01 1.326445e+02
    endloop
  endfacet
  facet normal 7.712487e-01 -6.329475e-01 -6.747552e-02
    outer loop
      vertex   -3.589496e+01 -2.348979e+01 1.326445e+02
      vertex   -3.556281e+01 -2.303518e+01 1.321766e+02
      vertex   -3.552754e+01 -2.303518e+01 1.325797e+02
    endloop
  endfacet
  facet normal 7.478147e-01 -6.329475e-01 -2.003763e-01
    outer loop
      vertex   -3.589496e+01 -2.348979e+01 1.326445e+02
      vertex   -3.552754e+01 -2.303518e+01 1.325797e+02
      vertex   -3.577340e+01 -2.348979e+01 1.330982e+02
    endloop
  endfacet
  facet normal 7.478147e-01 -6.329475e-01 -2.003763e-01
    outer loop
      vertex   -3.577340e+01 -2.348979e+01 1.330982e+02
      vertex   -3.552754e+01 -2.303518e+01 1.325797e+02
      vertex   -3.542281e+01 -2.303518e+01 1.329706e+02
    endloop
  endfacet
  facet normal 7.016587e-01 -6.329475e-01 -3.271888e-01
    outer loop
      vertex   -3.577340e+01 -2.348979e+01 1.330982e+02
      vertex   -3.542281e+01 -2.303518e+01 1.329706e+02
      vertex   -3.557491e+01 -2.348979e+01 1.335238e+02
    endloop
  endfacet
  facet normal 7.016587e-01 -6.329475e-01 -3.271888e-01
    outer loop
      vertex   -3.557491e+01 -2.348979e+01 1.335238e+02
      vertex   -3.542281e+01 -2.303518e+01 1.329706e+02
      vertex   -3.525181e+01 -2.303518e+01 1.333373e+02
    endloop
  endfacet
  facet normal 6.341832e-01 -6.329475e-01 -4.440599e-01
    outer loop
      vertex   -3.557491e+01 -2.348979e+01 1.335238e+02
      vertex   -3.525181e+01 -2.303518e+01 1.333373e+02
      vertex   -3.530552e+01 -2.348979e+01 1.339086e+02
    endloop
  endfacet
  facet normal 6.341832e-01 -6.329475e-01 -4.440599e-01
    outer loop
      vertex   -3.530552e+01 -2.348979e+01 1.339086e+02
      vertex   -3.525181e+01 -2.303518e+01 1.333373e+02
      vertex   -3.501972e+01 -2.303518e+01 1.336688e+02
    endloop
  endfacet
  facet normal 5.474384e-01 -6.329475e-01 -5.474384e-01
    outer loop
      vertex   -3.530552e+01 -2.348979e+01 1.339086e+02
      vertex   -3.501972e+01 -2.303518e+01 1.336688e+02
      vertex   -3.497342e+01 -2.348979e+01 1.342407e+02
    endloop
  endfacet
  facet normal 5.474384e-01 -6.329475e-01 -5.474384e-01
    outer loop
      vertex   -3.497342e+01 -2.348979e+01 1.342407e+02
      vertex   -3.501972e+01 -2.303518e+01 1.336688e+02
      vertex   -3.473360e+01 -2.303518e+01 1.339549e+02
    endloop
  endfacet
  facet normal 6.334184e-01 -7.718226e-01 -5.541693e-02
    outer loop
      vertex   -3.556281e+01 -2.303518e+01 1.321766e+02
      vertex   -3.510820e+01 -2.266209e+01 1.321766e+02
      vertex   -3.552754e+01 -2.303518e+01 1.325797e+02
    endloop
  endfacet
  facet normal 6.334184e-01 -7.718226e-01 -5.541693e-02
    outer loop
      vertex   -3.552754e+01 -2.303518e+01 1.325797e+02
      vertex   -3.510820e+01 -2.266209e+01 1.321766e+02
      vertex   -3.507984e+01 -2.266209e+01 1.325008e+02
    endloop
  endfacet
  facet normal 6.141723e-01 -7.718226e-01 -1.645670e-01
    outer loop
      vertex   -3.552754e+01 -2.303518e+01 1.325797e+02
      vertex   -3.507984e+01 -2.266209e+01 1.325008e+02
      vertex   -3.542281e+01 -2.303518e+01 1.329706e+02
    endloop
  endfacet
  facet normal 6.141723e-01 -7.718226e-01 -1.645670e-01
    outer loop
      vertex   -3.542281e+01 -2.303518e+01 1.329706e+02
      vertex   -3.507984e+01 -2.266209e+01 1.325008e+02
      vertex   -3.499562e+01 -2.266209e+01 1.328151e+02
    endloop
  endfacet
  facet normal 5.762649e-01 -7.718226e-01 -2.687167e-01
    outer loop
      vertex   -3.542281e+01 -2.303518e+01 1.329706e+02
      vertex   -3.499562e+01 -2.266209e+01 1.328151e+02
      vertex   -3.525181e+01 -2.303518e+01 1.333373e+02
    endloop
  endfacet
  facet normal 5.762649e-01 -7.718226e-01 -2.687167e-01
    outer loop
      vertex   -3.525181e+01 -2.303518e+01 1.333373e+02
      vertex   -3.499562e+01 -2.266209e+01 1.328151e+02
      vertex   -3.485811e+01 -2.266209e+01 1.331100e+02
    endloop
  endfacet
  facet normal 5.208480e-01 -7.718226e-01 -3.647017e-01
    outer loop
      vertex   -3.525181e+01 -2.303518e+01 1.333373e+02
      vertex   -3.485811e+01 -2.266209e+01 1.331100e+02
      vertex   -3.501972e+01 -2.303518e+01 1.336688e+02
    endloop
  endfacet
  facet normal 5.208480e-01 -7.718226e-01 -3.647017e-01
    outer loop
      vertex   -3.501972e+01 -2.303518e+01 1.336688e+02
      vertex   -3.485811e+01 -2.266209e+01 1.331100e+02
      vertex   -3.467147e+01 -2.266209e+01 1.333765e+02
    endloop
  endfacet
  facet normal 4.496053e-01 -7.718226e-01 -4.496053e-01
    outer loop
      vertex   -3.501972e+01 -2.303518e+01 1.336688e+02
      vertex   -3.467147e+01 -2.266209e+01 1.333765e+02
      vertex   -3.473360e+01 -2.303518e+01 1.339549e+02
    endloop
  endfacet
  facet normal 4.496053e-01 -7.718226e-01 -4.496053e-01
    outer loop
      vertex   -3.473360e+01 -2.303518e+01 1.339549e+02
      vertex   -3.467147e+01 -2.266209e+01 1.333765e+02
      vertex   -3.444139e+01 -2.266209e+01 1.336066e+02
    endloop
  endfacet
  facet normal 4.709964e-01 -8.811722e-01 -4.120684e-02
    outer loop
      vertex   -3.510820e+01 -2.266209e+01 1.321766e+02
      vertex   -3.458954e+01 -2.238486e+01 1.321766e+02
      vertex   -3.507984e+01 -2.266209e+01 1.325008e+02
    endloop
  endfacet
  facet normal 4.709964e-01 -8.811722e-01 -4.120684e-02
    outer loop
      vertex   -3.507984e+01 -2.266209e+01 1.325008e+02
      vertex   -3.458954e+01 -2.238486e+01 1.321766e+02
      vertex   -3.456906e+01 -2.238486e+01 1.324107e+02
    endloop
  endfacet
  facet normal 4.566854e-01 -8.811722e-01 -1.223685e-01
    outer loop
      vertex   -3.507984e+01 -2.266209e+01 1.325008e+02
      vertex   -3.456906e+01 -2.238486e+01 1.324107e+02
      vertex   -3.499562e+01 -2.266209e+01 1.328151e+02
    endloop
  endfacet
  facet normal 4.566854e-01 -8.811722e-01 -1.223685e-01
    outer loop
      vertex   -3.499562e+01 -2.266209e+01 1.328151e+02
      vertex   -3.456906e+01 -2.238486e+01 1.324107e+02
      vertex   -3.450824e+01 -2.238486e+01 1.326377e+02
    endloop
  endfacet
  facet normal 4.284982e-01 -8.811722e-01 -1.998120e-01
    outer loop
      vertex   -3.499562e+01 -2.266209e+01 1.328151e+02
      vertex   -3.450824e+01 -2.238486e+01 1.326377e+02
      vertex   -3.485811e+01 -2.266209e+01 1.331100e+02
    endloop
  endfacet
  facet normal 4.284982e-01 -8.811722e-01 -1.998120e-01
    outer loop
      vertex   -3.485811e+01 -2.266209e+01 1.331100e+02
      vertex   -3.450824e+01 -2.238486e+01 1.326377e+02
      vertex   -3.440893e+01 -2.238486e+01 1.328507e+02
    endloop
  endfacet
  facet normal 3.872914e-01 -8.811722e-01 -2.711843e-01
    outer loop
      vertex   -3.485811e+01 -2.266209e+01 1.331100e+02
      vertex   -3.440893e+01 -2.238486e+01 1.328507e+02
      vertex   -3.467147e+01 -2.266209e+01 1.333765e+02
    endloop
  endfacet
  facet normal 3.872914e-01 -8.811722e-01 -2.711843e-01
    outer loop
      vertex   -3.467147e+01 -2.266209e+01 1.333765e+02
      vertex   -3.440893e+01 -2.238486e+01 1.328507e+02
      vertex   -3.427415e+01 -2.238486e+01 1.330431e+02
    endloop
  endfacet
  facet normal 3.343169e-01 -8.811722e-01 -3.343169e-01
    outer loop
      vertex   -3.467147e+01 -2.266209e+01 1.333765e+02
      vertex   -3.427415e+01 -2.238486e+01 1.330431e+02
      vertex   -3.444139e+01 -2.266209e+01 1.336066e+02
    endloop
  endfacet
  facet normal 3.343169e-01 -8.811722e-01 -3.343169e-01
    outer loop
      vertex   -3.444139e+01 -2.266209e+01 1.336066e+02
      vertex   -3.427415e+01 -2.238486e+01 1.330431e+02
      vertex   -3.410800e+01 -2.238486e+01 1.332093e+02
    endloop
  endfacet
  facet normal 2.901911e-01 -9.566319e-01 -2.538843e-02
    outer loop
      vertex   -3.458954e+01 -2.238486e+01 1.321766e+02
      vertex   -3.402676e+01 -2.221414e+01 1.321766e+02
      vertex   -3.456906e+01 -2.238486e+01 1.324107e+02
    endloop
  endfacet
  facet normal 2.901911e-01 -9.566319e-01 -2.538843e-02
    outer loop
      vertex   -3.456906e+01 -2.238486e+01 1.324107e+02
      vertex   -3.402676e+01 -2.221414e+01 1.321766e+02
      vertex   -3.401483e+01 -2.221414e+01 1.323130e+02
    endloop
  endfacet
  facet normal 2.813738e-01 -9.566319e-01 -7.539388e-02
    outer loop
      vertex   -3.456906e+01 -2.238486e+01 1.324107e+02
      vertex   -3.401483e+01 -2.221414e+01 1.323130e+02
      vertex   -3.450824e+01 -2.238486e+01 1.326377e+02
    endloop
  endfacet
  facet normal 2.813738e-01 -9.566319e-01 -7.539388e-02
    outer loop
      vertex   -3.450824e+01 -2.238486e+01 1.326377e+02
      vertex   -3.401483e+01 -2.221414e+01 1.323130e+02
      vertex   -3.397940e+01 -2.221414e+01 1.324452e+02
    endloop
  endfacet
  facet normal 2.640071e-01 -9.566319e-01 -1.231085e-01
    outer loop
      vertex   -3.450824e+01 -2.238486e+01 1.326377e+02
      vertex   -3.397940e+01 -2.221414e+01 1.324452e+02
      vertex   -3.440893e+01 -2.238486e+01 1.328507e+02
    endloop
  endfacet
  facet normal 2.640071e-01 -9.566319e-01 -1.231085e-01
    outer loop
      vertex   -3.440893e+01 -2.238486e+01 1.328507e+02
      vertex   -3.397940e+01 -2.221414e+01 1.324452e+02
      vertex   -3.392155e+01 -2.221414e+01 1.325693e+02
    endloop
  endfacet
  facet normal 2.386187e-01 -9.566319e-01 -1.670826e-01
    outer loop
      vertex   -3.440893e+01 -2.238486e+01 1.328507e+02
      vertex   -3.392155e+01 -2.221414e+01 1.325693e+02
      vertex   -3.427415e+01 -2.238486e+01 1.330431e+02
    endloop
  endfacet
  facet normal 2.386187e-01 -9.566319e-01 -1.670826e-01
    outer loop
      vertex   -3.427415e+01 -2.238486e+01 1.330431e+02
      vertex   -3.392155e+01 -2.221414e+01 1.325693e+02
      vertex   -3.384304e+01 -2.221414e+01 1.326814e+02
    endloop
  endfacet
  facet normal 2.059799e-01 -9.566319e-01 -2.059799e-01
    outer loop
      vertex   -3.427415e+01 -2.238486e+01 1.330431e+02
      vertex   -3.384304e+01 -2.221414e+01 1.326814e+02
      vertex   -3.410800e+01 -2.238486e+01 1.332093e+02
    endloop
  endfacet
  facet normal 2.059799e-01 -9.566319e-01 -2.059799e-01
    outer loop
      vertex   -3.410800e+01 -2.238486e+01 1.332093e+02
      vertex   -3.384304e+01 -2.221414e+01 1.326814e+02
      vertex   -3.374625e+01 -2.221414e+01 1.327782e+02
    endloop
  endfacet
  facet normal 9.801354e-02 -9.951481e-01 -8.575073e-03
    outer loop
      vertex   -3.402676e+01 -2.221414e+01 1.321766e+02
      vertex   -3.344149e+01 -2.215650e+01 1.321766e+02
      vertex   -3.401483e+01 -2.221414e+01 1.323130e+02
    endloop
  endfacet
  facet normal 9.702038e-02 -9.952004e-01 -1.277298e-02
    outer loop
      vertex   -3.401483e+01 -2.221414e+01 1.323130e+02
      vertex   -3.344149e+01 -2.215650e+01 1.321766e+02
      vertex   -3.343467e+01 -2.215650e+01 1.322284e+02
    endloop
  endfacet
  facet normal 9.515845e-02 -9.951355e-01 -2.549763e-02
    outer loop
      vertex   -3.401483e+01 -2.221414e+01 1.323130e+02
      vertex   -3.343467e+01 -2.215650e+01 1.322284e+02
      vertex   -3.397940e+01 -2.221414e+01 1.324452e+02
    endloop
  endfacet
  facet normal 9.040860e-02 -9.952004e-01 -3.744847e-02
    outer loop
      vertex   -3.397940e+01 -2.221414e+01 1.324452e+02
      vertex   -3.343467e+01 -2.215650e+01 1.322284e+02
      vertex   -3.341469e+01 -2.215650e+01 1.322766e+02
    endloop
  endfacet
  facet normal 8.916975e-02 -9.951481e-01 -4.158054e-02
    outer loop
      vertex   -3.397940e+01 -2.221414e+01 1.324452e+02
      vertex   -3.341469e+01 -2.215650e+01 1.322766e+02
      vertex   -3.392155e+01 -2.221414e+01 1.325693e+02
    endloop
  endfacet
  facet normal 8.059468e-02 -9.951481e-01 -5.643300e-02
    outer loop
      vertex   -3.392155e+01 -2.221414e+01 1.325693e+02
      vertex   -3.341469e+01 -2.215650e+01 1.322766e+02
      vertex   -3.384304e+01 -2.221414e+01 1.326814e+02
    endloop
  endfacet
  facet normal 7.763563e-02 -9.952004e-01 -5.957191e-02
    outer loop
      vertex   -3.341469e+01 -2.215650e+01 1.322766e+02
      vertex   -3.338291e+01 -2.215650e+01 1.323181e+02
      vertex   -3.384304e+01 -2.221414e+01 1.326814e+02
    endloop
  endfacet
  facet normal 6.966082e-02 -9.951355e-01 -6.966082e-02
    outer loop
      vertex   -3.384304e+01 -2.221414e+01 1.326814e+02
      vertex   -3.338291e+01 -2.215650e+01 1.323181e+02
      vertex   -3.374625e+01 -2.221414e+01 1.327782e+02
    endloop
  endfacet
  facet normal 5.957191e-02 -9.952004e-01 -7.763563e-02
    outer loop
      vertex   -3.338291e+01 -2.215650e+01 1.323181e+02
      vertex   -3.334149e+01 -2.215650e+01 1.323498e+02
      vertex   -3.374625e+01 -2.221414e+01 1.327782e+02
    endloop
  endfacet
  facet normal 1.231085e-01 -9.566319e-01 -2.640071e-01
    outer loop
      vertex   -3.391551e+01 -2.238486e+01 1.333441e+02
      vertex   -3.363412e+01 -2.221414e+01 1.328567e+02
      vertex   -3.370255e+01 -2.238486e+01 1.334434e+02
    endloop
  endfacet
  facet normal 1.231085e-01 -9.566319e-01 -2.640071e-01
    outer loop
      vertex   -3.370255e+01 -2.238486e+01 1.334434e+02
      vertex   -3.363412e+01 -2.221414e+01 1.328567e+02
      vertex   -3.351007e+01 -2.221414e+01 1.329145e+02
    endloop
  endfacet
  facet normal 7.539388e-02 -9.566319e-01 -2.813738e-01
    outer loop
      vertex   -3.370255e+01 -2.238486e+01 1.334434e+02
      vertex   -3.351007e+01 -2.221414e+01 1.329145e+02
      vertex   -3.347557e+01 -2.238486e+01 1.335042e+02
    endloop
  endfacet
  facet normal 7.539388e-02 -9.566319e-01 -2.813738e-01
    outer loop
      vertex   -3.347557e+01 -2.238486e+01 1.335042e+02
      vertex   -3.351007e+01 -2.221414e+01 1.329145e+02
      vertex   -3.337785e+01 -2.221414e+01 1.329500e+02
    endloop
  endfacet
  facet normal 1.998120e-01 -8.811722e-01 -4.284982e-01
    outer loop
      vertex   -3.417484e+01 -2.266209e+01 1.337933e+02
      vertex   -3.391551e+01 -2.238486e+01 1.333441e+02
      vertex   -3.387994e+01 -2.266209e+01 1.339308e+02
    endloop
  endfacet
  facet normal 1.998120e-01 -8.811722e-01 -4.284982e-01
    outer loop
      vertex   -3.387994e+01 -2.266209e+01 1.339308e+02
      vertex   -3.391551e+01 -2.238486e+01 1.333441e+02
      vertex   -3.370255e+01 -2.238486e+01 1.334434e+02
    endloop
  endfacet
  facet normal 1.223685e-01 -8.811722e-01 -4.566854e-01
    outer loop
      vertex   -3.387994e+01 -2.266209e+01 1.339308e+02
      vertex   -3.370255e+01 -2.238486e+01 1.334434e+02
      vertex   -3.356564e+01 -2.266209e+01 1.340150e+02
    endloop
  endfacet
  facet normal 1.223685e-01 -8.811722e-01 -4.566854e-01
    outer loop
      vertex   -3.356564e+01 -2.266209e+01 1.340150e+02
      vertex   -3.370255e+01 -2.238486e+01 1.334434e+02
      vertex   -3.347557e+01 -2.238486e+01 1.335042e+02
    endloop
  endfacet
  facet normal 2.687167e-01 -7.718226e-01 -5.762649e-01
    outer loop
      vertex   -3.440215e+01 -2.303518e+01 1.341870e+02
      vertex   -3.417484e+01 -2.266209e+01 1.337933e+02
      vertex   -3.403542e+01 -2.303518e+01 1.343580e+02
    endloop
  endfacet
  facet normal 2.687167e-01 -7.718226e-01 -5.762649e-01
    outer loop
      vertex   -3.403542e+01 -2.303518e+01 1.343580e+02
      vertex   -3.417484e+01 -2.266209e+01 1.337933e+02
      vertex   -3.387994e+01 -2.266209e+01 1.339308e+02
    endloop
  endfacet
  facet normal 1.645670e-01 -7.718226e-01 -6.141723e-01
    outer loop
      vertex   -3.403542e+01 -2.303518e+01 1.343580e+02
      vertex   -3.387994e+01 -2.266209e+01 1.339308e+02
      vertex   -3.364458e+01 -2.303518e+01 1.344627e+02
    endloop
  endfacet
  facet normal 1.645670e-01 -7.718226e-01 -6.141723e-01
    outer loop
      vertex   -3.364458e+01 -2.303518e+01 1.344627e+02
      vertex   -3.387994e+01 -2.266209e+01 1.339308e+02
      vertex   -3.356564e+01 -2.266209e+01 1.340150e+02
    endloop
  endfacet
  facet normal 3.271888e-01 -6.329475e-01 -7.016587e-01
    outer loop
      vertex   -3.458869e+01 -2.348979e+01 1.345101e+02
      vertex   -3.440215e+01 -2.303518e+01 1.341870e+02
      vertex   -3.416303e+01 -2.348979e+01 1.347086e+02
    endloop
  endfacet
  facet normal 3.271888e-01 -6.329475e-01 -7.016587e-01
    outer loop
      vertex   -3.416303e+01 -2.348979e+01 1.347086e+02
      vertex   -3.440215e+01 -2.303518e+01 1.341870e+02
      vertex   -3.403542e+01 -2.303518e+01 1.343580e+02
    endloop
  endfacet
  facet normal 2.003763e-01 -6.329475e-01 -7.478147e-01
    outer loop
      vertex   -3.416303e+01 -2.348979e+01 1.347086e+02
      vertex   -3.403542e+01 -2.303518e+01 1.343580e+02
      vertex   -3.370937e+01 -2.348979e+01 1.348301e+02
    endloop
  endfacet
  facet normal 2.003763e-01 -6.329475e-01 -7.478147e-01
    outer loop
      vertex   -3.370937e+01 -2.348979e+01 1.348301e+02
      vertex   -3.403542e+01 -2.303518e+01 1.343580e+02
      vertex   -3.364458e+01 -2.303518e+01 1.344627e+02
    endloop
  endfacet
  facet normal 3.730310e-01 -4.699998e-01 -7.999676e-01
    outer loop
      vertex   -3.472731e+01 -2.400845e+01 1.347501e+02
      vertex   -3.458869e+01 -2.348979e+01 1.345101e+02
      vertex   -3.425785e+01 -2.400845e+01 1.349691e+02
    endloop
  endfacet
  facet normal 3.730310e-01 -4.699998e-01 -7.999676e-01
    outer loop
      vertex   -3.425785e+01 -2.400845e+01 1.349691e+02
      vertex   -3.458869e+01 -2.348979e+01 1.345101e+02
      vertex   -3.416303e+01 -2.348979e+01 1.347086e+02
    endloop
  endfacet
  facet normal 2.284509e-01 -4.699998e-01 -8.525904e-01
    outer loop
      vertex   -3.425785e+01 -2.400845e+01 1.349691e+02
      vertex   -3.416303e+01 -2.348979e+01 1.347086e+02
      vertex   -3.375751e+01 -2.400845e+01 1.351031e+02
    endloop
  endfacet
  facet normal 2.284509e-01 -4.699998e-01 -8.525904e-01
    outer loop
      vertex   -3.375751e+01 -2.400845e+01 1.351031e+02
      vertex   -3.416303e+01 -2.348979e+01 1.347086e+02
      vertex   -3.370937e+01 -2.348979e+01 1.348301e+02
    endloop
  endfacet
  facet normal 4.045500e-01 -2.892727e-01 -8.675602e-01
    outer loop
      vertex   -3.481266e+01 -2.457123e+01 1.348980e+02
      vertex   -3.472731e+01 -2.400845e+01 1.347501e+02
      vertex   -3.431624e+01 -2.457123e+01 1.351295e+02
    endloop
  endfacet
  facet normal 4.045500e-01 -2.892727e-01 -8.675602e-01
    outer loop
      vertex   -3.431624e+01 -2.457123e+01 1.351295e+02
      vertex   -3.472731e+01 -2.400845e+01 1.347501e+02
      vertex   -3.425785e+01 -2.400845e+01 1.349691e+02
    endloop
  endfacet
  facet normal 2.477537e-01 -2.892727e-01 -9.246294e-01
    outer loop
      vertex   -3.431624e+01 -2.457123e+01 1.351295e+02
      vertex   -3.425785e+01 -2.400845e+01 1.349691e+02
      vertex   -3.378715e+01 -2.457123e+01 1.352713e+02
    endloop
  endfacet
  facet normal 2.477537e-01 -2.892727e-01 -9.246294e-01
    outer loop
      vertex   -3.378715e+01 -2.457123e+01 1.352713e+02
      vertex   -3.425785e+01 -2.400845e+01 1.349691e+02
      vertex   -3.375751e+01 -2.400845e+01 1.351031e+02
    endloop
  endfacet
  facet normal 9.951847e-01 -9.801714e-02 -2.376193e-15
    outer loop
      vertex   -3.644149e+01 -2.515650e+01 1.321766e+02
      vertex   -3.644149e+01 -2.515650e+01 1.181766e+02
      vertex   -3.638384e+01 -2.457123e+01 1.251766e+02
    endloop
  endfacet
  facet normal 9.951847e-01 -9.801714e-02 -2.831533e-15
    outer loop
      vertex   -3.638384e+01 -2.457123e+01 1.251766e+02
      vertex   -3.644149e+01 -2.515650e+01 1.181766e+02
      vertex   -3.638384e+01 -2.457123e+01 1.181766e+02
    endloop
  endfacet
  facet normal 9.569403e-01 -2.902847e-01 -2.324745e-15
    outer loop
      vertex   -3.638384e+01 -2.457123e+01 1.251766e+02
      vertex   -3.638384e+01 -2.457123e+01 1.181766e+02
      vertex   -3.621313e+01 -2.400845e+01 1.251766e+02
    endloop
  endfacet
  facet normal 9.569403e-01 -2.902847e-01 -1.353392e-15
    outer loop
      vertex   -3.621313e+01 -2.400845e+01 1.251766e+02
      vertex   -3.638384e+01 -2.457123e+01 1.181766e+02
      vertex   -3.621313e+01 -2.400845e+01 1.181766e+02
    endloop
  endfacet
  facet normal 8.819213e-01 -4.713967e-01 -8.334149e-16
    outer loop
      vertex   -3.621313e+01 -2.400845e+01 1.251766e+02
      vertex   -3.621313e+01 -2.400845e+01 1.181766e+02
      vertex   -3.593590e+01 -2.348979e+01 1.251766e+02
    endloop
  endfacet
  facet normal 8.819213e-01 -4.713967e-01 -8.334149e-16
    outer loop
      vertex   -3.593590e+01 -2.348979e+01 1.251766e+02
      vertex   -3.621313e+01 -2.400845e+01 1.181766e+02
      vertex   -3.593590e+01 -2.348979e+01 1.181766e+02
    endloop
  endfacet
  facet normal 7.730105e-01 -6.343933e-01 -2.814098e-16
    outer loop
      vertex   -3.593590e+01 -2.348979e+01 1.251766e+02
      vertex   -3.593590e+01 -2.348979e+01 1.181766e+02
      vertex   -3.556281e+01 -2.303518e+01 1.251766e+02
    endloop
  endfacet
  facet normal 7.730105e-01 -6.343933e-01 -2.814098e-16
    outer loop
      vertex   -3.556281e+01 -2.303518e+01 1.251766e+02
      vertex   -3.593590e+01 -2.348979e+01 1.181766e+02
      vertex   -3.556281e+01 -2.303518e+01 1.181766e+02
    endloop
  endfacet
  facet normal 6.343933e-01 -7.730105e-01 2.814098e-16
    outer loop
      vertex   -3.556281e+01 -2.303518e+01 1.251766e+02
      vertex   -3.556281e+01 -2.303518e+01 1.181766e+02
      vertex   -3.510820e+01 -2.266209e+01 1.251766e+02
    endloop
  endfacet
  facet normal 6.343933e-01 -7.730105e-01 -3.625381e-16
    outer loop
      vertex   -3.510820e+01 -2.266209e+01 1.251766e+02
      vertex   -3.556281e+01 -2.303518e+01 1.181766e+02
      vertex   -3.510820e+01 -2.266209e+01 1.181766e+02
    endloop
  endfacet
  facet normal 4.713967e-01 -8.819213e-01 3.549184e-16
    outer loop
      vertex   -3.510820e+01 -2.266209e+01 1.251766e+02
      vertex   -3.510820e+01 -2.266209e+01 1.181766e+02
      vertex   -3.458954e+01 -2.238486e+01 1.251766e+02
    endloop
  endfacet
  facet normal 4.713967e-01 -8.819213e-01 -9.268351e-17
    outer loop
      vertex   -3.458954e+01 -2.238486e+01 1.251766e+02
      vertex   -3.510820e+01 -2.266209e+01 1.181766e+02
      vertex   -3.458954e+01 -2.238486e+01 1.181766e+02
    endloop
  endfacet
  facet normal 2.902847e-01 -9.569403e-01 5.730593e-16
    outer loop
      vertex   -3.458954e+01 -2.238486e+01 1.251766e+02
      vertex   -3.458954e+01 -2.238486e+01 1.181766e+02
      vertex   -3.402676e+01 -2.221414e+01 1.251766e+02
    endloop
  endfacet
  facet normal 2.902847e-01 -9.569403e-01 1.058736e-15
    outer loop
      vertex   -3.402676e+01 -2.221414e+01 1.251766e+02
      vertex   -3.458954e+01 -2.238486e+01 1.181766e+02
      vertex   -3.402676e+01 -2.221414e+01 1.181766e+02
    endloop
  endfacet
  facet normal 9.801714e-02 -9.951847e-01 1.721866e-15
    outer loop
      vertex   -3.402676e+01 -2.221414e+01 1.251766e+02
      vertex   -3.402676e+01 -2.221414e+01 1.181766e+02
      vertex   -3.344149e+01 -2.215650e+01 1.181766e+02
    endloop
  endfacet
  facet normal 9.801714e-02 -9.951847e-01 1.216780e-15
    outer loop
      vertex   -3.344149e+01 -2.215650e+01 1.181766e+02
      vertex   -3.344149e+01 -2.215650e+01 1.321766e+02
      vertex   -3.402676e+01 -2.221414e+01 1.251766e+02
    endloop
  endfacet
  facet normal 9.801714e-02 -9.951847e-01 1.216780e-15
    outer loop
      vertex   -3.402676e+01 -2.221414e+01 1.251766e+02
      vertex   -3.344149e+01 -2.215650e+01 1.321766e+02
      vertex   -3.402676e+01 -2.221414e+01 1.321766e+02
    endloop
  endfacet
  facet normal 2.902847e-01 -9.569403e-01 5.730593e-16
    outer loop
      vertex   -3.402676e+01 -2.221414e+01 1.251766e+02
      vertex   -3.402676e+01 -2.221414e+01 1.321766e+02
      vertex   -3.458954e+01 -2.238486e+01 1.251766e+02
    endloop
  endfacet
  facet normal 2.902847e-01 -9.569403e-01 1.058736e-15
    outer loop
      vertex   -3.458954e+01 -2.238486e+01 1.251766e+02
      vertex   -3.402676e+01 -2.221414e+01 1.321766e+02
      vertex   -3.458954e+01 -2.238486e+01 1.321766e+02
    endloop
  endfacet
  facet normal 4.713967e-01 -8.819213e-01 3.549184e-16
    outer loop
      vertex   -3.458954e+01 -2.238486e+01 1.251766e+02
      vertex   -3.458954e+01 -2.238486e+01 1.321766e+02
      vertex   -3.510820e+01 -2.266209e+01 1.251766e+02
    endloop
  endfacet
  facet normal 4.713967e-01 -8.819213e-01 -9.268351e-17
    outer loop
      vertex   -3.510820e+01 -2.266209e+01 1.251766e+02
      vertex   -3.458954e+01 -2.238486e+01 1.321766e+02
      vertex   -3.510820e+01 -2.266209e+01 1.321766e+02
    endloop
  endfacet
  facet normal 6.343933e-01 -7.730105e-01 -7.548645e-16
    outer loop
      vertex   -3.510820e+01 -2.266209e+01 1.251766e+02
      vertex   -3.510820e+01 -2.266209e+01 1.321766e+02
      vertex   -3.556281e+01 -2.303518e+01 1.251766e+02
    endloop
  endfacet
  facet normal 6.343933e-01 -7.730105e-01 -1.147191e-15
    outer loop
      vertex   -3.556281e+01 -2.303518e+01 1.251766e+02
      vertex   -3.510820e+01 -2.266209e+01 1.321766e+02
      vertex   -3.556281e+01 -2.303518e+01 1.321766e+02
    endloop
  endfacet
  facet normal 7.730105e-01 -6.343933e-01 -1.710010e-15
    outer loop
      vertex   -3.556281e+01 -2.303518e+01 1.251766e+02
      vertex   -3.556281e+01 -2.303518e+01 1.321766e+02
      vertex   -3.593590e+01 -2.348979e+01 1.251766e+02
    endloop
  endfacet
  facet normal 7.730105e-01 -6.343933e-01 -1.388037e-15
    outer loop
      vertex   -3.593590e+01 -2.348979e+01 1.251766e+02
      vertex   -3.556281e+01 -2.303518e+01 1.321766e+02
      vertex   -3.593590e+01 -2.348979e+01 1.321766e+02
    endloop
  endfacet
  facet normal 8.819213e-01 -4.713967e-01 -1.967867e-15
    outer loop
      vertex   -3.593590e+01 -2.348979e+01 1.251766e+02
      vertex   -3.593590e+01 -2.348979e+01 1.321766e+02
      vertex   -3.621313e+01 -2.400845e+01 1.251766e+02
    endloop
  endfacet
  facet normal 8.819213e-01 -4.713967e-01 -2.207115e-15
    outer loop
      vertex   -3.621313e+01 -2.400845e+01 1.251766e+02
      vertex   -3.593590e+01 -2.348979e+01 1.321766e+02
      vertex   -3.621313e+01 -2.400845e+01 1.321766e+02
    endloop
  endfacet
  facet normal 9.569403e-01 -2.902847e-01 -2.619402e-15
    outer loop
      vertex   -3.621313e+01 -2.400845e+01 1.251766e+02
      vertex   -3.621313e+01 -2.400845e+01 1.321766e+02
      vertex   -3.638384e+01 -2.457123e+01 1.251766e+02
    endloop
  endfacet
  facet normal 9.569403e-01 -2.902847e-01 -2.619402e-15
    outer loop
      vertex   -3.638384e+01 -2.457123e+01 1.251766e+02
      vertex   -3.621313e+01 -2.400845e+01 1.321766e+02
      vertex   -3.638384e+01 -2.457123e+01 1.321766e+02
    endloop
  endfacet
  facet normal 9.951847e-01 -9.801714e-02 -2.931026e-15
    outer loop
      vertex   -3.638384e+01 -2.457123e+01 1.251766e+02
      vertex   -3.638384e+01 -2.457123e+01 1.321766e+02
      vertex   -3.644149e+01 -2.515650e+01 1.321766e+02
    endloop
  endfacet
  facet normal 8.673923e-02 -9.764772e-02 9.914339e-01
    outer loop
      vertex   -3.324149e+01 -2.515650e+01 1.149766e+02
      vertex   -3.324149e+01 -2.457123e+01 1.150343e+02
      vertex   -3.379716e+01 -2.515650e+01 1.150253e+02
    endloop
  endfacet
  facet normal 8.673923e-02 -9.764772e-02 9.914339e-01
    outer loop
      vertex   -3.379716e+01 -2.515650e+01 1.150253e+02
      vertex   -3.324149e+01 -2.457123e+01 1.150343e+02
      vertex   -3.378715e+01 -2.457123e+01 1.150820e+02
    endloop
  endfacet
  facet normal 2.575822e-01 -9.764772e-02 9.613097e-01
    outer loop
      vertex   -3.379716e+01 -2.515650e+01 1.150253e+02
      vertex   -3.378715e+01 -2.457123e+01 1.150820e+02
      vertex   -3.433595e+01 -2.515650e+01 1.151696e+02
    endloop
  endfacet
  facet normal 2.575822e-01 -9.764772e-02 9.613097e-01
    outer loop
      vertex   -3.433595e+01 -2.515650e+01 1.151696e+02
      vertex   -3.378715e+01 -2.457123e+01 1.150820e+02
      vertex   -3.431624e+01 -2.457123e+01 1.152238e+02
    endloop
  endfacet
  facet normal 4.205986e-01 -9.764772e-02 9.019766e-01
    outer loop
      vertex   -3.433595e+01 -2.515650e+01 1.151696e+02
      vertex   -3.431624e+01 -2.457123e+01 1.152238e+02
      vertex   -3.484149e+01 -2.515650e+01 1.154054e+02
    endloop
  endfacet
  facet normal 4.205986e-01 -9.764772e-02 9.019766e-01
    outer loop
      vertex   -3.484149e+01 -2.515650e+01 1.154054e+02
      vertex   -3.431624e+01 -2.457123e+01 1.152238e+02
      vertex   -3.481266e+01 -2.457123e+01 1.154553e+02
    endloop
  endfacet
  facet normal 5.708353e-01 -9.764772e-02 8.152374e-01
    outer loop
      vertex   -3.484149e+01 -2.515650e+01 1.154054e+02
      vertex   -3.481266e+01 -2.457123e+01 1.154553e+02
      vertex   -3.529841e+01 -2.515650e+01 1.157253e+02
    endloop
  endfacet
  facet normal 5.708353e-01 -9.764772e-02 8.152374e-01
    outer loop
      vertex   -3.529841e+01 -2.515650e+01 1.157253e+02
      vertex   -3.481266e+01 -2.457123e+01 1.154553e+02
      vertex   -3.526135e+01 -2.457123e+01 1.157695e+02
    endloop
  endfacet
  facet normal 7.037275e-01 -9.764772e-02 7.037275e-01
    outer loop
      vertex   -3.529841e+01 -2.515650e+01 1.157253e+02
      vertex   -3.526135e+01 -2.457123e+01 1.157695e+02
      vertex   -3.569283e+01 -2.515650e+01 1.161197e+02
    endloop
  endfacet
  facet normal 7.037275e-01 -9.764772e-02 7.037275e-01
    outer loop
      vertex   -3.569283e+01 -2.515650e+01 1.161197e+02
      vertex   -3.526135e+01 -2.457123e+01 1.157695e+02
      vertex   -3.564867e+01 -2.457123e+01 1.161568e+02
    endloop
  endfacet
  facet normal 8.152374e-01 -9.764772e-02 5.708353e-01
    outer loop
      vertex   -3.569283e+01 -2.515650e+01 1.161197e+02
      vertex   -3.564867e+01 -2.457123e+01 1.161568e+02
      vertex   -3.601277e+01 -2.515650e+01 1.165766e+02
    endloop
  endfacet
  facet normal 8.152374e-01 -9.764772e-02 5.708353e-01
    outer loop
      vertex   -3.601277e+01 -2.515650e+01 1.165766e+02
      vertex   -3.564867e+01 -2.457123e+01 1.161568e+02
      vertex   -3.596285e+01 -2.457123e+01 1.166055e+02
    endloop
  endfacet
  facet normal 9.019766e-01 -9.764772e-02 4.205986e-01
    outer loop
      vertex   -3.601277e+01 -2.515650e+01 1.165766e+02
      vertex   -3.596285e+01 -2.457123e+01 1.166055e+02
      vertex   -3.624850e+01 -2.515650e+01 1.170822e+02
    endloop
  endfacet
  facet normal 9.019766e-01 -9.764772e-02 4.205986e-01
    outer loop
      vertex   -3.624850e+01 -2.515650e+01 1.170822e+02
      vertex   -3.596285e+01 -2.457123e+01 1.166055e+02
      vertex   -3.619434e+01 -2.457123e+01 1.171019e+02
    endloop
  endfacet
  facet normal 9.613097e-01 -9.764772e-02 2.575822e-01
    outer loop
      vertex   -3.624850e+01 -2.515650e+01 1.170822e+02
      vertex   -3.619434e+01 -2.457123e+01 1.171019e+02
      vertex   -3.639287e+01 -2.515650e+01 1.176210e+02
    endloop
  endfacet
  facet normal 9.613097e-01 -9.764772e-02 2.575822e-01
    outer loop
      vertex   -3.639287e+01 -2.515650e+01 1.176210e+02
      vertex   -3.619434e+01 -2.457123e+01 1.171019e+02
      vertex   -3.633610e+01 -2.457123e+01 1.176310e+02
    endloop
  endfacet
  facet normal 9.914339e-01 -9.764772e-02 8.673923e-02
    outer loop
      vertex   -3.639287e+01 -2.515650e+01 1.176210e+02
      vertex   -3.633610e+01 -2.457123e+01 1.176310e+02
      vertex   -3.644149e+01 -2.515650e+01 1.181766e+02
    endloop
  endfacet
  facet normal 9.914339e-01 -9.764772e-02 8.673923e-02
    outer loop
      vertex   -3.644149e+01 -2.515650e+01 1.181766e+02
      vertex   -3.633610e+01 -2.457123e+01 1.176310e+02
      vertex   -3.638384e+01 -2.457123e+01 1.181766e+02
    endloop
  endfacet
  facet normal 9.536041e-01 -2.892727e-01 8.342955e-02
    outer loop
      vertex   -3.638384e+01 -2.457123e+01 1.181766e+02
      vertex   -3.633610e+01 -2.457123e+01 1.176310e+02
      vertex   -3.616798e+01 -2.400845e+01 1.176606e+02
    endloop
  endfacet
  facet normal 9.536041e-01 -2.892727e-01 8.342955e-02
    outer loop
      vertex   -3.638384e+01 -2.457123e+01 1.181766e+02
      vertex   -3.616798e+01 -2.400845e+01 1.176606e+02
      vertex   -3.621313e+01 -2.400845e+01 1.181766e+02
    endloop
  endfacet
  facet normal 8.793077e-01 -4.699998e-01 7.692946e-02
    outer loop
      vertex   -3.621313e+01 -2.400845e+01 1.181766e+02
      vertex   -3.616798e+01 -2.400845e+01 1.176606e+02
      vertex   -3.589496e+01 -2.348979e+01 1.177088e+02
    endloop
  endfacet
  facet normal 8.793077e-01 -4.699998e-01 7.692946e-02
    outer loop
      vertex   -3.621313e+01 -2.400845e+01 1.181766e+02
      vertex   -3.589496e+01 -2.348979e+01 1.177088e+02
      vertex   -3.593590e+01 -2.348979e+01 1.181766e+02
    endloop
  endfacet
  facet normal 7.712487e-01 -6.329475e-01 6.747552e-02
    outer loop
      vertex   -3.593590e+01 -2.348979e+01 1.181766e+02
      vertex   -3.589496e+01 -2.348979e+01 1.177088e+02
      vertex   -3.552754e+01 -2.303518e+01 1.177735e+02
    endloop
  endfacet
  facet normal 7.712487e-01 -6.329475e-01 6.747552e-02
    outer loop
      vertex   -3.593590e+01 -2.348979e+01 1.181766e+02
      vertex   -3.552754e+01 -2.303518e+01 1.177735e+02
      vertex   -3.556281e+01 -2.303518e+01 1.181766e+02
    endloop
  endfacet
  facet normal 6.334184e-01 -7.718226e-01 5.541693e-02
    outer loop
      vertex   -3.556281e+01 -2.303518e+01 1.181766e+02
      vertex   -3.552754e+01 -2.303518e+01 1.177735e+02
      vertex   -3.507984e+01 -2.266209e+01 1.178525e+02
    endloop
  endfacet
  facet normal 6.334184e-01 -7.718226e-01 5.541693e-02
    outer loop
      vertex   -3.556281e+01 -2.303518e+01 1.181766e+02
      vertex   -3.507984e+01 -2.266209e+01 1.178525e+02
      vertex   -3.510820e+01 -2.266209e+01 1.181766e+02
    endloop
  endfacet
  facet normal 4.709964e-01 -8.811722e-01 4.120684e-02
    outer loop
      vertex   -3.510820e+01 -2.266209e+01 1.181766e+02
      vertex   -3.507984e+01 -2.266209e+01 1.178525e+02
      vertex   -3.456906e+01 -2.238486e+01 1.179425e+02
    endloop
  endfacet
  facet normal 4.709964e-01 -8.811722e-01 4.120684e-02
    outer loop
      vertex   -3.510820e+01 -2.266209e+01 1.181766e+02
      vertex   -3.456906e+01 -2.238486e+01 1.179425e+02
      vertex   -3.458954e+01 -2.238486e+01 1.181766e+02
    endloop
  endfacet
  facet normal 2.901911e-01 -9.566319e-01 2.538843e-02
    outer loop
      vertex   -3.458954e+01 -2.238486e+01 1.181766e+02
      vertex   -3.456906e+01 -2.238486e+01 1.179425e+02
      vertex   -3.401483e+01 -2.221414e+01 1.180403e+02
    endloop
  endfacet
  facet normal 2.901911e-01 -9.566319e-01 2.538843e-02
    outer loop
      vertex   -3.458954e+01 -2.238486e+01 1.181766e+02
      vertex   -3.401483e+01 -2.221414e+01 1.180403e+02
      vertex   -3.402676e+01 -2.221414e+01 1.181766e+02
    endloop
  endfacet
  facet normal 9.801354e-02 -9.951481e-01 8.575073e-03
    outer loop
      vertex   -3.402676e+01 -2.221414e+01 1.181766e+02
      vertex   -3.401483e+01 -2.221414e+01 1.180403e+02
      vertex   -3.344149e+01 -2.215650e+01 1.181766e+02
    endloop
  endfacet
  facet normal 9.702038e-02 -9.952004e-01 1.277298e-02
    outer loop
      vertex   -3.344149e+01 -2.215650e+01 1.181766e+02
      vertex   -3.401483e+01 -2.221414e+01 1.180403e+02
      vertex   -3.343467e+01 -2.215650e+01 1.181249e+02
    endloop
  endfacet
  facet normal 9.515845e-02 -9.951355e-01 2.549763e-02
    outer loop
      vertex   -3.343467e+01 -2.215650e+01 1.181249e+02
      vertex   -3.401483e+01 -2.221414e+01 1.180403e+02
      vertex   -3.397940e+01 -2.221414e+01 1.179081e+02
    endloop
  endfacet
  facet normal 9.040860e-02 -9.952004e-01 3.744847e-02
    outer loop
      vertex   -3.343467e+01 -2.215650e+01 1.181249e+02
      vertex   -3.397940e+01 -2.221414e+01 1.179081e+02
      vertex   -3.341469e+01 -2.215650e+01 1.180766e+02
    endloop
  endfacet
  facet normal 8.916975e-02 -9.951481e-01 4.158054e-02
    outer loop
      vertex   -3.341469e+01 -2.215650e+01 1.180766e+02
      vertex   -3.397940e+01 -2.221414e+01 1.179081e+02
      vertex   -3.392155e+01 -2.221414e+01 1.177840e+02
    endloop
  endfacet
  facet normal 8.059468e-02 -9.951481e-01 5.643300e-02
    outer loop
      vertex   -3.341469e+01 -2.215650e+01 1.180766e+02
      vertex   -3.392155e+01 -2.221414e+01 1.177840e+02
      vertex   -3.384304e+01 -2.221414e+01 1.176719e+02
    endloop
  endfacet
  facet normal 2.386187e-01 -9.566319e-01 1.670826e-01
    outer loop
      vertex   -3.384304e+01 -2.221414e+01 1.176719e+02
      vertex   -3.392155e+01 -2.221414e+01 1.177840e+02
      vertex   -3.440893e+01 -2.238486e+01 1.175026e+02
    endloop
  endfacet
  facet normal 2.386187e-01 -9.566319e-01 1.670826e-01
    outer loop
      vertex   -3.384304e+01 -2.221414e+01 1.176719e+02
      vertex   -3.440893e+01 -2.238486e+01 1.175026e+02
      vertex   -3.427415e+01 -2.238486e+01 1.173101e+02
    endloop
  endfacet
  facet normal 3.872914e-01 -8.811722e-01 2.711843e-01
    outer loop
      vertex   -3.427415e+01 -2.238486e+01 1.173101e+02
      vertex   -3.440893e+01 -2.238486e+01 1.175026e+02
      vertex   -3.485811e+01 -2.266209e+01 1.172433e+02
    endloop
  endfacet
  facet normal 3.872914e-01 -8.811722e-01 2.711843e-01
    outer loop
      vertex   -3.427415e+01 -2.238486e+01 1.173101e+02
      vertex   -3.485811e+01 -2.266209e+01 1.172433e+02
      vertex   -3.467147e+01 -2.266209e+01 1.169767e+02
    endloop
  endfacet
  facet normal 5.208480e-01 -7.718226e-01 3.647017e-01
    outer loop
      vertex   -3.467147e+01 -2.266209e+01 1.169767e+02
      vertex   -3.485811e+01 -2.266209e+01 1.172433e+02
      vertex   -3.525181e+01 -2.303518e+01 1.170160e+02
    endloop
  endfacet
  facet normal 5.208480e-01 -7.718226e-01 3.647017e-01
    outer loop
      vertex   -3.467147e+01 -2.266209e+01 1.169767e+02
      vertex   -3.525181e+01 -2.303518e+01 1.170160e+02
      vertex   -3.501972e+01 -2.303518e+01 1.166845e+02
    endloop
  endfacet
  facet normal 6.341832e-01 -6.329475e-01 4.440599e-01
    outer loop
      vertex   -3.501972e+01 -2.303518e+01 1.166845e+02
      vertex   -3.525181e+01 -2.303518e+01 1.170160e+02
      vertex   -3.557491e+01 -2.348979e+01 1.168294e+02
    endloop
  endfacet
  facet normal 6.341832e-01 -6.329475e-01 4.440599e-01
    outer loop
      vertex   -3.501972e+01 -2.303518e+01 1.166845e+02
      vertex   -3.557491e+01 -2.348979e+01 1.168294e+02
      vertex   -3.530552e+01 -2.348979e+01 1.164447e+02
    endloop
  endfacet
  facet normal 7.230381e-01 -4.699998e-01 5.062767e-01
    outer loop
      vertex   -3.530552e+01 -2.348979e+01 1.164447e+02
      vertex   -3.557491e+01 -2.348979e+01 1.168294e+02
      vertex   -3.581500e+01 -2.400845e+01 1.166908e+02
    endloop
  endfacet
  facet normal 7.230381e-01 -4.699998e-01 5.062767e-01
    outer loop
      vertex   -3.530552e+01 -2.348979e+01 1.164447e+02
      vertex   -3.581500e+01 -2.400845e+01 1.166908e+02
      vertex   -3.551789e+01 -2.400845e+01 1.162665e+02
    endloop
  endfacet
  facet normal 7.841306e-01 -2.892727e-01 5.490542e-01
    outer loop
      vertex   -3.551789e+01 -2.400845e+01 1.162665e+02
      vertex   -3.581500e+01 -2.400845e+01 1.166908e+02
      vertex   -3.596285e+01 -2.457123e+01 1.166055e+02
    endloop
  endfacet
  facet normal 7.841306e-01 -2.892727e-01 5.490542e-01
    outer loop
      vertex   -3.551789e+01 -2.400845e+01 1.162665e+02
      vertex   -3.596285e+01 -2.457123e+01 1.166055e+02
      vertex   -3.564867e+01 -2.457123e+01 1.161568e+02
    endloop
  endfacet
  facet normal 8.342955e-02 -2.892727e-01 9.536041e-01
    outer loop
      vertex   -3.324149e+01 -2.457123e+01 1.150343e+02
      vertex   -3.324149e+01 -2.400845e+01 1.152050e+02
      vertex   -3.378715e+01 -2.457123e+01 1.150820e+02
    endloop
  endfacet
  facet normal 8.342955e-02 -2.892727e-01 9.536041e-01
    outer loop
      vertex   -3.378715e+01 -2.457123e+01 1.150820e+02
      vertex   -3.324149e+01 -2.400845e+01 1.152050e+02
      vertex   -3.375751e+01 -2.400845e+01 1.152501e+02
    endloop
  endfacet
  facet normal 2.477537e-01 -2.892727e-01 9.246294e-01
    outer loop
      vertex   -3.378715e+01 -2.457123e+01 1.150820e+02
      vertex   -3.375751e+01 -2.400845e+01 1.152501e+02
      vertex   -3.431624e+01 -2.457123e+01 1.152238e+02
    endloop
  endfacet
  facet normal 2.477537e-01 -2.892727e-01 9.246294e-01
    outer loop
      vertex   -3.431624e+01 -2.457123e+01 1.152238e+02
      vertex   -3.375751e+01 -2.400845e+01 1.152501e+02
      vertex   -3.425785e+01 -2.400845e+01 1.153842e+02
    endloop
  endfacet
  facet normal 4.045500e-01 -2.892727e-01 8.675602e-01
    outer loop
      vertex   -3.431624e+01 -2.457123e+01 1.152238e+02
      vertex   -3.425785e+01 -2.400845e+01 1.153842e+02
      vertex   -3.481266e+01 -2.457123e+01 1.154553e+02
    endloop
  endfacet
  facet normal 4.045500e-01 -2.892727e-01 8.675602e-01
    outer loop
      vertex   -3.481266e+01 -2.457123e+01 1.154553e+02
      vertex   -3.425785e+01 -2.400845e+01 1.153842e+02
      vertex   -3.472731e+01 -2.400845e+01 1.156031e+02
    endloop
  endfacet
  facet normal 5.490542e-01 -2.892727e-01 7.841306e-01
    outer loop
      vertex   -3.481266e+01 -2.457123e+01 1.154553e+02
      vertex   -3.472731e+01 -2.400845e+01 1.156031e+02
      vertex   -3.526135e+01 -2.457123e+01 1.157695e+02
    endloop
  endfacet
  facet normal 5.490542e-01 -2.892727e-01 7.841306e-01
    outer loop
      vertex   -3.526135e+01 -2.457123e+01 1.157695e+02
      vertex   -3.472731e+01 -2.400845e+01 1.156031e+02
      vertex   -3.515162e+01 -2.400845e+01 1.159002e+02
    endloop
  endfacet
  facet normal 6.768757e-01 -2.892727e-01 6.768757e-01
    outer loop
      vertex   -3.526135e+01 -2.457123e+01 1.157695e+02
      vertex   -3.515162e+01 -2.400845e+01 1.159002e+02
      vertex   -3.564867e+01 -2.457123e+01 1.161568e+02
    endloop
  endfacet
  facet normal 6.768757e-01 -2.892727e-01 6.768757e-01
    outer loop
      vertex   -3.564867e+01 -2.457123e+01 1.161568e+02
      vertex   -3.515162e+01 -2.400845e+01 1.159002e+02
      vertex   -3.551789e+01 -2.400845e+01 1.162665e+02
    endloop
  endfacet
  facet normal 7.692946e-02 -4.699998e-01 8.793077e-01
    outer loop
      vertex   -3.324149e+01 -2.400845e+01 1.152050e+02
      vertex   -3.324149e+01 -2.348979e+01 1.154822e+02
      vertex   -3.375751e+01 -2.400845e+01 1.152501e+02
    endloop
  endfacet
  facet normal 7.692946e-02 -4.699998e-01 8.793077e-01
    outer loop
      vertex   -3.375751e+01 -2.400845e+01 1.152501e+02
      vertex   -3.324149e+01 -2.348979e+01 1.154822e+02
      vertex   -3.370937e+01 -2.348979e+01 1.155232e+02
    endloop
  endfacet
  facet normal 2.284509e-01 -4.699998e-01 8.525904e-01
    outer loop
      vertex   -3.375751e+01 -2.400845e+01 1.152501e+02
      vertex   -3.370937e+01 -2.348979e+01 1.155232e+02
      vertex   -3.425785e+01 -2.400845e+01 1.153842e+02
    endloop
  endfacet
  facet normal 2.284509e-01 -4.699998e-01 8.525904e-01
    outer loop
      vertex   -3.425785e+01 -2.400845e+01 1.153842e+02
      vertex   -3.370937e+01 -2.348979e+01 1.155232e+02
      vertex   -3.416303e+01 -2.348979e+01 1.156447e+02
    endloop
  endfacet
  facet normal 3.730310e-01 -4.699998e-01 7.999676e-01
    outer loop
      vertex   -3.425785e+01 -2.400845e+01 1.153842e+02
      vertex   -3.416303e+01 -2.348979e+01 1.156447e+02
      vertex   -3.472731e+01 -2.400845e+01 1.156031e+02
    endloop
  endfacet
  facet normal 3.730310e-01 -4.699998e-01 7.999676e-01
    outer loop
      vertex   -3.472731e+01 -2.400845e+01 1.156031e+02
      vertex   -3.416303e+01 -2.348979e+01 1.156447e+02
      vertex   -3.458869e+01 -2.348979e+01 1.158432e+02
    endloop
  endfacet
  facet normal 5.062767e-01 -4.699998e-01 7.230381e-01
    outer loop
      vertex   -3.472731e+01 -2.400845e+01 1.156031e+02
      vertex   -3.458869e+01 -2.348979e+01 1.158432e+02
      vertex   -3.515162e+01 -2.400845e+01 1.159002e+02
    endloop
  endfacet
  facet normal 5.062767e-01 -4.699998e-01 7.230381e-01
    outer loop
      vertex   -3.515162e+01 -2.400845e+01 1.159002e+02
      vertex   -3.458869e+01 -2.348979e+01 1.158432e+02
      vertex   -3.497342e+01 -2.348979e+01 1.161126e+02
    endloop
  endfacet
  facet normal 6.241395e-01 -4.699998e-01 6.241395e-01
    outer loop
      vertex   -3.515162e+01 -2.400845e+01 1.159002e+02
      vertex   -3.497342e+01 -2.348979e+01 1.161126e+02
      vertex   -3.551789e+01 -2.400845e+01 1.162665e+02
    endloop
  endfacet
  facet normal 6.241395e-01 -4.699998e-01 6.241395e-01
    outer loop
      vertex   -3.551789e+01 -2.400845e+01 1.162665e+02
      vertex   -3.497342e+01 -2.348979e+01 1.161126e+02
      vertex   -3.530552e+01 -2.348979e+01 1.164447e+02
    endloop
  endfacet
  facet normal 6.747552e-02 -6.329475e-01 7.712487e-01
    outer loop
      vertex   -3.324149e+01 -2.348979e+01 1.154822e+02
      vertex   -3.324149e+01 -2.303518e+01 1.158553e+02
      vertex   -3.370937e+01 -2.348979e+01 1.155232e+02
    endloop
  endfacet
  facet normal 6.747552e-02 -6.329475e-01 7.712487e-01
    outer loop
      vertex   -3.370937e+01 -2.348979e+01 1.155232e+02
      vertex   -3.324149e+01 -2.303518e+01 1.158553e+02
      vertex   -3.364458e+01 -2.303518e+01 1.158906e+02
    endloop
  endfacet
  facet normal 2.003763e-01 -6.329475e-01 7.478147e-01
    outer loop
      vertex   -3.370937e+01 -2.348979e+01 1.155232e+02
      vertex   -3.364458e+01 -2.303518e+01 1.158906e+02
      vertex   -3.416303e+01 -2.348979e+01 1.156447e+02
    endloop
  endfacet
  facet normal 2.003763e-01 -6.329475e-01 7.478147e-01
    outer loop
      vertex   -3.416303e+01 -2.348979e+01 1.156447e+02
      vertex   -3.364458e+01 -2.303518e+01 1.158906e+02
      vertex   -3.403542e+01 -2.303518e+01 1.159953e+02
    endloop
  endfacet
  facet normal 3.271888e-01 -6.329475e-01 7.016587e-01
    outer loop
      vertex   -3.416303e+01 -2.348979e+01 1.156447e+02
      vertex   -3.403542e+01 -2.303518e+01 1.159953e+02
      vertex   -3.458869e+01 -2.348979e+01 1.158432e+02
    endloop
  endfacet
  facet normal 3.271888e-01 -6.329475e-01 7.016587e-01
    outer loop
      vertex   -3.458869e+01 -2.348979e+01 1.158432e+02
      vertex   -3.403542e+01 -2.303518e+01 1.159953e+02
      vertex   -3.440215e+01 -2.303518e+01 1.161663e+02
    endloop
  endfacet
  facet normal 4.440599e-01 -6.329475e-01 6.341832e-01
    outer loop
      vertex   -3.458869e+01 -2.348979e+01 1.158432e+02
      vertex   -3.440215e+01 -2.303518e+01 1.161663e+02
      vertex   -3.497342e+01 -2.348979e+01 1.161126e+02
    endloop
  endfacet
  facet normal 4.440599e-01 -6.329475e-01 6.341832e-01
    outer loop
      vertex   -3.497342e+01 -2.348979e+01 1.161126e+02
      vertex   -3.440215e+01 -2.303518e+01 1.161663e+02
      vertex   -3.473360e+01 -2.303518e+01 1.163984e+02
    endloop
  endfacet
  facet normal 5.474384e-01 -6.329475e-01 5.474384e-01
    outer loop
      vertex   -3.497342e+01 -2.348979e+01 1.161126e+02
      vertex   -3.473360e+01 -2.303518e+01 1.163984e+02
      vertex   -3.530552e+01 -2.348979e+01 1.164447e+02
    endloop
  endfacet
  facet normal 5.474384e-01 -6.329475e-01 5.474384e-01
    outer loop
      vertex   -3.530552e+01 -2.348979e+01 1.164447e+02
      vertex   -3.473360e+01 -2.303518e+01 1.163984e+02
      vertex   -3.501972e+01 -2.303518e+01 1.166845e+02
    endloop
  endfacet
  facet normal 5.541693e-02 -7.718226e-01 6.334184e-01
    outer loop
      vertex   -3.324149e+01 -2.303518e+01 1.158553e+02
      vertex   -3.324149e+01 -2.266209e+01 1.163099e+02
      vertex   -3.364458e+01 -2.303518e+01 1.158906e+02
    endloop
  endfacet
  facet normal 5.541693e-02 -7.718226e-01 6.334184e-01
    outer loop
      vertex   -3.364458e+01 -2.303518e+01 1.158906e+02
      vertex   -3.324149e+01 -2.266209e+01 1.163099e+02
      vertex   -3.356564e+01 -2.266209e+01 1.163383e+02
    endloop
  endfacet
  facet normal 1.645670e-01 -7.718226e-01 6.141723e-01
    outer loop
      vertex   -3.364458e+01 -2.303518e+01 1.158906e+02
      vertex   -3.356564e+01 -2.266209e+01 1.163383e+02
      vertex   -3.403542e+01 -2.303518e+01 1.159953e+02
    endloop
  endfacet
  facet normal 1.645670e-01 -7.718226e-01 6.141723e-01
    outer loop
      vertex   -3.403542e+01 -2.303518e+01 1.159953e+02
      vertex   -3.356564e+01 -2.266209e+01 1.163383e+02
      vertex   -3.387994e+01 -2.266209e+01 1.164225e+02
    endloop
  endfacet
  facet normal 2.687167e-01 -7.718226e-01 5.762649e-01
    outer loop
      vertex   -3.403542e+01 -2.303518e+01 1.159953e+02
      vertex   -3.387994e+01 -2.266209e+01 1.164225e+02
      vertex   -3.440215e+01 -2.303518e+01 1.161663e+02
    endloop
  endfacet
  facet normal 2.687167e-01 -7.718226e-01 5.762649e-01
    outer loop
      vertex   -3.440215e+01 -2.303518e+01 1.161663e+02
      vertex   -3.387994e+01 -2.266209e+01 1.164225e+02
      vertex   -3.417484e+01 -2.266209e+01 1.165600e+02
    endloop
  endfacet
  facet normal 3.647017e-01 -7.718226e-01 5.208480e-01
    outer loop
      vertex   -3.440215e+01 -2.303518e+01 1.161663e+02
      vertex   -3.417484e+01 -2.266209e+01 1.165600e+02
      vertex   -3.473360e+01 -2.303518e+01 1.163984e+02
    endloop
  endfacet
  facet normal 3.647017e-01 -7.718226e-01 5.208480e-01
    outer loop
      vertex   -3.473360e+01 -2.303518e+01 1.163984e+02
      vertex   -3.417484e+01 -2.266209e+01 1.165600e+02
      vertex   -3.444139e+01 -2.266209e+01 1.167467e+02
    endloop
  endfacet
  facet normal 4.496053e-01 -7.718226e-01 4.496053e-01
    outer loop
      vertex   -3.473360e+01 -2.303518e+01 1.163984e+02
      vertex   -3.444139e+01 -2.266209e+01 1.167467e+02
      vertex   -3.501972e+01 -2.303518e+01 1.166845e+02
    endloop
  endfacet
  facet normal 4.496053e-01 -7.718226e-01 4.496053e-01
    outer loop
      vertex   -3.501972e+01 -2.303518e+01 1.166845e+02
      vertex   -3.444139e+01 -2.266209e+01 1.167467e+02
      vertex   -3.467147e+01 -2.266209e+01 1.169767e+02
    endloop
  endfacet
  facet normal 4.120684e-02 -8.811722e-01 4.709964e-01
    outer loop
      vertex   -3.324149e+01 -2.266209e+01 1.163099e+02
      vertex   -3.324149e+01 -2.238486e+01 1.168286e+02
      vertex   -3.356564e+01 -2.266209e+01 1.163383e+02
    endloop
  endfacet
  facet normal 4.120684e-02 -8.811722e-01 4.709964e-01
    outer loop
      vertex   -3.356564e+01 -2.266209e+01 1.163383e+02
      vertex   -3.324149e+01 -2.238486e+01 1.168286e+02
      vertex   -3.347557e+01 -2.238486e+01 1.168491e+02
    endloop
  endfacet
  facet normal 1.223685e-01 -8.811722e-01 4.566854e-01
    outer loop
      vertex   -3.356564e+01 -2.266209e+01 1.163383e+02
      vertex   -3.347557e+01 -2.238486e+01 1.168491e+02
      vertex   -3.387994e+01 -2.266209e+01 1.164225e+02
    endloop
  endfacet
  facet normal 1.223685e-01 -8.811722e-01 4.566854e-01
    outer loop
      vertex   -3.387994e+01 -2.266209e+01 1.164225e+02
      vertex   -3.347557e+01 -2.238486e+01 1.168491e+02
      vertex   -3.370255e+01 -2.238486e+01 1.169099e+02
    endloop
  endfacet
  facet normal 1.998120e-01 -8.811722e-01 4.284982e-01
    outer loop
      vertex   -3.387994e+01 -2.266209e+01 1.164225e+02
      vertex   -3.370255e+01 -2.238486e+01 1.169099e+02
      vertex   -3.417484e+01 -2.266209e+01 1.165600e+02
    endloop
  endfacet
  facet normal 1.998120e-01 -8.811722e-01 4.284982e-01
    outer loop
      vertex   -3.417484e+01 -2.266209e+01 1.165600e+02
      vertex   -3.370255e+01 -2.238486e+01 1.169099e+02
      vertex   -3.391551e+01 -2.238486e+01 1.170092e+02
    endloop
  endfacet
  facet normal 2.711843e-01 -8.811722e-01 3.872914e-01
    outer loop
      vertex   -3.417484e+01 -2.266209e+01 1.165600e+02
      vertex   -3.391551e+01 -2.238486e+01 1.170092e+02
      vertex   -3.444139e+01 -2.266209e+01 1.167467e+02
    endloop
  endfacet
  facet normal 2.711843e-01 -8.811722e-01 3.872914e-01
    outer loop
      vertex   -3.444139e+01 -2.266209e+01 1.167467e+02
      vertex   -3.391551e+01 -2.238486e+01 1.170092e+02
      vertex   -3.410800e+01 -2.238486e+01 1.171440e+02
    endloop
  endfacet
  facet normal 3.343169e-01 -8.811722e-01 3.343169e-01
    outer loop
      vertex   -3.444139e+01 -2.266209e+01 1.167467e+02
      vertex   -3.410800e+01 -2.238486e+01 1.171440e+02
      vertex   -3.467147e+01 -2.266209e+01 1.169767e+02
    endloop
  endfacet
  facet normal 3.343169e-01 -8.811722e-01 3.343169e-01
    outer loop
      vertex   -3.467147e+01 -2.266209e+01 1.169767e+02
      vertex   -3.410800e+01 -2.238486e+01 1.171440e+02
      vertex   -3.427415e+01 -2.238486e+01 1.173101e+02
    endloop
  endfacet
  facet normal 2.538843e-02 -9.566319e-01 2.901911e-01
    outer loop
      vertex   -3.324149e+01 -2.238486e+01 1.168286e+02
      vertex   -3.324149e+01 -2.221414e+01 1.173914e+02
      vertex   -3.347557e+01 -2.238486e+01 1.168491e+02
    endloop
  endfacet
  facet normal 2.538843e-02 -9.566319e-01 2.901911e-01
    outer loop
      vertex   -3.347557e+01 -2.238486e+01 1.168491e+02
      vertex   -3.324149e+01 -2.221414e+01 1.173914e+02
      vertex   -3.337785e+01 -2.221414e+01 1.174033e+02
    endloop
  endfacet
  facet normal 7.539388e-02 -9.566319e-01 2.813738e-01
    outer loop
      vertex   -3.347557e+01 -2.238486e+01 1.168491e+02
      vertex   -3.337785e+01 -2.221414e+01 1.174033e+02
      vertex   -3.370255e+01 -2.238486e+01 1.169099e+02
    endloop
  endfacet
  facet normal 7.539388e-02 -9.566319e-01 2.813738e-01
    outer loop
      vertex   -3.370255e+01 -2.238486e+01 1.169099e+02
      vertex   -3.337785e+01 -2.221414e+01 1.174033e+02
      vertex   -3.351007e+01 -2.221414e+01 1.174387e+02
    endloop
  endfacet
  facet normal 1.231085e-01 -9.566319e-01 2.640071e-01
    outer loop
      vertex   -3.370255e+01 -2.238486e+01 1.169099e+02
      vertex   -3.351007e+01 -2.221414e+01 1.174387e+02
      vertex   -3.391551e+01 -2.238486e+01 1.170092e+02
    endloop
  endfacet
  facet normal 1.231085e-01 -9.566319e-01 2.640071e-01
    outer loop
      vertex   -3.391551e+01 -2.238486e+01 1.170092e+02
      vertex   -3.351007e+01 -2.221414e+01 1.174387e+02
      vertex   -3.363412e+01 -2.221414e+01 1.174966e+02
    endloop
  endfacet
  facet normal 1.670826e-01 -9.566319e-01 2.386187e-01
    outer loop
      vertex   -3.391551e+01 -2.238486e+01 1.170092e+02
      vertex   -3.363412e+01 -2.221414e+01 1.174966e+02
      vertex   -3.410800e+01 -2.238486e+01 1.171440e+02
    endloop
  endfacet
  facet normal 1.670826e-01 -9.566319e-01 2.386187e-01
    outer loop
      vertex   -3.410800e+01 -2.238486e+01 1.171440e+02
      vertex   -3.363412e+01 -2.221414e+01 1.174966e+02
      vertex   -3.374625e+01 -2.221414e+01 1.175751e+02
    endloop
  endfacet
  facet normal 2.059799e-01 -9.566319e-01 2.059799e-01
    outer loop
      vertex   -3.410800e+01 -2.238486e+01 1.171440e+02
      vertex   -3.374625e+01 -2.221414e+01 1.175751e+02
      vertex   -3.427415e+01 -2.238486e+01 1.173101e+02
    endloop
  endfacet
  facet normal 2.059799e-01 -9.566319e-01 2.059799e-01
    outer loop
      vertex   -3.427415e+01 -2.238486e+01 1.173101e+02
      vertex   -3.374625e+01 -2.221414e+01 1.175751e+02
      vertex   -3.384304e+01 -2.221414e+01 1.176719e+02
    endloop
  endfacet
  facet normal 8.575073e-03 -9.951481e-01 9.801354e-02
    outer loop
      vertex   -3.324149e+01 -2.221414e+01 1.173914e+02
      vertex   -3.324149e+01 -2.215650e+01 1.179766e+02
      vertex   -3.337785e+01 -2.221414e+01 1.174033e+02
    endloop
  endfacet
  facet normal 1.277298e-02 -9.952004e-01 9.702038e-02
    outer loop
      vertex   -3.337785e+01 -2.221414e+01 1.174033e+02
      vertex   -3.324149e+01 -2.215650e+01 1.179766e+02
      vertex   -3.329325e+01 -2.215650e+01 1.179835e+02
    endloop
  endfacet
  facet normal 2.549763e-02 -9.951355e-01 9.515845e-02
    outer loop
      vertex   -3.337785e+01 -2.221414e+01 1.174033e+02
      vertex   -3.329325e+01 -2.215650e+01 1.179835e+02
      vertex   -3.351007e+01 -2.221414e+01 1.174387e+02
    endloop
  endfacet
  facet normal 3.744847e-02 -9.952004e-01 9.040860e-02
    outer loop
      vertex   -3.351007e+01 -2.221414e+01 1.174387e+02
      vertex   -3.329325e+01 -2.215650e+01 1.179835e+02
      vertex   -3.334149e+01 -2.215650e+01 1.180034e+02
    endloop
  endfacet
  facet normal 4.158054e-02 -9.951481e-01 8.916975e-02
    outer loop
      vertex   -3.351007e+01 -2.221414e+01 1.174387e+02
      vertex   -3.334149e+01 -2.215650e+01 1.180034e+02
      vertex   -3.363412e+01 -2.221414e+01 1.174966e+02
    endloop
  endfacet
  facet normal 5.643300e-02 -9.951481e-01 8.059468e-02
    outer loop
      vertex   -3.363412e+01 -2.221414e+01 1.174966e+02
      vertex   -3.334149e+01 -2.215650e+01 1.180034e+02
      vertex   -3.374625e+01 -2.221414e+01 1.175751e+02
    endloop
  endfacet
  facet normal 5.957191e-02 -9.952004e-01 7.763563e-02
    outer loop
      vertex   -3.334149e+01 -2.215650e+01 1.180034e+02
      vertex   -3.338291e+01 -2.215650e+01 1.180352e+02
      vertex   -3.374625e+01 -2.221414e+01 1.175751e+02
    endloop
  endfacet
  facet normal 6.966082e-02 -9.951355e-01 6.966082e-02
    outer loop
      vertex   -3.374625e+01 -2.221414e+01 1.175751e+02
      vertex   -3.338291e+01 -2.215650e+01 1.180352e+02
      vertex   -3.384304e+01 -2.221414e+01 1.176719e+02
    endloop
  endfacet
  facet normal 7.763563e-02 -9.952004e-01 5.957191e-02
    outer loop
      vertex   -3.338291e+01 -2.215650e+01 1.180352e+02
      vertex   -3.341469e+01 -2.215650e+01 1.180766e+02
      vertex   -3.384304e+01 -2.221414e+01 1.176719e+02
    endloop
  endfacet
  facet normal 2.640071e-01 -9.566319e-01 1.231085e-01
    outer loop
      vertex   -3.440893e+01 -2.238486e+01 1.175026e+02
      vertex   -3.392155e+01 -2.221414e+01 1.177840e+02
      vertex   -3.450824e+01 -2.238486e+01 1.177156e+02
    endloop
  endfacet
  facet normal 2.640071e-01 -9.566319e-01 1.231085e-01
    outer loop
      vertex   -3.450824e+01 -2.238486e+01 1.177156e+02
      vertex   -3.392155e+01 -2.221414e+01 1.177840e+02
      vertex   -3.397940e+01 -2.221414e+01 1.179081e+02
    endloop
  endfacet
  facet normal 2.813738e-01 -9.566319e-01 7.539388e-02
    outer loop
      vertex   -3.450824e+01 -2.238486e+01 1.177156e+02
      vertex   -3.397940e+01 -2.221414e+01 1.179081e+02
      vertex   -3.456906e+01 -2.238486e+01 1.179425e+02
    endloop
  endfacet
  facet normal 2.813738e-01 -9.566319e-01 7.539388e-02
    outer loop
      vertex   -3.456906e+01 -2.238486e+01 1.179425e+02
      vertex   -3.397940e+01 -2.221414e+01 1.179081e+02
      vertex   -3.401483e+01 -2.221414e+01 1.180403e+02
    endloop
  endfacet
  facet normal 4.284982e-01 -8.811722e-01 1.998120e-01
    outer loop
      vertex   -3.485811e+01 -2.266209e+01 1.172433e+02
      vertex   -3.440893e+01 -2.238486e+01 1.175026e+02
      vertex   -3.499562e+01 -2.266209e+01 1.175382e+02
    endloop
  endfacet
  facet normal 4.284982e-01 -8.811722e-01 1.998120e-01
    outer loop
      vertex   -3.499562e+01 -2.266209e+01 1.175382e+02
      vertex   -3.440893e+01 -2.238486e+01 1.175026e+02
      vertex   -3.450824e+01 -2.238486e+01 1.177156e+02
    endloop
  endfacet
  facet normal 4.566854e-01 -8.811722e-01 1.223685e-01
    outer loop
      vertex   -3.499562e+01 -2.266209e+01 1.175382e+02
      vertex   -3.450824e+01 -2.238486e+01 1.177156e+02
      vertex   -3.507984e+01 -2.266209e+01 1.178525e+02
    endloop
  endfacet
  facet normal 4.566854e-01 -8.811722e-01 1.223685e-01
    outer loop
      vertex   -3.507984e+01 -2.266209e+01 1.178525e+02
      vertex   -3.450824e+01 -2.238486e+01 1.177156e+02
      vertex   -3.456906e+01 -2.238486e+01 1.179425e+02
    endloop
  endfacet
  facet normal 5.762649e-01 -7.718226e-01 2.687167e-01
    outer loop
      vertex   -3.525181e+01 -2.303518e+01 1.170160e+02
      vertex   -3.485811e+01 -2.266209e+01 1.172433e+02
      vertex   -3.542281e+01 -2.303518e+01 1.173827e+02
    endloop
  endfacet
  facet normal 5.762649e-01 -7.718226e-01 2.687167e-01
    outer loop
      vertex   -3.542281e+01 -2.303518e+01 1.173827e+02
      vertex   -3.485811e+01 -2.266209e+01 1.172433e+02
      vertex   -3.499562e+01 -2.266209e+01 1.175382e+02
    endloop
  endfacet
  facet normal 6.141723e-01 -7.718226e-01 1.645670e-01
    outer loop
      vertex   -3.542281e+01 -2.303518e+01 1.173827e+02
      vertex   -3.499562e+01 -2.266209e+01 1.175382e+02
      vertex   -3.552754e+01 -2.303518e+01 1.177735e+02
    endloop
  endfacet
  facet normal 6.141723e-01 -7.718226e-01 1.645670e-01
    outer loop
      vertex   -3.552754e+01 -2.303518e+01 1.177735e+02
      vertex   -3.499562e+01 -2.266209e+01 1.175382e+02
      vertex   -3.507984e+01 -2.266209e+01 1.178525e+02
    endloop
  endfacet
  facet normal 7.016587e-01 -6.329475e-01 3.271888e-01
    outer loop
      vertex   -3.557491e+01 -2.348979e+01 1.168294e+02
      vertex   -3.525181e+01 -2.303518e+01 1.170160e+02
      vertex   -3.577340e+01 -2.348979e+01 1.172551e+02
    endloop
  endfacet
  facet normal 7.016587e-01 -6.329475e-01 3.271888e-01
    outer loop
      vertex   -3.577340e+01 -2.348979e+01 1.172551e+02
      vertex   -3.525181e+01 -2.303518e+01 1.170160e+02
      vertex   -3.542281e+01 -2.303518e+01 1.173827e+02
    endloop
  endfacet
  facet normal 7.478147e-01 -6.329475e-01 2.003763e-01
    outer loop
      vertex   -3.577340e+01 -2.348979e+01 1.172551e+02
      vertex   -3.542281e+01 -2.303518e+01 1.173827e+02
      vertex   -3.589496e+01 -2.348979e+01 1.177088e+02
    endloop
  endfacet
  facet normal 7.478147e-01 -6.329475e-01 2.003763e-01
    outer loop
      vertex   -3.589496e+01 -2.348979e+01 1.177088e+02
      vertex   -3.542281e+01 -2.303518e+01 1.173827e+02
      vertex   -3.552754e+01 -2.303518e+01 1.177735e+02
    endloop
  endfacet
  facet normal 7.999676e-01 -4.699998e-01 3.730310e-01
    outer loop
      vertex   -3.581500e+01 -2.400845e+01 1.166908e+02
      vertex   -3.557491e+01 -2.348979e+01 1.168294e+02
      vertex   -3.603391e+01 -2.400845e+01 1.171603e+02
    endloop
  endfacet
  facet normal 7.999676e-01 -4.699998e-01 3.730310e-01
    outer loop
      vertex   -3.603391e+01 -2.400845e+01 1.171603e+02
      vertex   -3.557491e+01 -2.348979e+01 1.168294e+02
      vertex   -3.577340e+01 -2.348979e+01 1.172551e+02
    endloop
  endfacet
  facet normal 8.525904e-01 -4.699998e-01 2.284509e-01
    outer loop
      vertex   -3.603391e+01 -2.400845e+01 1.171603e+02
      vertex   -3.577340e+01 -2.348979e+01 1.172551e+02
      vertex   -3.616798e+01 -2.400845e+01 1.176606e+02
    endloop
  endfacet
  facet normal 8.525904e-01 -4.699998e-01 2.284509e-01
    outer loop
      vertex   -3.616798e+01 -2.400845e+01 1.176606e+02
      vertex   -3.577340e+01 -2.348979e+01 1.172551e+02
      vertex   -3.589496e+01 -2.348979e+01 1.177088e+02
    endloop
  endfacet
  facet normal 8.675602e-01 -2.892727e-01 4.045500e-01
    outer loop
      vertex   -3.596285e+01 -2.457123e+01 1.166055e+02
      vertex   -3.581500e+01 -2.400845e+01 1.166908e+02
      vertex   -3.619434e+01 -2.457123e+01 1.171019e+02
    endloop
  endfacet
  facet normal 8.675602e-01 -2.892727e-01 4.045500e-01
    outer loop
      vertex   -3.619434e+01 -2.457123e+01 1.171019e+02
      vertex   -3.581500e+01 -2.400845e+01 1.166908e+02
      vertex   -3.603391e+01 -2.400845e+01 1.171603e+02
    endloop
  endfacet
  facet normal 9.246294e-01 -2.892727e-01 2.477537e-01
    outer loop
      vertex   -3.619434e+01 -2.457123e+01 1.171019e+02
      vertex   -3.603391e+01 -2.400845e+01 1.171603e+02
      vertex   -3.633610e+01 -2.457123e+01 1.176310e+02
    endloop
  endfacet
  facet normal 9.246294e-01 -2.892727e-01 2.477537e-01
    outer loop
      vertex   -3.633610e+01 -2.457123e+01 1.176310e+02
      vertex   -3.603391e+01 -2.400845e+01 1.171603e+02
      vertex   -3.616798e+01 -2.400845e+01 1.176606e+02
    endloop
  endfacet
  facet normal 1.591638e-15 -9.801714e-02 9.951847e-01
    outer loop
      vertex   -3.324149e+01 -2.515650e+01 1.149766e+02
      vertex   -7.241487e+00 -2.515650e+01 1.149766e+02
      vertex   -2.024149e+01 -2.457123e+01 1.150343e+02
    endloop
  endfacet
  facet normal 1.034306e-15 -9.801714e-02 9.951847e-01
    outer loop
      vertex   -2.024149e+01 -2.457123e+01 1.150343e+02
      vertex   -7.241487e+00 -2.515650e+01 1.149766e+02
      vertex   -7.241487e+00 -2.457123e+01 1.150343e+02
    endloop
  endfacet
  facet normal 8.874110e-16 -2.902847e-01 9.569403e-01
    outer loop
      vertex   -2.024149e+01 -2.457123e+01 1.150343e+02
      vertex   -7.241487e+00 -2.457123e+01 1.150343e+02
      vertex   -2.024149e+01 -2.400845e+01 1.152050e+02
    endloop
  endfacet
  facet normal 8.080804e-16 -2.902847e-01 9.569403e-01
    outer loop
      vertex   -2.024149e+01 -2.400845e+01 1.152050e+02
      vertex   -7.241487e+00 -2.457123e+01 1.150343e+02
      vertex   -7.241487e+00 -2.400845e+01 1.152050e+02
    endloop
  endfacet
  facet normal 5.775879e-16 -4.713967e-01 8.819213e-01
    outer loop
      vertex   -2.024149e+01 -2.400845e+01 1.152050e+02
      vertex   -7.241487e+00 -2.400845e+01 1.152050e+02
      vertex   -2.024149e+01 -2.348979e+01 1.154822e+02
    endloop
  endfacet
  facet normal 2.763371e-15 -4.713967e-01 8.819213e-01
    outer loop
      vertex   -2.024149e+01 -2.348979e+01 1.154822e+02
      vertex   -7.241487e+00 -2.400845e+01 1.152050e+02
      vertex   -7.241487e+00 -2.348979e+01 1.154822e+02
    endloop
  endfacet
  facet normal 2.361662e-15 -6.343933e-01 7.730105e-01
    outer loop
      vertex   -2.024149e+01 -2.348979e+01 1.154822e+02
      vertex   -7.241487e+00 -2.348979e+01 1.154822e+02
      vertex   -2.024149e+01 -2.303518e+01 1.158553e+02
    endloop
  endfacet
  facet normal 3.248989e-16 -6.343933e-01 7.730105e-01
    outer loop
      vertex   -2.024149e+01 -2.303518e+01 1.158553e+02
      vertex   -7.241487e+00 -2.348979e+01 1.154822e+02
      vertex   -7.241487e+00 -2.303518e+01 1.158553e+02
    endloop
  endfacet
  facet normal 5.972434e-17 -7.730105e-01 6.343933e-01
    outer loop
      vertex   -2.024149e+01 -2.303518e+01 1.158553e+02
      vertex   -7.241487e+00 -2.303518e+01 1.158553e+02
      vertex   -2.024149e+01 -2.266209e+01 1.163099e+02
    endloop
  endfacet
  facet normal 6.934824e-16 -7.730105e-01 6.343933e-01
    outer loop
      vertex   -2.024149e+01 -2.266209e+01 1.163099e+02
      vertex   -7.241487e+00 -2.303518e+01 1.158553e+02
      vertex   -7.241487e+00 -2.266209e+01 1.163099e+02
    endloop
  endfacet
  facet normal 5.153039e-16 -8.819213e-01 4.713967e-01
    outer loop
      vertex   -2.024149e+01 -2.266209e+01 1.163099e+02
      vertex   -7.241487e+00 -2.266209e+01 1.163099e+02
      vertex   -2.024149e+01 -2.238486e+01 1.168286e+02
    endloop
  endfacet
  facet normal 9.973368e-16 -8.819213e-01 4.713967e-01
    outer loop
      vertex   -2.024149e+01 -2.238486e+01 1.168286e+02
      vertex   -7.241487e+00 -2.266209e+01 1.163099e+02
      vertex   -7.241487e+00 -2.238486e+01 1.168286e+02
    endloop
  endfacet
  facet normal 8.403587e-16 -9.569403e-01 2.902847e-01
    outer loop
      vertex   -2.024149e+01 -2.238486e+01 1.168286e+02
      vertex   -7.241487e+00 -2.238486e+01 1.168286e+02
      vertex   -2.024149e+01 -2.221414e+01 1.173914e+02
    endloop
  endfacet
  facet normal 3.173226e-16 -9.569403e-01 2.902847e-01
    outer loop
      vertex   -2.024149e+01 -2.221414e+01 1.173914e+02
      vertex   -7.241487e+00 -2.238486e+01 1.168286e+02
      vertex   -7.241487e+00 -2.221414e+01 1.173914e+02
    endloop
  endfacet
  facet normal 1.071467e-16 -9.951847e-01 9.801714e-02
    outer loop
      vertex   -2.024149e+01 -2.221414e+01 1.173914e+02
      vertex   -7.241487e+00 -2.221414e+01 1.173914e+02
      vertex   -7.241487e+00 -2.215650e+01 1.179766e+02
    endloop
  endfacet
  facet normal -5.767629e-17 -9.951847e-01 9.801714e-02
    outer loop
      vertex   -7.241487e+00 -2.215650e+01 1.179766e+02
      vertex   -3.324149e+01 -2.215650e+01 1.179766e+02
      vertex   -2.024149e+01 -2.221414e+01 1.173914e+02
    endloop
  endfacet
  facet normal -6.016157e-16 -9.951847e-01 9.801714e-02
    outer loop
      vertex   -2.024149e+01 -2.221414e+01 1.173914e+02
      vertex   -3.324149e+01 -2.215650e+01 1.179766e+02
      vertex   -3.324149e+01 -2.221414e+01 1.173914e+02
    endloop
  endfacet
  facet normal -1.499091e-16 -9.569403e-01 2.902847e-01
    outer loop
      vertex   -2.024149e+01 -2.221414e+01 1.173914e+02
      vertex   -3.324149e+01 -2.221414e+01 1.173914e+02
      vertex   -2.024149e+01 -2.238486e+01 1.168286e+02
    endloop
  endfacet
  facet normal -9.410461e-17 -9.569403e-01 2.902847e-01
    outer loop
      vertex   -2.024149e+01 -2.238486e+01 1.168286e+02
      vertex   -3.324149e+01 -2.221414e+01 1.173914e+02
      vertex   -3.324149e+01 -2.238486e+01 1.168286e+02
    endloop
  endfacet
  facet normal 5.818459e-16 -8.819213e-01 4.713967e-01
    outer loop
      vertex   -2.024149e+01 -2.238486e+01 1.168286e+02
      vertex   -3.324149e+01 -2.238486e+01 1.168286e+02
      vertex   -2.024149e+01 -2.266209e+01 1.163099e+02
    endloop
  endfacet
  facet normal 8.228623e-16 -8.819213e-01 4.713967e-01
    outer loop
      vertex   -2.024149e+01 -2.266209e+01 1.163099e+02
      vertex   -3.324149e+01 -2.238486e+01 1.168286e+02
      vertex   -3.324149e+01 -2.266209e+01 1.163099e+02
    endloop
  endfacet
  facet normal 1.446689e-15 -7.730105e-01 6.343933e-01
    outer loop
      vertex   -2.024149e+01 -2.266209e+01 1.163099e+02
      vertex   -3.324149e+01 -2.266209e+01 1.163099e+02
      vertex   -2.024149e+01 -2.303518e+01 1.158553e+02
    endloop
  endfacet
  facet normal 1.386965e-15 -7.730105e-01 6.343933e-01
    outer loop
      vertex   -2.024149e+01 -2.303518e+01 1.158553e+02
      vertex   -3.324149e+01 -2.266209e+01 1.163099e+02
      vertex   -3.324149e+01 -2.303518e+01 1.158553e+02
    endloop
  endfacet
  facet normal 1.690021e-15 -6.343933e-01 7.730105e-01
    outer loop
      vertex   -2.024149e+01 -2.303518e+01 1.158553e+02
      vertex   -3.324149e+01 -2.303518e+01 1.158553e+02
      vertex   -2.024149e+01 -2.348979e+01 1.154822e+02
    endloop
  endfacet
  facet normal 4.982695e-16 -6.343933e-01 7.730105e-01
    outer loop
      vertex   -2.024149e+01 -2.348979e+01 1.154822e+02
      vertex   -3.324149e+01 -2.303518e+01 1.158553e+02
      vertex   -3.324149e+01 -2.348979e+01 1.154822e+02
    endloop
  endfacet
  facet normal 7.064138e-16 -4.713967e-01 8.819213e-01
    outer loop
      vertex   -2.024149e+01 -2.348979e+01 1.154822e+02
      vertex   -3.324149e+01 -2.348979e+01 1.154822e+02
      vertex   -2.024149e+01 -2.400845e+01 1.152050e+02
    endloop
  endfacet
  facet normal 2.892197e-15 -4.713967e-01 8.819213e-01
    outer loop
      vertex   -2.024149e+01 -2.400845e+01 1.152050e+02
      vertex   -3.324149e+01 -2.348979e+01 1.154822e+02
      vertex   -3.324149e+01 -2.400845e+01 1.152050e+02
    endloop
  endfacet
  facet normal 3.138217e-15 -2.902847e-01 9.569403e-01
    outer loop
      vertex   -2.024149e+01 -2.400845e+01 1.152050e+02
      vertex   -3.324149e+01 -2.400845e+01 1.152050e+02
      vertex   -2.024149e+01 -2.457123e+01 1.150343e+02
    endloop
  endfacet
  facet normal 1.046072e-15 -2.902847e-01 9.569403e-01
    outer loop
      vertex   -2.024149e+01 -2.457123e+01 1.150343e+02
      vertex   -3.324149e+01 -2.400845e+01 1.152050e+02
      vertex   -3.324149e+01 -2.457123e+01 1.150343e+02
    endloop
  endfacet
  facet normal 1.087879e-15 -9.801714e-02 9.951847e-01
    outer loop
      vertex   -2.024149e+01 -2.457123e+01 1.150343e+02
      vertex   -3.324149e+01 -2.457123e+01 1.150343e+02
      vertex   -3.324149e+01 -2.515650e+01 1.149766e+02
    endloop
  endfacet
  facet normal -9.914339e-01 -9.764772e-02 8.673923e-02
    outer loop
      vertex   -4.041487e+00 -2.515650e+01 1.181766e+02
      vertex   -4.099131e+00 -2.457123e+01 1.181766e+02
      vertex   -4.090102e+00 -2.515650e+01 1.176210e+02
    endloop
  endfacet
  facet normal -9.914339e-01 -9.764772e-02 8.673923e-02
    outer loop
      vertex   -4.090102e+00 -2.515650e+01 1.176210e+02
      vertex   -4.099131e+00 -2.457123e+01 1.181766e+02
      vertex   -4.146870e+00 -2.457123e+01 1.176310e+02
    endloop
  endfacet
  facet normal -9.613097e-01 -9.764772e-02 2.575822e-01
    outer loop
      vertex   -4.090102e+00 -2.515650e+01 1.176210e+02
      vertex   -4.146870e+00 -2.457123e+01 1.176310e+02
      vertex   -4.234470e+00 -2.515650e+01 1.170822e+02
    endloop
  endfacet
  facet normal -9.613097e-01 -9.764772e-02 2.575822e-01
    outer loop
      vertex   -4.234470e+00 -2.515650e+01 1.170822e+02
      vertex   -4.146870e+00 -2.457123e+01 1.176310e+02
      vertex   -4.288638e+00 -2.457123e+01 1.171019e+02
    endloop
  endfacet
  facet normal -9.019766e-01 -9.764772e-02 4.205986e-01
    outer loop
      vertex   -4.234470e+00 -2.515650e+01 1.170822e+02
      vertex   -4.288638e+00 -2.457123e+01 1.171019e+02
      vertex   -4.470205e+00 -2.515650e+01 1.165766e+02
    endloop
  endfacet
  facet normal -9.019766e-01 -9.764772e-02 4.205986e-01
    outer loop
      vertex   -4.470205e+00 -2.515650e+01 1.165766e+02
      vertex   -4.288638e+00 -2.457123e+01 1.171019e+02
      vertex   -4.520127e+00 -2.457123e+01 1.166055e+02
    endloop
  endfacet
  facet normal -8.152374e-01 -9.764772e-02 5.708353e-01
    outer loop
      vertex   -4.470205e+00 -2.515650e+01 1.165766e+02
      vertex   -4.520127e+00 -2.457123e+01 1.166055e+02
      vertex   -4.790144e+00 -2.515650e+01 1.161197e+02
    endloop
  endfacet
  facet normal -8.152374e-01 -9.764772e-02 5.708353e-01
    outer loop
      vertex   -4.790144e+00 -2.515650e+01 1.161197e+02
      vertex   -4.520127e+00 -2.457123e+01 1.166055e+02
      vertex   -4.834302e+00 -2.457123e+01 1.161568e+02
    endloop
  endfacet
  facet normal -7.037275e-01 -9.764772e-02 7.037275e-01
    outer loop
      vertex   -4.790144e+00 -2.515650e+01 1.161197e+02
      vertex   -4.834302e+00 -2.457123e+01 1.161568e+02
      vertex   -5.184566e+00 -2.515650e+01 1.157253e+02
    endloop
  endfacet
  facet normal -7.037275e-01 -9.764772e-02 7.037275e-01
    outer loop
      vertex   -5.184566e+00 -2.515650e+01 1.157253e+02
      vertex   -4.834302e+00 -2.457123e+01 1.161568e+02
      vertex   -5.221619e+00 -2.457123e+01 1.157695e+02
    endloop
  endfacet
  facet normal -5.708353e-01 -9.764772e-02 8.152374e-01
    outer loop
      vertex   -5.184566e+00 -2.515650e+01 1.157253e+02
      vertex   -5.221619e+00 -2.457123e+01 1.157695e+02
      vertex   -5.641487e+00 -2.515650e+01 1.154054e+02
    endloop
  endfacet
  facet normal -5.708353e-01 -9.764772e-02 8.152374e-01
    outer loop
      vertex   -5.641487e+00 -2.515650e+01 1.154054e+02
      vertex   -5.221619e+00 -2.457123e+01 1.157695e+02
      vertex   -5.670309e+00 -2.457123e+01 1.154553e+02
    endloop
  endfacet
  facet normal -4.205986e-01 -9.764772e-02 9.019766e-01
    outer loop
      vertex   -5.641487e+00 -2.515650e+01 1.154054e+02
      vertex   -5.670309e+00 -2.457123e+01 1.154553e+02
      vertex   -6.147022e+00 -2.515650e+01 1.151696e+02
    endloop
  endfacet
  facet normal -4.205986e-01 -9.764772e-02 9.019766e-01
    outer loop
      vertex   -6.147022e+00 -2.515650e+01 1.151696e+02
      vertex   -5.670309e+00 -2.457123e+01 1.154553e+02
      vertex   -6.166738e+00 -2.457123e+01 1.152238e+02
    endloop
  endfacet
  facet normal -2.575822e-01 -9.764772e-02 9.613097e-01
    outer loop
      vertex   -6.147022e+00 -2.515650e+01 1.151696e+02
      vertex   -6.166738e+00 -2.457123e+01 1.152238e+02
      vertex   -6.685812e+00 -2.515650e+01 1.150253e+02
    endloop
  endfacet
  facet normal -2.575822e-01 -9.764772e-02 9.613097e-01
    outer loop
      vertex   -6.685812e+00 -2.515650e+01 1.150253e+02
      vertex   -6.166738e+00 -2.457123e+01 1.152238e+02
      vertex   -6.695822e+00 -2.457123e+01 1.150820e+02
    endloop
  endfacet
  facet normal -8.673923e-02 -9.764772e-02 9.914339e-01
    outer loop
      vertex   -6.685812e+00 -2.515650e+01 1.150253e+02
      vertex   -6.695822e+00 -2.457123e+01 1.150820e+02
      vertex   -7.241487e+00 -2.515650e+01 1.149766e+02
    endloop
  endfacet
  facet normal -8.673923e-02 -9.764772e-02 9.914339e-01
    outer loop
      vertex   -7.241487e+00 -2.515650e+01 1.149766e+02
      vertex   -6.695822e+00 -2.457123e+01 1.150820e+02
      vertex   -7.241487e+00 -2.457123e+01 1.150343e+02
    endloop
  endfacet
  facet normal -8.342955e-02 -2.892727e-01 9.536041e-01
    outer loop
      vertex   -7.241487e+00 -2.457123e+01 1.150343e+02
      vertex   -6.695822e+00 -2.457123e+01 1.150820e+02
      vertex   -6.725467e+00 -2.400845e+01 1.152501e+02
    endloop
  endfacet
  facet normal -8.342955e-02 -2.892727e-01 9.536041e-01
    outer loop
      vertex   -7.241487e+00 -2.457123e+01 1.150343e+02
      vertex   -6.725467e+00 -2.400845e+01 1.152501e+02
      vertex   -7.241487e+00 -2.400845e+01 1.152050e+02
    endloop
  endfacet
  facet normal -7.692946e-02 -4.699998e-01 8.793077e-01
    outer loop
      vertex   -7.241487e+00 -2.400845e+01 1.152050e+02
      vertex   -6.725467e+00 -2.400845e+01 1.152501e+02
      vertex   -6.773607e+00 -2.348979e+01 1.155232e+02
    endloop
  endfacet
  facet normal -7.692946e-02 -4.699998e-01 8.793077e-01
    outer loop
      vertex   -7.241487e+00 -2.400845e+01 1.152050e+02
      vertex   -6.773607e+00 -2.348979e+01 1.155232e+02
      vertex   -7.241487e+00 -2.348979e+01 1.154822e+02
    endloop
  endfacet
  facet normal -6.747552e-02 -6.329475e-01 7.712487e-01
    outer loop
      vertex   -7.241487e+00 -2.348979e+01 1.154822e+02
      vertex   -6.773607e+00 -2.348979e+01 1.155232e+02
      vertex   -6.838394e+00 -2.303518e+01 1.158906e+02
    endloop
  endfacet
  facet normal -6.747552e-02 -6.329475e-01 7.712487e-01
    outer loop
      vertex   -7.241487e+00 -2.348979e+01 1.154822e+02
      vertex   -6.838394e+00 -2.303518e+01 1.158906e+02
      vertex   -7.241487e+00 -2.303518e+01 1.158553e+02
    endloop
  endfacet
  facet normal -5.541693e-02 -7.718226e-01 6.334184e-01
    outer loop
      vertex   -7.241487e+00 -2.303518e+01 1.158553e+02
      vertex   -6.838394e+00 -2.303518e+01 1.158906e+02
      vertex   -6.917336e+00 -2.266209e+01 1.163383e+02
    endloop
  endfacet
  facet normal -5.541693e-02 -7.718226e-01 6.334184e-01
    outer loop
      vertex   -7.241487e+00 -2.303518e+01 1.158553e+02
      vertex   -6.917336e+00 -2.266209e+01 1.163383e+02
      vertex   -7.241487e+00 -2.266209e+01 1.163099e+02
    endloop
  endfacet
  facet normal -4.120684e-02 -8.811722e-01 4.709964e-01
    outer loop
      vertex   -7.241487e+00 -2.266209e+01 1.163099e+02
      vertex   -6.917336e+00 -2.266209e+01 1.163383e+02
      vertex   -7.007400e+00 -2.238486e+01 1.168491e+02
    endloop
  endfacet
  facet normal -4.120684e-02 -8.811722e-01 4.709964e-01
    outer loop
      vertex   -7.241487e+00 -2.266209e+01 1.163099e+02
      vertex   -7.007400e+00 -2.238486e+01 1.168491e+02
      vertex   -7.241487e+00 -2.238486e+01 1.168286e+02
    endloop
  endfacet
  facet normal -2.538843e-02 -9.566319e-01 2.901911e-01
    outer loop
      vertex   -7.241487e+00 -2.238486e+01 1.168286e+02
      vertex   -7.007400e+00 -2.238486e+01 1.168491e+02
      vertex   -7.105126e+00 -2.221414e+01 1.174033e+02
    endloop
  endfacet
  facet normal -2.538843e-02 -9.566319e-01 2.901911e-01
    outer loop
      vertex   -7.241487e+00 -2.238486e+01 1.168286e+02
      vertex   -7.105126e+00 -2.221414e+01 1.174033e+02
      vertex   -7.241487e+00 -2.221414e+01 1.173914e+02
    endloop
  endfacet
  facet normal -8.575073e-03 -9.951481e-01 9.801354e-02
    outer loop
      vertex   -7.241487e+00 -2.221414e+01 1.173914e+02
      vertex   -7.105126e+00 -2.221414e+01 1.174033e+02
      vertex   -7.241487e+00 -2.215650e+01 1.179766e+02
    endloop
  endfacet
  facet normal -1.277298e-02 -9.952004e-01 9.702038e-02
    outer loop
      vertex   -7.241487e+00 -2.215650e+01 1.179766e+02
      vertex   -7.105126e+00 -2.221414e+01 1.174033e+02
      vertex   -7.189723e+00 -2.215650e+01 1.179835e+02
    endloop
  endfacet
  facet normal -2.549763e-02 -9.951355e-01 9.515845e-02
    outer loop
      vertex   -7.189723e+00 -2.215650e+01 1.179835e+02
      vertex   -7.105126e+00 -2.221414e+01 1.174033e+02
      vertex   -6.972908e+00 -2.221414e+01 1.174387e+02
    endloop
  endfacet
  facet normal -3.744847e-02 -9.952004e-01 9.040860e-02
    outer loop
      vertex   -7.189723e+00 -2.215650e+01 1.179835e+02
      vertex   -6.972908e+00 -2.221414e+01 1.174387e+02
      vertex   -7.141487e+00 -2.215650e+01 1.180034e+02
    endloop
  endfacet
  facet normal -4.158054e-02 -9.951481e-01 8.916975e-02
    outer loop
      vertex   -7.141487e+00 -2.215650e+01 1.180034e+02
      vertex   -6.972908e+00 -2.221414e+01 1.174387e+02
      vertex   -6.848851e+00 -2.221414e+01 1.174966e+02
    endloop
  endfacet
  facet normal -5.643300e-02 -9.951481e-01 8.059468e-02
    outer loop
      vertex   -7.141487e+00 -2.215650e+01 1.180034e+02
      vertex   -6.848851e+00 -2.221414e+01 1.174966e+02
      vertex   -6.736724e+00 -2.221414e+01 1.175751e+02
    endloop
  endfacet
  facet normal -1.670826e-01 -9.566319e-01 2.386187e-01
    outer loop
      vertex   -6.736724e+00 -2.221414e+01 1.175751e+02
      vertex   -6.848851e+00 -2.221414e+01 1.174966e+02
      vertex   -6.567462e+00 -2.238486e+01 1.170092e+02
    endloop
  endfacet
  facet normal -1.670826e-01 -9.566319e-01 2.386187e-01
    outer loop
      vertex   -6.736724e+00 -2.221414e+01 1.175751e+02
      vertex   -6.567462e+00 -2.238486e+01 1.170092e+02
      vertex   -6.374977e+00 -2.238486e+01 1.171440e+02
    endloop
  endfacet
  facet normal -2.711843e-01 -8.811722e-01 3.872914e-01
    outer loop
      vertex   -6.374977e+00 -2.238486e+01 1.171440e+02
      vertex   -6.567462e+00 -2.238486e+01 1.170092e+02
      vertex   -6.308131e+00 -2.266209e+01 1.165600e+02
    endloop
  endfacet
  facet normal -2.711843e-01 -8.811722e-01 3.872914e-01
    outer loop
      vertex   -6.374977e+00 -2.238486e+01 1.171440e+02
      vertex   -6.308131e+00 -2.266209e+01 1.165600e+02
      vertex   -6.041588e+00 -2.266209e+01 1.167467e+02
    endloop
  endfacet
  facet normal -3.647017e-01 -7.718226e-01 5.208480e-01
    outer loop
      vertex   -6.041588e+00 -2.266209e+01 1.167467e+02
      vertex   -6.308131e+00 -2.266209e+01 1.165600e+02
      vertex   -6.080826e+00 -2.303518e+01 1.161663e+02
    endloop
  endfacet
  facet normal -3.647017e-01 -7.718226e-01 5.208480e-01
    outer loop
      vertex   -6.041588e+00 -2.266209e+01 1.167467e+02
      vertex   -6.080826e+00 -2.303518e+01 1.161663e+02
      vertex   -5.749371e+00 -2.303518e+01 1.163984e+02
    endloop
  endfacet
  facet normal -4.440599e-01 -6.329475e-01 6.341832e-01
    outer loop
      vertex   -5.749371e+00 -2.303518e+01 1.163984e+02
      vertex   -6.080826e+00 -2.303518e+01 1.161663e+02
      vertex   -5.894282e+00 -2.348979e+01 1.158432e+02
    endloop
  endfacet
  facet normal -4.440599e-01 -6.329475e-01 6.341832e-01
    outer loop
      vertex   -5.749371e+00 -2.303518e+01 1.163984e+02
      vertex   -5.894282e+00 -2.348979e+01 1.158432e+02
      vertex   -5.509554e+00 -2.348979e+01 1.161126e+02
    endloop
  endfacet
  facet normal -5.062767e-01 -4.699998e-01 7.230381e-01
    outer loop
      vertex   -5.509554e+00 -2.348979e+01 1.161126e+02
      vertex   -5.894282e+00 -2.348979e+01 1.158432e+02
      vertex   -5.755667e+00 -2.400845e+01 1.156031e+02
    endloop
  endfacet
  facet normal -5.062767e-01 -4.699998e-01 7.230381e-01
    outer loop
      vertex   -5.509554e+00 -2.348979e+01 1.161126e+02
      vertex   -5.755667e+00 -2.400845e+01 1.156031e+02
      vertex   -5.331354e+00 -2.400845e+01 1.159002e+02
    endloop
  endfacet
  facet normal -5.490542e-01 -2.892727e-01 7.841306e-01
    outer loop
      vertex   -5.331354e+00 -2.400845e+01 1.159002e+02
      vertex   -5.755667e+00 -2.400845e+01 1.156031e+02
      vertex   -5.670309e+00 -2.457123e+01 1.154553e+02
    endloop
  endfacet
  facet normal -5.490542e-01 -2.892727e-01 7.841306e-01
    outer loop
      vertex   -5.331354e+00 -2.400845e+01 1.159002e+02
      vertex   -5.670309e+00 -2.457123e+01 1.154553e+02
      vertex   -5.221619e+00 -2.457123e+01 1.157695e+02
    endloop
  endfacet
  facet normal -9.536041e-01 -2.892727e-01 8.342955e-02
    outer loop
      vertex   -4.099131e+00 -2.457123e+01 1.181766e+02
      vertex   -4.269848e+00 -2.400845e+01 1.181766e+02
      vertex   -4.146870e+00 -2.457123e+01 1.176310e+02
    endloop
  endfacet
  facet normal -9.536041e-01 -2.892727e-01 8.342955e-02
    outer loop
      vertex   -4.146870e+00 -2.457123e+01 1.176310e+02
      vertex   -4.269848e+00 -2.400845e+01 1.181766e+02
      vertex   -4.314994e+00 -2.400845e+01 1.176606e+02
    endloop
  endfacet
  facet normal -9.246294e-01 -2.892727e-01 2.477537e-01
    outer loop
      vertex   -4.146870e+00 -2.457123e+01 1.176310e+02
      vertex   -4.314994e+00 -2.400845e+01 1.176606e+02
      vertex   -4.288638e+00 -2.457123e+01 1.171019e+02
    endloop
  endfacet
  facet normal -9.246294e-01 -2.892727e-01 2.477537e-01
    outer loop
      vertex   -4.288638e+00 -2.457123e+01 1.171019e+02
      vertex   -4.314994e+00 -2.400845e+01 1.176606e+02
      vertex   -4.449060e+00 -2.400845e+01 1.171603e+02
    endloop
  endfacet
  facet normal -8.675602e-01 -2.892727e-01 4.045500e-01
    outer loop
      vertex   -4.288638e+00 -2.457123e+01 1.171019e+02
      vertex   -4.449060e+00 -2.400845e+01 1.171603e+02
      vertex   -4.520127e+00 -2.457123e+01 1.166055e+02
    endloop
  endfacet
  facet normal -8.675602e-01 -2.892727e-01 4.045500e-01
    outer loop
      vertex   -4.520127e+00 -2.457123e+01 1.166055e+02
      vertex   -4.449060e+00 -2.400845e+01 1.171603e+02
      vertex   -4.667972e+00 -2.400845e+01 1.166908e+02
    endloop
  endfacet
  facet normal -7.841306e-01 -2.892727e-01 5.490542e-01
    outer loop
      vertex   -4.520127e+00 -2.457123e+01 1.166055e+02
      vertex   -4.667972e+00 -2.400845e+01 1.166908e+02
      vertex   -4.834302e+00 -2.457123e+01 1.161568e+02
    endloop
  endfacet
  facet normal -7.841306e-01 -2.892727e-01 5.490542e-01
    outer loop
      vertex   -4.834302e+00 -2.457123e+01 1.161568e+02
      vertex   -4.667972e+00 -2.400845e+01 1.166908e+02
      vertex   -4.965079e+00 -2.400845e+01 1.162665e+02
    endloop
  endfacet
  facet normal -6.768757e-01 -2.892727e-01 6.768757e-01
    outer loop
      vertex   -4.834302e+00 -2.457123e+01 1.161568e+02
      vertex   -4.965079e+00 -2.400845e+01 1.162665e+02
      vertex   -5.221619e+00 -2.457123e+01 1.157695e+02
    endloop
  endfacet
  facet normal -6.768757e-01 -2.892727e-01 6.768757e-01
    outer loop
      vertex   -5.221619e+00 -2.457123e+01 1.157695e+02
      vertex   -4.965079e+00 -2.400845e+01 1.162665e+02
      vertex   -5.331354e+00 -2.400845e+01 1.159002e+02
    endloop
  endfacet
  facet normal -8.793077e-01 -4.699998e-01 7.692946e-02
    outer loop
      vertex   -4.269848e+00 -2.400845e+01 1.181766e+02
      vertex   -4.547078e+00 -2.348979e+01 1.181766e+02
      vertex   -4.314994e+00 -2.400845e+01 1.176606e+02
    endloop
  endfacet
  facet normal -8.793077e-01 -4.699998e-01 7.692946e-02
    outer loop
      vertex   -4.314994e+00 -2.400845e+01 1.176606e+02
      vertex   -4.547078e+00 -2.348979e+01 1.181766e+02
      vertex   -4.588012e+00 -2.348979e+01 1.177088e+02
    endloop
  endfacet
  facet normal -8.525904e-01 -4.699998e-01 2.284509e-01
    outer loop
      vertex   -4.314994e+00 -2.400845e+01 1.176606e+02
      vertex   -4.588012e+00 -2.348979e+01 1.177088e+02
      vertex   -4.449060e+00 -2.400845e+01 1.171603e+02
    endloop
  endfacet
  facet normal -8.525904e-01 -4.699998e-01 2.284509e-01
    outer loop
      vertex   -4.449060e+00 -2.400845e+01 1.171603e+02
      vertex   -4.588012e+00 -2.348979e+01 1.177088e+02
      vertex   -4.709571e+00 -2.348979e+01 1.172551e+02
    endloop
  endfacet
  facet normal -7.999676e-01 -4.699998e-01 3.730310e-01
    outer loop
      vertex   -4.449060e+00 -2.400845e+01 1.171603e+02
      vertex   -4.709571e+00 -2.348979e+01 1.172551e+02
      vertex   -4.667972e+00 -2.400845e+01 1.166908e+02
    endloop
  endfacet
  facet normal -7.999676e-01 -4.699998e-01 3.730310e-01
    outer loop
      vertex   -4.667972e+00 -2.400845e+01 1.166908e+02
      vertex   -4.709571e+00 -2.348979e+01 1.172551e+02
      vertex   -4.908060e+00 -2.348979e+01 1.168294e+02
    endloop
  endfacet
  facet normal -7.230381e-01 -4.699998e-01 5.062767e-01
    outer loop
      vertex   -4.667972e+00 -2.400845e+01 1.166908e+02
      vertex   -4.908060e+00 -2.348979e+01 1.168294e+02
      vertex   -4.965079e+00 -2.400845e+01 1.162665e+02
    endloop
  endfacet
  facet normal -7.230381e-01 -4.699998e-01 5.062767e-01
    outer loop
      vertex   -4.965079e+00 -2.400845e+01 1.162665e+02
      vertex   -4.908060e+00 -2.348979e+01 1.168294e+02
      vertex   -5.177450e+00 -2.348979e+01 1.164447e+02
    endloop
  endfacet
  facet normal -6.241395e-01 -4.699998e-01 6.241395e-01
    outer loop
      vertex   -4.965079e+00 -2.400845e+01 1.162665e+02
      vertex   -5.177450e+00 -2.348979e+01 1.164447e+02
      vertex   -5.331354e+00 -2.400845e+01 1.159002e+02
    endloop
  endfacet
  facet normal -6.241395e-01 -4.699998e-01 6.241395e-01
    outer loop
      vertex   -5.331354e+00 -2.400845e+01 1.159002e+02
      vertex   -5.177450e+00 -2.348979e+01 1.164447e+02
      vertex   -5.509554e+00 -2.348979e+01 1.161126e+02
    endloop
  endfacet
  facet normal -7.712487e-01 -6.329475e-01 6.747552e-02
    outer loop
      vertex   -4.547078e+00 -2.348979e+01 1.181766e+02
      vertex   -4.920166e+00 -2.303518e+01 1.181766e+02
      vertex   -4.588012e+00 -2.348979e+01 1.177088e+02
    endloop
  endfacet
  facet normal -7.712487e-01 -6.329475e-01 6.747552e-02
    outer loop
      vertex   -4.588012e+00 -2.348979e+01 1.177088e+02
      vertex   -4.920166e+00 -2.303518e+01 1.181766e+02
      vertex   -4.955432e+00 -2.303518e+01 1.177735e+02
    endloop
  endfacet
  facet normal -7.478147e-01 -6.329475e-01 2.003763e-01
    outer loop
      vertex   -4.588012e+00 -2.348979e+01 1.177088e+02
      vertex   -4.955432e+00 -2.303518e+01 1.177735e+02
      vertex   -4.709571e+00 -2.348979e+01 1.172551e+02
    endloop
  endfacet
  facet normal -7.478147e-01 -6.329475e-01 2.003763e-01
    outer loop
      vertex   -4.709571e+00 -2.348979e+01 1.172551e+02
      vertex   -4.955432e+00 -2.303518e+01 1.177735e+02
      vertex   -5.060159e+00 -2.303518e+01 1.173827e+02
    endloop
  endfacet
  facet normal -7.016587e-01 -6.329475e-01 3.271888e-01
    outer loop
      vertex   -4.709571e+00 -2.348979e+01 1.172551e+02
      vertex   -5.060159e+00 -2.303518e+01 1.173827e+02
      vertex   -4.908060e+00 -2.348979e+01 1.168294e+02
    endloop
  endfacet
  facet normal -7.016587e-01 -6.329475e-01 3.271888e-01
    outer loop
      vertex   -4.908060e+00 -2.348979e+01 1.168294e+02
      vertex   -5.060159e+00 -2.303518e+01 1.173827e+02
      vertex   -5.231164e+00 -2.303518e+01 1.170160e+02
    endloop
  endfacet
  facet normal -6.341832e-01 -6.329475e-01 4.440599e-01
    outer loop
      vertex   -4.908060e+00 -2.348979e+01 1.168294e+02
      vertex   -5.231164e+00 -2.303518e+01 1.170160e+02
      vertex   -5.177450e+00 -2.348979e+01 1.164447e+02
    endloop
  endfacet
  facet normal -6.341832e-01 -6.329475e-01 4.440599e-01
    outer loop
      vertex   -5.177450e+00 -2.348979e+01 1.164447e+02
      vertex   -5.231164e+00 -2.303518e+01 1.170160e+02
      vertex   -5.463252e+00 -2.303518e+01 1.166845e+02
    endloop
  endfacet
  facet normal -5.474384e-01 -6.329475e-01 5.474384e-01
    outer loop
      vertex   -5.177450e+00 -2.348979e+01 1.164447e+02
      vertex   -5.463252e+00 -2.303518e+01 1.166845e+02
      vertex   -5.509554e+00 -2.348979e+01 1.161126e+02
    endloop
  endfacet
  facet normal -5.474384e-01 -6.329475e-01 5.474384e-01
    outer loop
      vertex   -5.509554e+00 -2.348979e+01 1.161126e+02
      vertex   -5.463252e+00 -2.303518e+01 1.166845e+02
      vertex   -5.749371e+00 -2.303518e+01 1.163984e+02
    endloop
  endfacet
  facet normal -6.334184e-01 -7.718226e-01 5.541693e-02
    outer loop
      vertex   -4.920166e+00 -2.303518e+01 1.181766e+02
      vertex   -5.374776e+00 -2.266209e+01 1.181766e+02
      vertex   -4.955432e+00 -2.303518e+01 1.177735e+02
    endloop
  endfacet
  facet normal -6.334184e-01 -7.718226e-01 5.541693e-02
    outer loop
      vertex   -4.955432e+00 -2.303518e+01 1.177735e+02
      vertex   -5.374776e+00 -2.266209e+01 1.181766e+02
      vertex   -5.403135e+00 -2.266209e+01 1.178525e+02
    endloop
  endfacet
  facet normal -6.141723e-01 -7.718226e-01 1.645670e-01
    outer loop
      vertex   -4.955432e+00 -2.303518e+01 1.177735e+02
      vertex   -5.403135e+00 -2.266209e+01 1.178525e+02
      vertex   -5.060159e+00 -2.303518e+01 1.173827e+02
    endloop
  endfacet
  facet normal -6.141723e-01 -7.718226e-01 1.645670e-01
    outer loop
      vertex   -5.060159e+00 -2.303518e+01 1.173827e+02
      vertex   -5.403135e+00 -2.266209e+01 1.178525e+02
      vertex   -5.487352e+00 -2.266209e+01 1.175382e+02
    endloop
  endfacet
  facet normal -5.762649e-01 -7.718226e-01 2.687167e-01
    outer loop
      vertex   -5.060159e+00 -2.303518e+01 1.173827e+02
      vertex   -5.487352e+00 -2.266209e+01 1.175382e+02
      vertex   -5.231164e+00 -2.303518e+01 1.170160e+02
    endloop
  endfacet
  facet normal -5.762649e-01 -7.718226e-01 2.687167e-01
    outer loop
      vertex   -5.231164e+00 -2.303518e+01 1.170160e+02
      vertex   -5.487352e+00 -2.266209e+01 1.175382e+02
      vertex   -5.624868e+00 -2.266209e+01 1.172433e+02
    endloop
  endfacet
  facet normal -5.208480e-01 -7.718226e-01 3.647017e-01
    outer loop
      vertex   -5.231164e+00 -2.303518e+01 1.170160e+02
      vertex   -5.624868e+00 -2.266209e+01 1.172433e+02
      vertex   -5.463252e+00 -2.303518e+01 1.166845e+02
    endloop
  endfacet
  facet normal -5.208480e-01 -7.718226e-01 3.647017e-01
    outer loop
      vertex   -5.463252e+00 -2.303518e+01 1.166845e+02
      vertex   -5.624868e+00 -2.266209e+01 1.172433e+02
      vertex   -5.811503e+00 -2.266209e+01 1.169767e+02
    endloop
  endfacet
  facet normal -4.496053e-01 -7.718226e-01 4.496053e-01
    outer loop
      vertex   -5.463252e+00 -2.303518e+01 1.166845e+02
      vertex   -5.811503e+00 -2.266209e+01 1.169767e+02
      vertex   -5.749371e+00 -2.303518e+01 1.163984e+02
    endloop
  endfacet
  facet normal -4.496053e-01 -7.718226e-01 4.496053e-01
    outer loop
      vertex   -5.749371e+00 -2.303518e+01 1.163984e+02
      vertex   -5.811503e+00 -2.266209e+01 1.169767e+02
      vertex   -6.041588e+00 -2.266209e+01 1.167467e+02
    endloop
  endfacet
  facet normal -4.709964e-01 -8.811722e-01 4.120684e-02
    outer loop
      vertex   -5.374776e+00 -2.266209e+01 1.181766e+02
      vertex   -5.893436e+00 -2.238486e+01 1.181766e+02
      vertex   -5.403135e+00 -2.266209e+01 1.178525e+02
    endloop
  endfacet
  facet normal -4.709964e-01 -8.811722e-01 4.120684e-02
    outer loop
      vertex   -5.403135e+00 -2.266209e+01 1.178525e+02
      vertex   -5.893436e+00 -2.238486e+01 1.181766e+02
      vertex   -5.913916e+00 -2.238486e+01 1.179425e+02
    endloop
  endfacet
  facet normal -4.566854e-01 -8.811722e-01 1.223685e-01
    outer loop
      vertex   -5.403135e+00 -2.266209e+01 1.178525e+02
      vertex   -5.913916e+00 -2.238486e+01 1.179425e+02
      vertex   -5.487352e+00 -2.266209e+01 1.175382e+02
    endloop
  endfacet
  facet normal -4.566854e-01 -8.811722e-01 1.223685e-01
    outer loop
      vertex   -5.487352e+00 -2.266209e+01 1.175382e+02
      vertex   -5.913916e+00 -2.238486e+01 1.179425e+02
      vertex   -5.974734e+00 -2.238486e+01 1.177156e+02
    endloop
  endfacet
  facet normal -4.284982e-01 -8.811722e-01 1.998120e-01
    outer loop
      vertex   -5.487352e+00 -2.266209e+01 1.175382e+02
      vertex   -5.974734e+00 -2.238486e+01 1.177156e+02
      vertex   -5.624868e+00 -2.266209e+01 1.172433e+02
    endloop
  endfacet
  facet normal -4.284982e-01 -8.811722e-01 1.998120e-01
    outer loop
      vertex   -5.624868e+00 -2.266209e+01 1.172433e+02
      vertex   -5.974734e+00 -2.238486e+01 1.177156e+02
      vertex   -6.074041e+00 -2.238486e+01 1.175026e+02
    endloop
  endfacet
  facet normal -3.872914e-01 -8.811722e-01 2.711843e-01
    outer loop
      vertex   -5.624868e+00 -2.266209e+01 1.172433e+02
      vertex   -6.074041e+00 -2.238486e+01 1.175026e+02
      vertex   -5.811503e+00 -2.266209e+01 1.169767e+02
    endloop
  endfacet
  facet normal -3.872914e-01 -8.811722e-01 2.711843e-01
    outer loop
      vertex   -5.811503e+00 -2.266209e+01 1.169767e+02
      vertex   -6.074041e+00 -2.238486e+01 1.175026e+02
      vertex   -6.208820e+00 -2.238486e+01 1.173101e+02
    endloop
  endfacet
  facet normal -3.343169e-01 -8.811722e-01 3.343169e-01
    outer loop
      vertex   -5.811503e+00 -2.266209e+01 1.169767e+02
      vertex   -6.208820e+00 -2.238486e+01 1.173101e+02
      vertex   -6.041588e+00 -2.266209e+01 1.167467e+02
    endloop
  endfacet
  facet normal -3.343169e-01 -8.811722e-01 3.343169e-01
    outer loop
      vertex   -6.041588e+00 -2.266209e+01 1.167467e+02
      vertex   -6.208820e+00 -2.238486e+01 1.173101e+02
      vertex   -6.374977e+00 -2.238486e+01 1.171440e+02
    endloop
  endfacet
  facet normal -2.901911e-01 -9.566319e-01 2.538843e-02
    outer loop
      vertex   -5.893436e+00 -2.238486e+01 1.181766e+02
      vertex   -6.456216e+00 -2.221414e+01 1.181766e+02
      vertex   -5.913916e+00 -2.238486e+01 1.179425e+02
    endloop
  endfacet
  facet normal -2.901911e-01 -9.566319e-01 2.538843e-02
    outer loop
      vertex   -5.913916e+00 -2.238486e+01 1.179425e+02
      vertex   -6.456216e+00 -2.221414e+01 1.181766e+02
      vertex   -6.468146e+00 -2.221414e+01 1.180403e+02
    endloop
  endfacet
  facet normal -2.813738e-01 -9.566319e-01 7.539388e-02
    outer loop
      vertex   -5.913916e+00 -2.238486e+01 1.179425e+02
      vertex   -6.468146e+00 -2.221414e+01 1.180403e+02
      vertex   -5.974734e+00 -2.238486e+01 1.177156e+02
    endloop
  endfacet
  facet normal -2.813738e-01 -9.566319e-01 7.539388e-02
    outer loop
      vertex   -5.974734e+00 -2.238486e+01 1.177156e+02
      vertex   -6.468146e+00 -2.221414e+01 1.180403e+02
      vertex   -6.503573e+00 -2.221414e+01 1.179081e+02
    endloop
  endfacet
  facet normal -2.640071e-01 -9.566319e-01 1.231085e-01
    outer loop
      vertex   -5.974734e+00 -2.238486e+01 1.177156e+02
      vertex   -6.503573e+00 -2.221414e+01 1.179081e+02
      vertex   -6.074041e+00 -2.238486e+01 1.175026e+02
    endloop
  endfacet
  facet normal -2.640071e-01 -9.566319e-01 1.231085e-01
    outer loop
      vertex   -6.074041e+00 -2.238486e+01 1.175026e+02
      vertex   -6.503573e+00 -2.221414e+01 1.179081e+02
      vertex   -6.561422e+00 -2.221414e+01 1.177840e+02
    endloop
  endfacet
  facet normal -2.386187e-01 -9.566319e-01 1.670826e-01
    outer loop
      vertex   -6.074041e+00 -2.238486e+01 1.175026e+02
      vertex   -6.561422e+00 -2.221414e+01 1.177840e+02
      vertex   -6.208820e+00 -2.238486e+01 1.173101e+02
    endloop
  endfacet
  facet normal -2.386187e-01 -9.566319e-01 1.670826e-01
    outer loop
      vertex   -6.208820e+00 -2.238486e+01 1.173101e+02
      vertex   -6.561422e+00 -2.221414e+01 1.177840e+02
      vertex   -6.639934e+00 -2.221414e+01 1.176719e+02
    endloop
  endfacet
  facet normal -2.059799e-01 -9.566319e-01 2.059799e-01
    outer loop
      vertex   -6.208820e+00 -2.238486e+01 1.173101e+02
      vertex   -6.639934e+00 -2.221414e+01 1.176719e+02
      vertex   -6.374977e+00 -2.238486e+01 1.171440e+02
    endloop
  endfacet
  facet normal -2.059799e-01 -9.566319e-01 2.059799e-01
    outer loop
      vertex   -6.374977e+00 -2.238486e+01 1.171440e+02
      vertex   -6.639934e+00 -2.221414e+01 1.176719e+02
      vertex   -6.736724e+00 -2.221414e+01 1.175751e+02
    endloop
  endfacet
  facet normal -9.801354e-02 -9.951481e-01 8.575073e-03
    outer loop
      vertex   -6.456216e+00 -2.221414e+01 1.181766e+02
      vertex   -7.041487e+00 -2.215650e+01 1.181766e+02
      vertex   -6.468146e+00 -2.221414e+01 1.180403e+02
    endloop
  endfacet
  facet normal -9.702038e-02 -9.952004e-01 1.277298e-02
    outer loop
      vertex   -6.468146e+00 -2.221414e+01 1.180403e+02
      vertex   -7.041487e+00 -2.215650e+01 1.181766e+02
      vertex   -7.048301e+00 -2.215650e+01 1.181249e+02
    endloop
  endfacet
  facet normal -9.515845e-02 -9.951355e-01 2.549763e-02
    outer loop
      vertex   -6.468146e+00 -2.221414e+01 1.180403e+02
      vertex   -7.048301e+00 -2.215650e+01 1.181249e+02
      vertex   -6.503573e+00 -2.221414e+01 1.179081e+02
    endloop
  endfacet
  facet normal -9.040860e-02 -9.952004e-01 3.744847e-02
    outer loop
      vertex   -6.503573e+00 -2.221414e+01 1.179081e+02
      vertex   -7.048301e+00 -2.215650e+01 1.181249e+02
      vertex   -7.068282e+00 -2.215650e+01 1.180766e+02
    endloop
  endfacet
  facet normal -8.916975e-02 -9.951481e-01 4.158054e-02
    outer loop
      vertex   -6.503573e+00 -2.221414e+01 1.179081e+02
      vertex   -7.068282e+00 -2.215650e+01 1.180766e+02
      vertex   -6.561422e+00 -2.221414e+01 1.177840e+02
    endloop
  endfacet
  facet normal -8.059468e-02 -9.951481e-01 5.643300e-02
    outer loop
      vertex   -6.561422e+00 -2.221414e+01 1.177840e+02
      vertex   -7.068282e+00 -2.215650e+01 1.180766e+02
      vertex   -6.639934e+00 -2.221414e+01 1.176719e+02
    endloop
  endfacet
  facet normal -7.763563e-02 -9.952004e-01 5.957191e-02
    outer loop
      vertex   -7.068282e+00 -2.215650e+01 1.180766e+02
      vertex   -7.100065e+00 -2.215650e+01 1.180352e+02
      vertex   -6.639934e+00 -2.221414e+01 1.176719e+02
    endloop
  endfacet
  facet normal -6.966082e-02 -9.951355e-01 6.966082e-02
    outer loop
      vertex   -6.639934e+00 -2.221414e+01 1.176719e+02
      vertex   -7.100065e+00 -2.215650e+01 1.180352e+02
      vertex   -6.736724e+00 -2.221414e+01 1.175751e+02
    endloop
  endfacet
  facet normal -5.957191e-02 -9.952004e-01 7.763563e-02
    outer loop
      vertex   -7.100065e+00 -2.215650e+01 1.180352e+02
      vertex   -7.141487e+00 -2.215650e+01 1.180034e+02
      vertex   -6.736724e+00 -2.221414e+01 1.175751e+02
    endloop
  endfacet
  facet normal -1.231085e-01 -9.566319e-01 2.640071e-01
    outer loop
      vertex   -6.567462e+00 -2.238486e+01 1.170092e+02
      vertex   -6.848851e+00 -2.221414e+01 1.174966e+02
      vertex   -6.780426e+00 -2.238486e+01 1.169099e+02
    endloop
  endfacet
  facet normal -1.231085e-01 -9.566319e-01 2.640071e-01
    outer loop
      vertex   -6.780426e+00 -2.238486e+01 1.169099e+02
      vertex   -6.848851e+00 -2.221414e+01 1.174966e+02
      vertex   -6.972908e+00 -2.221414e+01 1.174387e+02
    endloop
  endfacet
  facet normal -7.539388e-02 -9.566319e-01 2.813738e-01
    outer loop
      vertex   -6.780426e+00 -2.238486e+01 1.169099e+02
      vertex   -6.972908e+00 -2.221414e+01 1.174387e+02
      vertex   -7.007400e+00 -2.238486e+01 1.168491e+02
    endloop
  endfacet
  facet normal -7.539388e-02 -9.566319e-01 2.813738e-01
    outer loop
      vertex   -7.007400e+00 -2.238486e+01 1.168491e+02
      vertex   -6.972908e+00 -2.221414e+01 1.174387e+02
      vertex   -7.105126e+00 -2.221414e+01 1.174033e+02
    endloop
  endfacet
  facet normal -1.998120e-01 -8.811722e-01 4.284982e-01
    outer loop
      vertex   -6.308131e+00 -2.266209e+01 1.165600e+02
      vertex   -6.567462e+00 -2.238486e+01 1.170092e+02
      vertex   -6.603034e+00 -2.266209e+01 1.164225e+02
    endloop
  endfacet
  facet normal -1.998120e-01 -8.811722e-01 4.284982e-01
    outer loop
      vertex   -6.603034e+00 -2.266209e+01 1.164225e+02
      vertex   -6.567462e+00 -2.238486e+01 1.170092e+02
      vertex   -6.780426e+00 -2.238486e+01 1.169099e+02
    endloop
  endfacet
  facet normal -1.223685e-01 -8.811722e-01 4.566854e-01
    outer loop
      vertex   -6.603034e+00 -2.266209e+01 1.164225e+02
      vertex   -6.780426e+00 -2.238486e+01 1.169099e+02
      vertex   -6.917336e+00 -2.266209e+01 1.163383e+02
    endloop
  endfacet
  facet normal -1.223685e-01 -8.811722e-01 4.566854e-01
    outer loop
      vertex   -6.917336e+00 -2.266209e+01 1.163383e+02
      vertex   -6.780426e+00 -2.238486e+01 1.169099e+02
      vertex   -7.007400e+00 -2.238486e+01 1.168491e+02
    endloop
  endfacet
  facet normal -2.687167e-01 -7.718226e-01 5.762649e-01
    outer loop
      vertex   -6.080826e+00 -2.303518e+01 1.161663e+02
      vertex   -6.308131e+00 -2.266209e+01 1.165600e+02
      vertex   -6.447548e+00 -2.303518e+01 1.159953e+02
    endloop
  endfacet
  facet normal -2.687167e-01 -7.718226e-01 5.762649e-01
    outer loop
      vertex   -6.447548e+00 -2.303518e+01 1.159953e+02
      vertex   -6.308131e+00 -2.266209e+01 1.165600e+02
      vertex   -6.603034e+00 -2.266209e+01 1.164225e+02
    endloop
  endfacet
  facet normal -1.645670e-01 -7.718226e-01 6.141723e-01
    outer loop
      vertex   -6.447548e+00 -2.303518e+01 1.159953e+02
      vertex   -6.603034e+00 -2.266209e+01 1.164225e+02
      vertex   -6.838394e+00 -2.303518e+01 1.158906e+02
    endloop
  endfacet
  facet normal -1.645670e-01 -7.718226e-01 6.141723e-01
    outer loop
      vertex   -6.838394e+00 -2.303518e+01 1.158906e+02
      vertex   -6.603034e+00 -2.266209e+01 1.164225e+02
      vertex   -6.917336e+00 -2.266209e+01 1.163383e+02
    endloop
  endfacet
  facet normal -3.271888e-01 -6.329475e-01 7.016587e-01
    outer loop
      vertex   -5.894282e+00 -2.348979e+01 1.158432e+02
      vertex   -6.080826e+00 -2.303518e+01 1.161663e+02
      vertex   -6.319945e+00 -2.348979e+01 1.156447e+02
    endloop
  endfacet
  facet normal -3.271888e-01 -6.329475e-01 7.016587e-01
    outer loop
      vertex   -6.319945e+00 -2.348979e+01 1.156447e+02
      vertex   -6.080826e+00 -2.303518e+01 1.161663e+02
      vertex   -6.447548e+00 -2.303518e+01 1.159953e+02
    endloop
  endfacet
  facet normal -2.003763e-01 -6.329475e-01 7.478147e-01
    outer loop
      vertex   -6.319945e+00 -2.348979e+01 1.156447e+02
      vertex   -6.447548e+00 -2.303518e+01 1.159953e+02
      vertex   -6.773607e+00 -2.348979e+01 1.155232e+02
    endloop
  endfacet
  facet normal -2.003763e-01 -6.329475e-01 7.478147e-01
    outer loop
      vertex   -6.773607e+00 -2.348979e+01 1.155232e+02
      vertex   -6.447548e+00 -2.303518e+01 1.159953e+02
      vertex   -6.838394e+00 -2.303518e+01 1.158906e+02
    endloop
  endfacet
  facet normal -3.730310e-01 -4.699998e-01 7.999676e-01
    outer loop
      vertex   -5.755667e+00 -2.400845e+01 1.156031e+02
      vertex   -5.894282e+00 -2.348979e+01 1.158432e+02
      vertex   -6.225126e+00 -2.400845e+01 1.153842e+02
    endloop
  endfacet
  facet normal -3.730310e-01 -4.699998e-01 7.999676e-01
    outer loop
      vertex   -6.225126e+00 -2.400845e+01 1.153842e+02
      vertex   -5.894282e+00 -2.348979e+01 1.158432e+02
      vertex   -6.319945e+00 -2.348979e+01 1.156447e+02
    endloop
  endfacet
  facet normal -2.284509e-01 -4.699998e-01 8.525904e-01
    outer loop
      vertex   -6.225126e+00 -2.400845e+01 1.153842e+02
      vertex   -6.319945e+00 -2.348979e+01 1.156447e+02
      vertex   -6.725467e+00 -2.400845e+01 1.152501e+02
    endloop
  endfacet
  facet normal -2.284509e-01 -4.699998e-01 8.525904e-01
    outer loop
      vertex   -6.725467e+00 -2.400845e+01 1.152501e+02
      vertex   -6.319945e+00 -2.348979e+01 1.156447e+02
      vertex   -6.773607e+00 -2.348979e+01 1.155232e+02
    endloop
  endfacet
  facet normal -4.045500e-01 -2.892727e-01 8.675602e-01
    outer loop
      vertex   -5.670309e+00 -2.457123e+01 1.154553e+02
      vertex   -5.755667e+00 -2.400845e+01 1.156031e+02
      vertex   -6.166738e+00 -2.457123e+01 1.152238e+02
    endloop
  endfacet
  facet normal -4.045500e-01 -2.892727e-01 8.675602e-01
    outer loop
      vertex   -6.166738e+00 -2.457123e+01 1.152238e+02
      vertex   -5.755667e+00 -2.400845e+01 1.156031e+02
      vertex   -6.225126e+00 -2.400845e+01 1.153842e+02
    endloop
  endfacet
  facet normal -2.477537e-01 -2.892727e-01 9.246294e-01
    outer loop
      vertex   -6.166738e+00 -2.457123e+01 1.152238e+02
      vertex   -6.225126e+00 -2.400845e+01 1.153842e+02
      vertex   -6.695822e+00 -2.457123e+01 1.150820e+02
    endloop
  endfacet
  facet normal -2.477537e-01 -2.892727e-01 9.246294e-01
    outer loop
      vertex   -6.695822e+00 -2.457123e+01 1.150820e+02
      vertex   -6.225126e+00 -2.400845e+01 1.153842e+02
      vertex   -6.725467e+00 -2.400845e+01 1.152501e+02
    endloop
  endfacet
  facet normal -9.951847e-01 -9.801714e-02 2.952090e-15
    outer loop
      vertex   -4.041487e+00 -2.515650e+01 1.181766e+02
      vertex   -4.041487e+00 -2.515650e+01 1.321766e+02
      vertex   -4.099131e+00 -2.457123e+01 1.251766e+02
    endloop
  endfacet
  facet normal -9.951847e-01 -9.801714e-02 3.030520e-15
    outer loop
      vertex   -4.099131e+00 -2.457123e+01 1.251766e+02
      vertex   -4.041487e+00 -2.515650e+01 1.321766e+02
      vertex   -4.099131e+00 -2.457123e+01 1.321766e+02
    endloop
  endfacet
  facet normal -9.569403e-01 -2.902847e-01 2.914059e-15
    outer loop
      vertex   -4.099131e+00 -2.457123e+01 1.251766e+02
      vertex   -4.099131e+00 -2.457123e+01 1.321766e+02
      vertex   -4.269848e+00 -2.400845e+01 1.251766e+02
    endloop
  endfacet
  facet normal -9.569403e-01 -2.902847e-01 2.939968e-15
    outer loop
      vertex   -4.269848e+00 -2.400845e+01 1.251766e+02
      vertex   -4.099131e+00 -2.457123e+01 1.321766e+02
      vertex   -4.269848e+00 -2.400845e+01 1.321766e+02
    endloop
  endfacet
  facet normal -8.819213e-01 -4.713967e-01 2.812960e-15
    outer loop
      vertex   -4.269848e+00 -2.400845e+01 1.251766e+02
      vertex   -4.269848e+00 -2.400845e+01 1.321766e+02
      vertex   -4.547078e+00 -2.348979e+01 1.251766e+02
    endloop
  endfacet
  facet normal -8.819213e-01 -4.713967e-01 3.179555e-15
    outer loop
      vertex   -4.547078e+00 -2.348979e+01 1.251766e+02
      vertex   -4.269848e+00 -2.400845e+01 1.321766e+02
      vertex   -4.547078e+00 -2.348979e+01 1.321766e+02
    endloop
  endfacet
  facet normal -7.730105e-01 -6.343933e-01 3.123717e-15
    outer loop
      vertex   -4.547078e+00 -2.348979e+01 1.251766e+02
      vertex   -4.547078e+00 -2.348979e+01 1.321766e+02
      vertex   -4.920166e+00 -2.303518e+01 1.251766e+02
    endloop
  endfacet
  facet normal -7.730105e-01 -6.343933e-01 2.703662e-15
    outer loop
      vertex   -4.920166e+00 -2.303518e+01 1.251766e+02
      vertex   -4.547078e+00 -2.348979e+01 1.321766e+02
      vertex   -4.920166e+00 -2.303518e+01 1.321766e+02
    endloop
  endfacet
  facet normal -6.343933e-01 -7.730105e-01 2.475016e-15
    outer loop
      vertex   -4.920166e+00 -2.303518e+01 1.251766e+02
      vertex   -4.920166e+00 -2.303518e+01 1.321766e+02
      vertex   -5.374776e+00 -2.266209e+01 1.251766e+02
    endloop
  endfacet
  facet normal -6.343933e-01 -7.730105e-01 2.314029e-15
    outer loop
      vertex   -5.374776e+00 -2.266209e+01 1.251766e+02
      vertex   -4.920166e+00 -2.303518e+01 1.321766e+02
      vertex   -5.374776e+00 -2.266209e+01 1.321766e+02
    endloop
  endfacet
  facet normal -4.713967e-01 -8.819213e-01 2.031633e-15
    outer loop
      vertex   -5.374776e+00 -2.266209e+01 1.251766e+02
      vertex   -5.374776e+00 -2.266209e+01 1.321766e+02
      vertex   -5.893436e+00 -2.238486e+01 1.251766e+02
    endloop
  endfacet
  facet normal -4.713967e-01 -8.819213e-01 2.299799e-15
    outer loop
      vertex   -5.893436e+00 -2.238486e+01 1.251766e+02
      vertex   -5.374776e+00 -2.266209e+01 1.321766e+02
      vertex   -5.893436e+00 -2.238486e+01 1.321766e+02
    endloop
  endfacet
  facet normal -2.902847e-01 -9.569403e-01 2.046343e-15
    outer loop
      vertex   -5.893436e+00 -2.238486e+01 1.251766e+02
      vertex   -5.893436e+00 -2.238486e+01 1.321766e+02
      vertex   -6.456216e+00 -2.221414e+01 1.251766e+02
    endloop
  endfacet
  facet normal -2.902847e-01 -9.569403e-01 2.458355e-15
    outer loop
      vertex   -6.456216e+00 -2.221414e+01 1.251766e+02
      vertex   -5.893436e+00 -2.238486e+01 1.321766e+02
      vertex   -6.456216e+00 -2.221414e+01 1.321766e+02
    endloop
  endfacet
  facet normal -9.801714e-02 -9.951847e-01 2.194460e-15
    outer loop
      vertex   -6.456216e+00 -2.221414e+01 1.251766e+02
      vertex   -6.456216e+00 -2.221414e+01 1.321766e+02
      vertex   -7.041487e+00 -2.215650e+01 1.321766e+02
    endloop
  endfacet
  facet normal -9.801714e-02 -9.951847e-01 1.536323e-15
    outer loop
      vertex   -7.041487e+00 -2.215650e+01 1.321766e+02
      vertex   -7.041487e+00 -2.215650e+01 1.181766e+02
      vertex   -6.456216e+00 -2.221414e+01 1.251766e+02
    endloop
  endfacet
  facet normal -9.801714e-02 -9.951847e-01 1.383273e-15
    outer loop
      vertex   -6.456216e+00 -2.221414e+01 1.251766e+02
      vertex   -7.041487e+00 -2.215650e+01 1.181766e+02
      vertex   -6.456216e+00 -2.221414e+01 1.181766e+02
    endloop
  endfacet
  facet normal -2.902847e-01 -9.569403e-01 2.076315e-15
    outer loop
      vertex   -6.456216e+00 -2.221414e+01 1.251766e+02
      vertex   -6.456216e+00 -2.221414e+01 1.181766e+02
      vertex   -5.893436e+00 -2.238486e+01 1.251766e+02
    endloop
  endfacet
  facet normal -2.902847e-01 -9.569403e-01 2.974004e-15
    outer loop
      vertex   -5.893436e+00 -2.238486e+01 1.251766e+02
      vertex   -6.456216e+00 -2.221414e+01 1.181766e+02
      vertex   -5.893436e+00 -2.238486e+01 1.181766e+02
    endloop
  endfacet
  facet normal -4.713967e-01 -8.819213e-01 3.465145e-15
    outer loop
      vertex   -5.893436e+00 -2.238486e+01 1.251766e+02
      vertex   -5.893436e+00 -2.238486e+01 1.181766e+02
      vertex   -5.374776e+00 -2.266209e+01 1.251766e+02
    endloop
  endfacet
  facet normal -4.713967e-01 -8.819213e-01 3.285709e-15
    outer loop
      vertex   -5.374776e+00 -2.266209e+01 1.251766e+02
      vertex   -5.893436e+00 -2.238486e+01 1.181766e+02
      vertex   -5.374776e+00 -2.266209e+01 1.181766e+02
    endloop
  endfacet
  facet normal -6.343933e-01 -7.730105e-01 3.581643e-15
    outer loop
      vertex   -5.374776e+00 -2.266209e+01 1.251766e+02
      vertex   -5.374776e+00 -2.266209e+01 1.181766e+02
      vertex   -4.920166e+00 -2.303518e+01 1.251766e+02
    endloop
  endfacet
  facet normal -6.343933e-01 -7.730105e-01 3.420656e-15
    outer loop
      vertex   -4.920166e+00 -2.303518e+01 1.251766e+02
      vertex   -5.374776e+00 -2.266209e+01 1.181766e+02
      vertex   -4.920166e+00 -2.303518e+01 1.181766e+02
    endloop
  endfacet
  facet normal -7.730105e-01 -6.343933e-01 3.543773e-15
    outer loop
      vertex   -4.920166e+00 -2.303518e+01 1.251766e+02
      vertex   -4.920166e+00 -2.303518e+01 1.181766e+02
      vertex   -4.547078e+00 -2.348979e+01 1.251766e+02
    endloop
  endfacet
  facet normal -7.730105e-01 -6.343933e-01 3.445691e-15
    outer loop
      vertex   -4.547078e+00 -2.348979e+01 1.251766e+02
      vertex   -4.920166e+00 -2.303518e+01 1.181766e+02
      vertex   -4.547078e+00 -2.348979e+01 1.181766e+02
    endloop
  endfacet
  facet normal -8.819213e-01 -4.713967e-01 3.418804e-15
    outer loop
      vertex   -4.547078e+00 -2.348979e+01 1.251766e+02
      vertex   -4.547078e+00 -2.348979e+01 1.181766e+02
      vertex   -4.269848e+00 -2.400845e+01 1.251766e+02
    endloop
  endfacet
  facet normal -8.819213e-01 -4.713967e-01 3.546151e-15
    outer loop
      vertex   -4.269848e+00 -2.400845e+01 1.251766e+02
      vertex   -4.547078e+00 -2.348979e+01 1.181766e+02
      vertex   -4.269848e+00 -2.400845e+01 1.181766e+02
    endloop
  endfacet
  facet normal -9.569403e-01 -2.902847e-01 3.286443e-15
    outer loop
      vertex   -4.269848e+00 -2.400845e+01 1.251766e+02
      vertex   -4.269848e+00 -2.400845e+01 1.181766e+02
      vertex   -4.099131e+00 -2.457123e+01 1.251766e+02
    endloop
  endfacet
  facet normal -9.569403e-01 -2.902847e-01 3.312352e-15
    outer loop
      vertex   -4.099131e+00 -2.457123e+01 1.251766e+02
      vertex   -4.269848e+00 -2.400845e+01 1.181766e+02
      vertex   -4.099131e+00 -2.457123e+01 1.181766e+02
    endloop
  endfacet
  facet normal -9.951847e-01 -9.801714e-02 2.823913e-15
    outer loop
      vertex   -4.099131e+00 -2.457123e+01 1.251766e+02
      vertex   -4.099131e+00 -2.457123e+01 1.181766e+02
      vertex   -4.041487e+00 -2.515650e+01 1.181766e+02
    endloop
  endfacet
  facet normal -8.673923e-02 -9.764772e-02 -9.914339e-01
    outer loop
      vertex   -7.241487e+00 -2.515650e+01 1.353766e+02
      vertex   -7.241487e+00 -2.457123e+01 1.353190e+02
      vertex   -6.685812e+00 -2.515650e+01 1.353280e+02
    endloop
  endfacet
  facet normal -8.673923e-02 -9.764772e-02 -9.914339e-01
    outer loop
      vertex   -6.685812e+00 -2.515650e+01 1.353280e+02
      vertex   -7.241487e+00 -2.457123e+01 1.353190e+02
      vertex   -6.695822e+00 -2.457123e+01 1.352713e+02
    endloop
  endfacet
  facet normal -2.575822e-01 -9.764772e-02 -9.613097e-01
    outer loop
      vertex   -6.685812e+00 -2.515650e+01 1.353280e+02
      vertex   -6.695822e+00 -2.457123e+01 1.352713e+02
      vertex   -6.147022e+00 -2.515650e+01 1.351837e+02
    endloop
  endfacet
  facet normal -2.575822e-01 -9.764772e-02 -9.613097e-01
    outer loop
      vertex   -6.147022e+00 -2.515650e+01 1.351837e+02
      vertex   -6.695822e+00 -2.457123e+01 1.352713e+02
      vertex   -6.166738e+00 -2.457123e+01 1.351295e+02
    endloop
  endfacet
  facet normal -4.205986e-01 -9.764772e-02 -9.019766e-01
    outer loop
      vertex   -6.147022e+00 -2.515650e+01 1.351837e+02
      vertex   -6.166738e+00 -2.457123e+01 1.351295e+02
      vertex   -5.641487e+00 -2.515650e+01 1.349479e+02
    endloop
  endfacet
  facet normal -4.205986e-01 -9.764772e-02 -9.019766e-01
    outer loop
      vertex   -5.641487e+00 -2.515650e+01 1.349479e+02
      vertex   -6.166738e+00 -2.457123e+01 1.351295e+02
      vertex   -5.670309e+00 -2.457123e+01 1.348980e+02
    endloop
  endfacet
  facet normal -5.708353e-01 -9.764772e-02 -8.152374e-01
    outer loop
      vertex   -5.641487e+00 -2.515650e+01 1.349479e+02
      vertex   -5.670309e+00 -2.457123e+01 1.348980e+02
      vertex   -5.184566e+00 -2.515650e+01 1.346280e+02
    endloop
  endfacet
  facet normal -5.708353e-01 -9.764772e-02 -8.152374e-01
    outer loop
      vertex   -5.184566e+00 -2.515650e+01 1.346280e+02
      vertex   -5.670309e+00 -2.457123e+01 1.348980e+02
      vertex   -5.221619e+00 -2.457123e+01 1.345838e+02
    endloop
  endfacet
  facet normal -7.037275e-01 -9.764772e-02 -7.037275e-01
    outer loop
      vertex   -5.184566e+00 -2.515650e+01 1.346280e+02
      vertex   -5.221619e+00 -2.457123e+01 1.345838e+02
      vertex   -4.790144e+00 -2.515650e+01 1.342336e+02
    endloop
  endfacet
  facet normal -7.037275e-01 -9.764772e-02 -7.037275e-01
    outer loop
      vertex   -4.790144e+00 -2.515650e+01 1.342336e+02
      vertex   -5.221619e+00 -2.457123e+01 1.345838e+02
      vertex   -4.834302e+00 -2.457123e+01 1.341965e+02
    endloop
  endfacet
  facet normal -8.152374e-01 -9.764772e-02 -5.708353e-01
    outer loop
      vertex   -4.790144e+00 -2.515650e+01 1.342336e+02
      vertex   -4.834302e+00 -2.457123e+01 1.341965e+02
      vertex   -4.470205e+00 -2.515650e+01 1.337766e+02
    endloop
  endfacet
  facet normal -8.152374e-01 -9.764772e-02 -5.708353e-01
    outer loop
      vertex   -4.470205e+00 -2.515650e+01 1.337766e+02
      vertex   -4.834302e+00 -2.457123e+01 1.341965e+02
      vertex   -4.520127e+00 -2.457123e+01 1.337478e+02
    endloop
  endfacet
  facet normal -9.019766e-01 -9.764772e-02 -4.205986e-01
    outer loop
      vertex   -4.470205e+00 -2.515650e+01 1.337766e+02
      vertex   -4.520127e+00 -2.457123e+01 1.337478e+02
      vertex   -4.234470e+00 -2.515650e+01 1.332711e+02
    endloop
  endfacet
  facet normal -9.019766e-01 -9.764772e-02 -4.205986e-01
    outer loop
      vertex   -4.234470e+00 -2.515650e+01 1.332711e+02
      vertex   -4.520127e+00 -2.457123e+01 1.337478e+02
      vertex   -4.288638e+00 -2.457123e+01 1.332514e+02
    endloop
  endfacet
  facet normal -9.613097e-01 -9.764772e-02 -2.575822e-01
    outer loop
      vertex   -4.234470e+00 -2.515650e+01 1.332711e+02
      vertex   -4.288638e+00 -2.457123e+01 1.332514e+02
      vertex   -4.090102e+00 -2.515650e+01 1.327323e+02
    endloop
  endfacet
  facet normal -9.613097e-01 -9.764772e-02 -2.575822e-01
    outer loop
      vertex   -4.090102e+00 -2.515650e+01 1.327323e+02
      vertex   -4.288638e+00 -2.457123e+01 1.332514e+02
      vertex   -4.146870e+00 -2.457123e+01 1.327223e+02
    endloop
  endfacet
  facet normal -9.914339e-01 -9.764772e-02 -8.673923e-02
    outer loop
      vertex   -4.090102e+00 -2.515650e+01 1.327323e+02
      vertex   -4.146870e+00 -2.457123e+01 1.327223e+02
      vertex   -4.041487e+00 -2.515650e+01 1.321766e+02
    endloop
  endfacet
  facet normal -9.914339e-01 -9.764772e-02 -8.673923e-02
    outer loop
      vertex   -4.041487e+00 -2.515650e+01 1.321766e+02
      vertex   -4.146870e+00 -2.457123e+01 1.327223e+02
      vertex   -4.099131e+00 -2.457123e+01 1.321766e+02
    endloop
  endfacet
  facet normal -9.536041e-01 -2.892727e-01 -8.342955e-02
    outer loop
      vertex   -4.099131e+00 -2.457123e+01 1.321766e+02
      vertex   -4.146870e+00 -2.457123e+01 1.327223e+02
      vertex   -4.314994e+00 -2.400845e+01 1.326927e+02
    endloop
  endfacet
  facet normal -9.536041e-01 -2.892727e-01 -8.342955e-02
    outer loop
      vertex   -4.099131e+00 -2.457123e+01 1.321766e+02
      vertex   -4.314994e+00 -2.400845e+01 1.326927e+02
      vertex   -4.269848e+00 -2.400845e+01 1.321766e+02
    endloop
  endfacet
  facet normal -8.793077e-01 -4.699998e-01 -7.692946e-02
    outer loop
      vertex   -4.269848e+00 -2.400845e+01 1.321766e+02
      vertex   -4.314994e+00 -2.400845e+01 1.326927e+02
      vertex   -4.588012e+00 -2.348979e+01 1.326445e+02
    endloop
  endfacet
  facet normal -8.793077e-01 -4.699998e-01 -7.692946e-02
    outer loop
      vertex   -4.269848e+00 -2.400845e+01 1.321766e+02
      vertex   -4.588012e+00 -2.348979e+01 1.326445e+02
      vertex   -4.547078e+00 -2.348979e+01 1.321766e+02
    endloop
  endfacet
  facet normal -7.712487e-01 -6.329475e-01 -6.747552e-02
    outer loop
      vertex   -4.547078e+00 -2.348979e+01 1.321766e+02
      vertex   -4.588012e+00 -2.348979e+01 1.326445e+02
      vertex   -4.955432e+00 -2.303518e+01 1.325797e+02
    endloop
  endfacet
  facet normal -7.712487e-01 -6.329475e-01 -6.747552e-02
    outer loop
      vertex   -4.547078e+00 -2.348979e+01 1.321766e+02
      vertex   -4.955432e+00 -2.303518e+01 1.325797e+02
      vertex   -4.920166e+00 -2.303518e+01 1.321766e+02
    endloop
  endfacet
  facet normal -6.334184e-01 -7.718226e-01 -5.541693e-02
    outer loop
      vertex   -4.920166e+00 -2.303518e+01 1.321766e+02
      vertex   -4.955432e+00 -2.303518e+01 1.325797e+02
      vertex   -5.403135e+00 -2.266209e+01 1.325008e+02
    endloop
  endfacet
  facet normal -6.334184e-01 -7.718226e-01 -5.541693e-02
    outer loop
      vertex   -4.920166e+00 -2.303518e+01 1.321766e+02
      vertex   -5.403135e+00 -2.266209e+01 1.325008e+02
      vertex   -5.374776e+00 -2.266209e+01 1.321766e+02
    endloop
  endfacet
  facet normal -4.709964e-01 -8.811722e-01 -4.120684e-02
    outer loop
      vertex   -5.374776e+00 -2.266209e+01 1.321766e+02
      vertex   -5.403135e+00 -2.266209e+01 1.325008e+02
      vertex   -5.913916e+00 -2.238486e+01 1.324107e+02
    endloop
  endfacet
  facet normal -4.709964e-01 -8.811722e-01 -4.120684e-02
    outer loop
      vertex   -5.374776e+00 -2.266209e+01 1.321766e+02
      vertex   -5.913916e+00 -2.238486e+01 1.324107e+02
      vertex   -5.893436e+00 -2.238486e+01 1.321766e+02
    endloop
  endfacet
  facet normal -2.901911e-01 -9.566319e-01 -2.538843e-02
    outer loop
      vertex   -5.893436e+00 -2.238486e+01 1.321766e+02
      vertex   -5.913916e+00 -2.238486e+01 1.324107e+02
      vertex   -6.468146e+00 -2.221414e+01 1.323130e+02
    endloop
  endfacet
  facet normal -2.901911e-01 -9.566319e-01 -2.538843e-02
    outer loop
      vertex   -5.893436e+00 -2.238486e+01 1.321766e+02
      vertex   -6.468146e+00 -2.221414e+01 1.323130e+02
      vertex   -6.456216e+00 -2.221414e+01 1.321766e+02
    endloop
  endfacet
  facet normal -9.801354e-02 -9.951481e-01 -8.575073e-03
    outer loop
      vertex   -6.456216e+00 -2.221414e+01 1.321766e+02
      vertex   -6.468146e+00 -2.221414e+01 1.323130e+02
      vertex   -7.041487e+00 -2.215650e+01 1.321766e+02
    endloop
  endfacet
  facet normal -9.702038e-02 -9.952004e-01 -1.277298e-02
    outer loop
      vertex   -7.041487e+00 -2.215650e+01 1.321766e+02
      vertex   -6.468146e+00 -2.221414e+01 1.323130e+02
      vertex   -7.048301e+00 -2.215650e+01 1.322284e+02
    endloop
  endfacet
  facet normal -9.515845e-02 -9.951355e-01 -2.549763e-02
    outer loop
      vertex   -7.048301e+00 -2.215650e+01 1.322284e+02
      vertex   -6.468146e+00 -2.221414e+01 1.323130e+02
      vertex   -6.503573e+00 -2.221414e+01 1.324452e+02
    endloop
  endfacet
  facet normal -9.040860e-02 -9.952004e-01 -3.744847e-02
    outer loop
      vertex   -7.048301e+00 -2.215650e+01 1.322284e+02
      vertex   -6.503573e+00 -2.221414e+01 1.324452e+02
      vertex   -7.068282e+00 -2.215650e+01 1.322766e+02
    endloop
  endfacet
  facet normal -8.916975e-02 -9.951481e-01 -4.158054e-02
    outer loop
      vertex   -7.068282e+00 -2.215650e+01 1.322766e+02
      vertex   -6.503573e+00 -2.221414e+01 1.324452e+02
      vertex   -6.561422e+00 -2.221414e+01 1.325693e+02
    endloop
  endfacet
  facet normal -8.059468e-02 -9.951481e-01 -5.643300e-02
    outer loop
      vertex   -7.068282e+00 -2.215650e+01 1.322766e+02
      vertex   -6.561422e+00 -2.221414e+01 1.325693e+02
      vertex   -6.639934e+00 -2.221414e+01 1.326814e+02
    endloop
  endfacet
  facet normal -2.386187e-01 -9.566319e-01 -1.670826e-01
    outer loop
      vertex   -6.639934e+00 -2.221414e+01 1.326814e+02
      vertex   -6.561422e+00 -2.221414e+01 1.325693e+02
      vertex   -6.074041e+00 -2.238486e+01 1.328507e+02
    endloop
  endfacet
  facet normal -2.386187e-01 -9.566319e-01 -1.670826e-01
    outer loop
      vertex   -6.639934e+00 -2.221414e+01 1.326814e+02
      vertex   -6.074041e+00 -2.238486e+01 1.328507e+02
      vertex   -6.208820e+00 -2.238486e+01 1.330431e+02
    endloop
  endfacet
  facet normal -3.872914e-01 -8.811722e-01 -2.711843e-01
    outer loop
      vertex   -6.208820e+00 -2.238486e+01 1.330431e+02
      vertex   -6.074041e+00 -2.238486e+01 1.328507e+02
      vertex   -5.624868e+00 -2.266209e+01 1.331100e+02
    endloop
  endfacet
  facet normal -3.872914e-01 -8.811722e-01 -2.711843e-01
    outer loop
      vertex   -6.208820e+00 -2.238486e+01 1.330431e+02
      vertex   -5.624868e+00 -2.266209e+01 1.331100e+02
      vertex   -5.811503e+00 -2.266209e+01 1.333765e+02
    endloop
  endfacet
  facet normal -5.208480e-01 -7.718226e-01 -3.647017e-01
    outer loop
      vertex   -5.811503e+00 -2.266209e+01 1.333765e+02
      vertex   -5.624868e+00 -2.266209e+01 1.331100e+02
      vertex   -5.231164e+00 -2.303518e+01 1.333373e+02
    endloop
  endfacet
  facet normal -5.208480e-01 -7.718226e-01 -3.647017e-01
    outer loop
      vertex   -5.811503e+00 -2.266209e+01 1.333765e+02
      vertex   -5.231164e+00 -2.303518e+01 1.333373e+02
      vertex   -5.463252e+00 -2.303518e+01 1.336688e+02
    endloop
  endfacet
  facet normal -6.341832e-01 -6.329475e-01 -4.440599e-01
    outer loop
      vertex   -5.463252e+00 -2.303518e+01 1.336688e+02
      vertex   -5.231164e+00 -2.303518e+01 1.333373e+02
      vertex   -4.908060e+00 -2.348979e+01 1.335238e+02
    endloop
  endfacet
  facet normal -6.341832e-01 -6.329475e-01 -4.440599e-01
    outer loop
      vertex   -5.463252e+00 -2.303518e+01 1.336688e+02
      vertex   -4.908060e+00 -2.348979e+01 1.335238e+02
      vertex   -5.177450e+00 -2.348979e+01 1.339086e+02
    endloop
  endfacet
  facet normal -7.230381e-01 -4.699998e-01 -5.062767e-01
    outer loop
      vertex   -5.177450e+00 -2.348979e+01 1.339086e+02
      vertex   -4.908060e+00 -2.348979e+01 1.335238e+02
      vertex   -4.667972e+00 -2.400845e+01 1.336625e+02
    endloop
  endfacet
  facet normal -7.230381e-01 -4.699998e-01 -5.062767e-01
    outer loop
      vertex   -5.177450e+00 -2.348979e+01 1.339086e+02
      vertex   -4.667972e+00 -2.400845e+01 1.336625e+02
      vertex   -4.965079e+00 -2.400845e+01 1.340868e+02
    endloop
  endfacet
  facet normal -7.841306e-01 -2.892727e-01 -5.490542e-01
    outer loop
      vertex   -4.965079e+00 -2.400845e+01 1.340868e+02
      vertex   -4.667972e+00 -2.400845e+01 1.336625e+02
      vertex   -4.520127e+00 -2.457123e+01 1.337478e+02
    endloop
  endfacet
  facet normal -7.841306e-01 -2.892727e-01 -5.490542e-01
    outer loop
      vertex   -4.965079e+00 -2.400845e+01 1.340868e+02
      vertex   -4.520127e+00 -2.457123e+01 1.337478e+02
      vertex   -4.834302e+00 -2.457123e+01 1.341965e+02
    endloop
  endfacet
  facet normal -8.342955e-02 -2.892727e-01 -9.536041e-01
    outer loop
      vertex   -7.241487e+00 -2.457123e+01 1.353190e+02
      vertex   -7.241487e+00 -2.400845e+01 1.351483e+02
      vertex   -6.695822e+00 -2.457123e+01 1.352713e+02
    endloop
  endfacet
  facet normal -8.342955e-02 -2.892727e-01 -9.536041e-01
    outer loop
      vertex   -6.695822e+00 -2.457123e+01 1.352713e+02
      vertex   -7.241487e+00 -2.400845e+01 1.351483e+02
      vertex   -6.725467e+00 -2.400845e+01 1.351031e+02
    endloop
  endfacet
  facet normal -2.477537e-01 -2.892727e-01 -9.246294e-01
    outer loop
      vertex   -6.695822e+00 -2.457123e+01 1.352713e+02
      vertex   -6.725467e+00 -2.400845e+01 1.351031e+02
      vertex   -6.166738e+00 -2.457123e+01 1.351295e+02
    endloop
  endfacet
  facet normal -2.477537e-01 -2.892727e-01 -9.246294e-01
    outer loop
      vertex   -6.166738e+00 -2.457123e+01 1.351295e+02
      vertex   -6.725467e+00 -2.400845e+01 1.351031e+02
      vertex   -6.225126e+00 -2.400845e+01 1.349691e+02
    endloop
  endfacet
  facet normal -4.045500e-01 -2.892727e-01 -8.675602e-01
    outer loop
      vertex   -6.166738e+00 -2.457123e+01 1.351295e+02
      vertex   -6.225126e+00 -2.400845e+01 1.349691e+02
      vertex   -5.670309e+00 -2.457123e+01 1.348980e+02
    endloop
  endfacet
  facet normal -4.045500e-01 -2.892727e-01 -8.675602e-01
    outer loop
      vertex   -5.670309e+00 -2.457123e+01 1.348980e+02
      vertex   -6.225126e+00 -2.400845e+01 1.349691e+02
      vertex   -5.755667e+00 -2.400845e+01 1.347501e+02
    endloop
  endfacet
  facet normal -5.490542e-01 -2.892727e-01 -7.841306e-01
    outer loop
      vertex   -5.670309e+00 -2.457123e+01 1.348980e+02
      vertex   -5.755667e+00 -2.400845e+01 1.347501e+02
      vertex   -5.221619e+00 -2.457123e+01 1.345838e+02
    endloop
  endfacet
  facet normal -5.490542e-01 -2.892727e-01 -7.841306e-01
    outer loop
      vertex   -5.221619e+00 -2.457123e+01 1.345838e+02
      vertex   -5.755667e+00 -2.400845e+01 1.347501e+02
      vertex   -5.331354e+00 -2.400845e+01 1.344530e+02
    endloop
  endfacet
  facet normal -6.768757e-01 -2.892727e-01 -6.768757e-01
    outer loop
      vertex   -5.221619e+00 -2.457123e+01 1.345838e+02
      vertex   -5.331354e+00 -2.400845e+01 1.344530e+02
      vertex   -4.834302e+00 -2.457123e+01 1.341965e+02
    endloop
  endfacet
  facet normal -6.768757e-01 -2.892727e-01 -6.768757e-01
    outer loop
      vertex   -4.834302e+00 -2.457123e+01 1.341965e+02
      vertex   -5.331354e+00 -2.400845e+01 1.344530e+02
      vertex   -4.965079e+00 -2.400845e+01 1.340868e+02
    endloop
  endfacet
  facet normal -7.692946e-02 -4.699998e-01 -8.793077e-01
    outer loop
      vertex   -7.241487e+00 -2.400845e+01 1.351483e+02
      vertex   -7.241487e+00 -2.348979e+01 1.348710e+02
      vertex   -6.725467e+00 -2.400845e+01 1.351031e+02
    endloop
  endfacet
  facet normal -7.692946e-02 -4.699998e-01 -8.793077e-01
    outer loop
      vertex   -6.725467e+00 -2.400845e+01 1.351031e+02
      vertex   -7.241487e+00 -2.348979e+01 1.348710e+02
      vertex   -6.773607e+00 -2.348979e+01 1.348301e+02
    endloop
  endfacet
  facet normal -2.284509e-01 -4.699998e-01 -8.525904e-01
    outer loop
      vertex   -6.725467e+00 -2.400845e+01 1.351031e+02
      vertex   -6.773607e+00 -2.348979e+01 1.348301e+02
      vertex   -6.225126e+00 -2.400845e+01 1.349691e+02
    endloop
  endfacet
  facet normal -2.284509e-01 -4.699998e-01 -8.525904e-01
    outer loop
      vertex   -6.225126e+00 -2.400845e+01 1.349691e+02
      vertex   -6.773607e+00 -2.348979e+01 1.348301e+02
      vertex   -6.319945e+00 -2.348979e+01 1.347086e+02
    endloop
  endfacet
  facet normal -3.730310e-01 -4.699998e-01 -7.999676e-01
    outer loop
      vertex   -6.225126e+00 -2.400845e+01 1.349691e+02
      vertex   -6.319945e+00 -2.348979e+01 1.347086e+02
      vertex   -5.755667e+00 -2.400845e+01 1.347501e+02
    endloop
  endfacet
  facet normal -3.730310e-01 -4.699998e-01 -7.999676e-01
    outer loop
      vertex   -5.755667e+00 -2.400845e+01 1.347501e+02
      vertex   -6.319945e+00 -2.348979e+01 1.347086e+02
      vertex   -5.894282e+00 -2.348979e+01 1.345101e+02
    endloop
  endfacet
  facet normal -5.062767e-01 -4.699998e-01 -7.230381e-01
    outer loop
      vertex   -5.755667e+00 -2.400845e+01 1.347501e+02
      vertex   -5.894282e+00 -2.348979e+01 1.345101e+02
      vertex   -5.331354e+00 -2.400845e+01 1.344530e+02
    endloop
  endfacet
  facet normal -5.062767e-01 -4.699998e-01 -7.230381e-01
    outer loop
      vertex   -5.331354e+00 -2.400845e+01 1.344530e+02
      vertex   -5.894282e+00 -2.348979e+01 1.345101e+02
      vertex   -5.509554e+00 -2.348979e+01 1.342407e+02
    endloop
  endfacet
  facet normal -6.241395e-01 -4.699998e-01 -6.241395e-01
    outer loop
      vertex   -5.331354e+00 -2.400845e+01 1.344530e+02
      vertex   -5.509554e+00 -2.348979e+01 1.342407e+02
      vertex   -4.965079e+00 -2.400845e+01 1.340868e+02
    endloop
  endfacet
  facet normal -6.241395e-01 -4.699998e-01 -6.241395e-01
    outer loop
      vertex   -4.965079e+00 -2.400845e+01 1.340868e+02
      vertex   -5.509554e+00 -2.348979e+01 1.342407e+02
      vertex   -5.177450e+00 -2.348979e+01 1.339086e+02
    endloop
  endfacet
  facet normal -6.747552e-02 -6.329475e-01 -7.712487e-01
    outer loop
      vertex   -7.241487e+00 -2.348979e+01 1.348710e+02
      vertex   -7.241487e+00 -2.303518e+01 1.344980e+02
      vertex   -6.773607e+00 -2.348979e+01 1.348301e+02
    endloop
  endfacet
  facet normal -6.747552e-02 -6.329475e-01 -7.712487e-01
    outer loop
      vertex   -6.773607e+00 -2.348979e+01 1.348301e+02
      vertex   -7.241487e+00 -2.303518e+01 1.344980e+02
      vertex   -6.838394e+00 -2.303518e+01 1.344627e+02
    endloop
  endfacet
  facet normal -2.003763e-01 -6.329475e-01 -7.478147e-01
    outer loop
      vertex   -6.773607e+00 -2.348979e+01 1.348301e+02
      vertex   -6.838394e+00 -2.303518e+01 1.344627e+02
      vertex   -6.319945e+00 -2.348979e+01 1.347086e+02
    endloop
  endfacet
  facet normal -2.003763e-01 -6.329475e-01 -7.478147e-01
    outer loop
      vertex   -6.319945e+00 -2.348979e+01 1.347086e+02
      vertex   -6.838394e+00 -2.303518e+01 1.344627e+02
      vertex   -6.447548e+00 -2.303518e+01 1.343580e+02
    endloop
  endfacet
  facet normal -3.271888e-01 -6.329475e-01 -7.016587e-01
    outer loop
      vertex   -6.319945e+00 -2.348979e+01 1.347086e+02
      vertex   -6.447548e+00 -2.303518e+01 1.343580e+02
      vertex   -5.894282e+00 -2.348979e+01 1.345101e+02
    endloop
  endfacet
  facet normal -3.271888e-01 -6.329475e-01 -7.016587e-01
    outer loop
      vertex   -5.894282e+00 -2.348979e+01 1.345101e+02
      vertex   -6.447548e+00 -2.303518e+01 1.343580e+02
      vertex   -6.080826e+00 -2.303518e+01 1.341870e+02
    endloop
  endfacet
  facet normal -4.440599e-01 -6.329475e-01 -6.341832e-01
    outer loop
      vertex   -5.894282e+00 -2.348979e+01 1.345101e+02
      vertex   -6.080826e+00 -2.303518e+01 1.341870e+02
      vertex   -5.509554e+00 -2.348979e+01 1.342407e+02
    endloop
  endfacet
  facet normal -4.440599e-01 -6.329475e-01 -6.341832e-01
    outer loop
      vertex   -5.509554e+00 -2.348979e+01 1.342407e+02
      vertex   -6.080826e+00 -2.303518e+01 1.341870e+02
      vertex   -5.749371e+00 -2.303518e+01 1.339549e+02
    endloop
  endfacet
  facet normal -5.474384e-01 -6.329475e-01 -5.474384e-01
    outer loop
      vertex   -5.509554e+00 -2.348979e+01 1.342407e+02
      vertex   -5.749371e+00 -2.303518e+01 1.339549e+02
      vertex   -5.177450e+00 -2.348979e+01 1.339086e+02
    endloop
  endfacet
  facet normal -5.474384e-01 -6.329475e-01 -5.474384e-01
    outer loop
      vertex   -5.177450e+00 -2.348979e+01 1.339086e+02
      vertex   -5.749371e+00 -2.303518e+01 1.339549e+02
      vertex   -5.463252e+00 -2.303518e+01 1.336688e+02
    endloop
  endfacet
  facet normal -5.541693e-02 -7.718226e-01 -6.334184e-01
    outer loop
      vertex   -7.241487e+00 -2.303518e+01 1.344980e+02
      vertex   -7.241487e+00 -2.266209e+01 1.340433e+02
      vertex   -6.838394e+00 -2.303518e+01 1.344627e+02
    endloop
  endfacet
  facet normal -5.541693e-02 -7.718226e-01 -6.334184e-01
    outer loop
      vertex   -6.838394e+00 -2.303518e+01 1.344627e+02
      vertex   -7.241487e+00 -2.266209e+01 1.340433e+02
      vertex   -6.917336e+00 -2.266209e+01 1.340150e+02
    endloop
  endfacet
  facet normal -1.645670e-01 -7.718226e-01 -6.141723e-01
    outer loop
      vertex   -6.838394e+00 -2.303518e+01 1.344627e+02
      vertex   -6.917336e+00 -2.266209e+01 1.340150e+02
      vertex   -6.447548e+00 -2.303518e+01 1.343580e+02
    endloop
  endfacet
  facet normal -1.645670e-01 -7.718226e-01 -6.141723e-01
    outer loop
      vertex   -6.447548e+00 -2.303518e+01 1.343580e+02
      vertex   -6.917336e+00 -2.266209e+01 1.340150e+02
      vertex   -6.603034e+00 -2.266209e+01 1.339308e+02
    endloop
  endfacet
  facet normal -2.687167e-01 -7.718226e-01 -5.762649e-01
    outer loop
      vertex   -6.447548e+00 -2.303518e+01 1.343580e+02
      vertex   -6.603034e+00 -2.266209e+01 1.339308e+02
      vertex   -6.080826e+00 -2.303518e+01 1.341870e+02
    endloop
  endfacet
  facet normal -2.687167e-01 -7.718226e-01 -5.762649e-01
    outer loop
      vertex   -6.080826e+00 -2.303518e+01 1.341870e+02
      vertex   -6.603034e+00 -2.266209e+01 1.339308e+02
      vertex   -6.308131e+00 -2.266209e+01 1.337933e+02
    endloop
  endfacet
  facet normal -3.647017e-01 -7.718226e-01 -5.208480e-01
    outer loop
      vertex   -6.080826e+00 -2.303518e+01 1.341870e+02
      vertex   -6.308131e+00 -2.266209e+01 1.337933e+02
      vertex   -5.749371e+00 -2.303518e+01 1.339549e+02
    endloop
  endfacet
  facet normal -3.647017e-01 -7.718226e-01 -5.208480e-01
    outer loop
      vertex   -5.749371e+00 -2.303518e+01 1.339549e+02
      vertex   -6.308131e+00 -2.266209e+01 1.337933e+02
      vertex   -6.041588e+00 -2.266209e+01 1.336066e+02
    endloop
  endfacet
  facet normal -4.496053e-01 -7.718226e-01 -4.496053e-01
    outer loop
      vertex   -5.749371e+00 -2.303518e+01 1.339549e+02
      vertex   -6.041588e+00 -2.266209e+01 1.336066e+02
      vertex   -5.463252e+00 -2.303518e+01 1.336688e+02
    endloop
  endfacet
  facet normal -4.496053e-01 -7.718226e-01 -4.496053e-01
    outer loop
      vertex   -5.463252e+00 -2.303518e+01 1.336688e+02
      vertex   -6.041588e+00 -2.266209e+01 1.336066e+02
      vertex   -5.811503e+00 -2.266209e+01 1.333765e+02
    endloop
  endfacet
  facet normal -4.120684e-02 -8.811722e-01 -4.709964e-01
    outer loop
      vertex   -7.241487e+00 -2.266209e+01 1.340433e+02
      vertex   -7.241487e+00 -2.238486e+01 1.335247e+02
      vertex   -6.917336e+00 -2.266209e+01 1.340150e+02
    endloop
  endfacet
  facet normal -4.120684e-02 -8.811722e-01 -4.709964e-01
    outer loop
      vertex   -6.917336e+00 -2.266209e+01 1.340150e+02
      vertex   -7.241487e+00 -2.238486e+01 1.335247e+02
      vertex   -7.007400e+00 -2.238486e+01 1.335042e+02
    endloop
  endfacet
  facet normal -1.223685e-01 -8.811722e-01 -4.566854e-01
    outer loop
      vertex   -6.917336e+00 -2.266209e+01 1.340150e+02
      vertex   -7.007400e+00 -2.238486e+01 1.335042e+02
      vertex   -6.603034e+00 -2.266209e+01 1.339308e+02
    endloop
  endfacet
  facet normal -1.223685e-01 -8.811722e-01 -4.566854e-01
    outer loop
      vertex   -6.603034e+00 -2.266209e+01 1.339308e+02
      vertex   -7.007400e+00 -2.238486e+01 1.335042e+02
      vertex   -6.780426e+00 -2.238486e+01 1.334434e+02
    endloop
  endfacet
  facet normal -1.998120e-01 -8.811722e-01 -4.284982e-01
    outer loop
      vertex   -6.603034e+00 -2.266209e+01 1.339308e+02
      vertex   -6.780426e+00 -2.238486e+01 1.334434e+02
      vertex   -6.308131e+00 -2.266209e+01 1.337933e+02
    endloop
  endfacet
  facet normal -1.998120e-01 -8.811722e-01 -4.284982e-01
    outer loop
      vertex   -6.308131e+00 -2.266209e+01 1.337933e+02
      vertex   -6.780426e+00 -2.238486e+01 1.334434e+02
      vertex   -6.567462e+00 -2.238486e+01 1.333441e+02
    endloop
  endfacet
  facet normal -2.711843e-01 -8.811722e-01 -3.872914e-01
    outer loop
      vertex   -6.308131e+00 -2.266209e+01 1.337933e+02
      vertex   -6.567462e+00 -2.238486e+01 1.333441e+02
      vertex   -6.041588e+00 -2.266209e+01 1.336066e+02
    endloop
  endfacet
  facet normal -2.711843e-01 -8.811722e-01 -3.872914e-01
    outer loop
      vertex   -6.041588e+00 -2.266209e+01 1.336066e+02
      vertex   -6.567462e+00 -2.238486e+01 1.333441e+02
      vertex   -6.374977e+00 -2.238486e+01 1.332093e+02
    endloop
  endfacet
  facet normal -3.343169e-01 -8.811722e-01 -3.343169e-01
    outer loop
      vertex   -6.041588e+00 -2.266209e+01 1.336066e+02
      vertex   -6.374977e+00 -2.238486e+01 1.332093e+02
      vertex   -5.811503e+00 -2.266209e+01 1.333765e+02
    endloop
  endfacet
  facet normal -3.343169e-01 -8.811722e-01 -3.343169e-01
    outer loop
      vertex   -5.811503e+00 -2.266209e+01 1.333765e+02
      vertex   -6.374977e+00 -2.238486e+01 1.332093e+02
      vertex   -6.208820e+00 -2.238486e+01 1.330431e+02
    endloop
  endfacet
  facet normal -2.538843e-02 -9.566319e-01 -2.901911e-01
    outer loop
      vertex   -7.241487e+00 -2.238486e+01 1.335247e+02
      vertex   -7.241487e+00 -2.221414e+01 1.329619e+02
      vertex   -7.007400e+00 -2.238486e+01 1.335042e+02
    endloop
  endfacet
  facet normal -2.538843e-02 -9.566319e-01 -2.901911e-01
    outer loop
      vertex   -7.007400e+00 -2.238486e+01 1.335042e+02
      vertex   -7.241487e+00 -2.221414e+01 1.329619e+02
      vertex   -7.105126e+00 -2.221414e+01 1.329500e+02
    endloop
  endfacet
  facet normal -7.539388e-02 -9.566319e-01 -2.813738e-01
    outer loop
      vertex   -7.007400e+00 -2.238486e+01 1.335042e+02
      vertex   -7.105126e+00 -2.221414e+01 1.329500e+02
      vertex   -6.780426e+00 -2.238486e+01 1.334434e+02
    endloop
  endfacet
  facet normal -7.539388e-02 -9.566319e-01 -2.813738e-01
    outer loop
      vertex   -6.780426e+00 -2.238486e+01 1.334434e+02
      vertex   -7.105126e+00 -2.221414e+01 1.329500e+02
      vertex   -6.972908e+00 -2.221414e+01 1.329145e+02
    endloop
  endfacet
  facet normal -1.231085e-01 -9.566319e-01 -2.640071e-01
    outer loop
      vertex   -6.780426e+00 -2.238486e+01 1.334434e+02
      vertex   -6.972908e+00 -2.221414e+01 1.329145e+02
      vertex   -6.567462e+00 -2.238486e+01 1.333441e+02
    endloop
  endfacet
  facet normal -1.231085e-01 -9.566319e-01 -2.640071e-01
    outer loop
      vertex   -6.567462e+00 -2.238486e+01 1.333441e+02
      vertex   -6.972908e+00 -2.221414e+01 1.329145e+02
      vertex   -6.848851e+00 -2.221414e+01 1.328567e+02
    endloop
  endfacet
  facet normal -1.670826e-01 -9.566319e-01 -2.386187e-01
    outer loop
      vertex   -6.567462e+00 -2.238486e+01 1.333441e+02
      vertex   -6.848851e+00 -2.221414e+01 1.328567e+02
      vertex   -6.374977e+00 -2.238486e+01 1.332093e+02
    endloop
  endfacet
  facet normal -1.670826e-01 -9.566319e-01 -2.386187e-01
    outer loop
      vertex   -6.374977e+00 -2.238486e+01 1.332093e+02
      vertex   -6.848851e+00 -2.221414e+01 1.328567e+02
      vertex   -6.736724e+00 -2.221414e+01 1.327782e+02
    endloop
  endfacet
  facet normal -2.059799e-01 -9.566319e-01 -2.059799e-01
    outer loop
      vertex   -6.374977e+00 -2.238486e+01 1.332093e+02
      vertex   -6.736724e+00 -2.221414e+01 1.327782e+02
      vertex   -6.208820e+00 -2.238486e+01 1.330431e+02
    endloop
  endfacet
  facet normal -2.059799e-01 -9.566319e-01 -2.059799e-01
    outer loop
      vertex   -6.208820e+00 -2.238486e+01 1.330431e+02
      vertex   -6.736724e+00 -2.221414e+01 1.327782e+02
      vertex   -6.639934e+00 -2.221414e+01 1.326814e+02
    endloop
  endfacet
  facet normal -8.575073e-03 -9.951481e-01 -9.801354e-02
    outer loop
      vertex   -7.241487e+00 -2.221414e+01 1.329619e+02
      vertex   -7.241487e+00 -2.215650e+01 1.323766e+02
      vertex   -7.105126e+00 -2.221414e+01 1.329500e+02
    endloop
  endfacet
  facet normal -1.277298e-02 -9.952004e-01 -9.702038e-02
    outer loop
      vertex   -7.105126e+00 -2.221414e+01 1.329500e+02
      vertex   -7.241487e+00 -2.215650e+01 1.323766e+02
      vertex   -7.189723e+00 -2.215650e+01 1.323698e+02
    endloop
  endfacet
  facet normal -2.549763e-02 -9.951355e-01 -9.515845e-02
    outer loop
      vertex   -7.105126e+00 -2.221414e+01 1.329500e+02
      vertex   -7.189723e+00 -2.215650e+01 1.323698e+02
      vertex   -6.972908e+00 -2.221414e+01 1.329145e+02
    endloop
  endfacet
  facet normal -3.744847e-02 -9.952004e-01 -9.040860e-02
    outer loop
      vertex   -6.972908e+00 -2.221414e+01 1.329145e+02
      vertex   -7.189723e+00 -2.215650e+01 1.323698e+02
      vertex   -7.141487e+00 -2.215650e+01 1.323498e+02
    endloop
  endfacet
  facet normal -4.158054e-02 -9.951481e-01 -8.916975e-02
    outer loop
      vertex   -6.972908e+00 -2.221414e+01 1.329145e+02
      vertex   -7.141487e+00 -2.215650e+01 1.323498e+02
      vertex   -6.848851e+00 -2.221414e+01 1.328567e+02
    endloop
  endfacet
  facet normal -5.643300e-02 -9.951481e-01 -8.059468e-02
    outer loop
      vertex   -6.848851e+00 -2.221414e+01 1.328567e+02
      vertex   -7.141487e+00 -2.215650e+01 1.323498e+02
      vertex   -6.736724e+00 -2.221414e+01 1.327782e+02
    endloop
  endfacet
  facet normal -5.957191e-02 -9.952004e-01 -7.763563e-02
    outer loop
      vertex   -7.141487e+00 -2.215650e+01 1.323498e+02
      vertex   -7.100065e+00 -2.215650e+01 1.323181e+02
      vertex   -6.736724e+00 -2.221414e+01 1.327782e+02
    endloop
  endfacet
  facet normal -6.966082e-02 -9.951355e-01 -6.966082e-02
    outer loop
      vertex   -6.736724e+00 -2.221414e+01 1.327782e+02
      vertex   -7.100065e+00 -2.215650e+01 1.323181e+02
      vertex   -6.639934e+00 -2.221414e+01 1.326814e+02
    endloop
  endfacet
  facet normal -7.763563e-02 -9.952004e-01 -5.957191e-02
    outer loop
      vertex   -7.100065e+00 -2.215650e+01 1.323181e+02
      vertex   -7.068282e+00 -2.215650e+01 1.322766e+02
      vertex   -6.639934e+00 -2.221414e+01 1.326814e+02
    endloop
  endfacet
  facet normal -2.640071e-01 -9.566319e-01 -1.231085e-01
    outer loop
      vertex   -6.074041e+00 -2.238486e+01 1.328507e+02
      vertex   -6.561422e+00 -2.221414e+01 1.325693e+02
      vertex   -5.974734e+00 -2.238486e+01 1.326377e+02
    endloop
  endfacet
  facet normal -2.640071e-01 -9.566319e-01 -1.231085e-01
    outer loop
      vertex   -5.974734e+00 -2.238486e+01 1.326377e+02
      vertex   -6.561422e+00 -2.221414e+01 1.325693e+02
      vertex   -6.503573e+00 -2.221414e+01 1.324452e+02
    endloop
  endfacet
  facet normal -2.813738e-01 -9.566319e-01 -7.539388e-02
    outer loop
      vertex   -5.974734e+00 -2.238486e+01 1.326377e+02
      vertex   -6.503573e+00 -2.221414e+01 1.324452e+02
      vertex   -5.913916e+00 -2.238486e+01 1.324107e+02
    endloop
  endfacet
  facet normal -2.813738e-01 -9.566319e-01 -7.539388e-02
    outer loop
      vertex   -5.913916e+00 -2.238486e+01 1.324107e+02
      vertex   -6.503573e+00 -2.221414e+01 1.324452e+02
      vertex   -6.468146e+00 -2.221414e+01 1.323130e+02
    endloop
  endfacet
  facet normal -4.284982e-01 -8.811722e-01 -1.998120e-01
    outer loop
      vertex   -5.624868e+00 -2.266209e+01 1.331100e+02
      vertex   -6.074041e+00 -2.238486e+01 1.328507e+02
      vertex   -5.487352e+00 -2.266209e+01 1.328151e+02
    endloop
  endfacet
  facet normal -4.284982e-01 -8.811722e-01 -1.998120e-01
    outer loop
      vertex   -5.487352e+00 -2.266209e+01 1.328151e+02
      vertex   -6.074041e+00 -2.238486e+01 1.328507e+02
      vertex   -5.974734e+00 -2.238486e+01 1.326377e+02
    endloop
  endfacet
  facet normal -4.566854e-01 -8.811722e-01 -1.223685e-01
    outer loop
      vertex   -5.487352e+00 -2.266209e+01 1.328151e+02
      vertex   -5.974734e+00 -2.238486e+01 1.326377e+02
      vertex   -5.403135e+00 -2.266209e+01 1.325008e+02
    endloop
  endfacet
  facet normal -4.566854e-01 -8.811722e-01 -1.223685e-01
    outer loop
      vertex   -5.403135e+00 -2.266209e+01 1.325008e+02
      vertex   -5.974734e+00 -2.238486e+01 1.326377e+02
      vertex   -5.913916e+00 -2.238486e+01 1.324107e+02
    endloop
  endfacet
  facet normal -5.762649e-01 -7.718226e-01 -2.687167e-01
    outer loop
      vertex   -5.231164e+00 -2.303518e+01 1.333373e+02
      vertex   -5.624868e+00 -2.266209e+01 1.331100e+02
      vertex   -5.060159e+00 -2.303518e+01 1.329706e+02
    endloop
  endfacet
  facet normal -5.762649e-01 -7.718226e-01 -2.687167e-01
    outer loop
      vertex   -5.060159e+00 -2.303518e+01 1.329706e+02
      vertex   -5.624868e+00 -2.266209e+01 1.331100e+02
      vertex   -5.487352e+00 -2.266209e+01 1.328151e+02
    endloop
  endfacet
  facet normal -6.141723e-01 -7.718226e-01 -1.645670e-01
    outer loop
      vertex   -5.060159e+00 -2.303518e+01 1.329706e+02
      vertex   -5.487352e+00 -2.266209e+01 1.328151e+02
      vertex   -4.955432e+00 -2.303518e+01 1.325797e+02
    endloop
  endfacet
  facet normal -6.141723e-01 -7.718226e-01 -1.645670e-01
    outer loop
      vertex   -4.955432e+00 -2.303518e+01 1.325797e+02
      vertex   -5.487352e+00 -2.266209e+01 1.328151e+02
      vertex   -5.403135e+00 -2.266209e+01 1.325008e+02
    endloop
  endfacet
  facet normal -7.016587e-01 -6.329475e-01 -3.271888e-01
    outer loop
      vertex   -4.908060e+00 -2.348979e+01 1.335238e+02
      vertex   -5.231164e+00 -2.303518e+01 1.333373e+02
      vertex   -4.709571e+00 -2.348979e+01 1.330982e+02
    endloop
  endfacet
  facet normal -7.016587e-01 -6.329475e-01 -3.271888e-01
    outer loop
      vertex   -4.709571e+00 -2.348979e+01 1.330982e+02
      vertex   -5.231164e+00 -2.303518e+01 1.333373e+02
      vertex   -5.060159e+00 -2.303518e+01 1.329706e+02
    endloop
  endfacet
  facet normal -7.478147e-01 -6.329475e-01 -2.003763e-01
    outer loop
      vertex   -4.709571e+00 -2.348979e+01 1.330982e+02
      vertex   -5.060159e+00 -2.303518e+01 1.329706e+02
      vertex   -4.588012e+00 -2.348979e+01 1.326445e+02
    endloop
  endfacet
  facet normal -7.478147e-01 -6.329475e-01 -2.003763e-01
    outer loop
      vertex   -4.588012e+00 -2.348979e+01 1.326445e+02
      vertex   -5.060159e+00 -2.303518e+01 1.329706e+02
      vertex   -4.955432e+00 -2.303518e+01 1.325797e+02
    endloop
  endfacet
  facet normal -7.999676e-01 -4.699998e-01 -3.730310e-01
    outer loop
      vertex   -4.667972e+00 -2.400845e+01 1.336625e+02
      vertex   -4.908060e+00 -2.348979e+01 1.335238e+02
      vertex   -4.449060e+00 -2.400845e+01 1.331930e+02
    endloop
  endfacet
  facet normal -7.999676e-01 -4.699998e-01 -3.730310e-01
    outer loop
      vertex   -4.449060e+00 -2.400845e+01 1.331930e+02
      vertex   -4.908060e+00 -2.348979e+01 1.335238e+02
      vertex   -4.709571e+00 -2.348979e+01 1.330982e+02
    endloop
  endfacet
  facet normal -8.525904e-01 -4.699998e-01 -2.284509e-01
    outer loop
      vertex   -4.449060e+00 -2.400845e+01 1.331930e+02
      vertex   -4.709571e+00 -2.348979e+01 1.330982e+02
      vertex   -4.314994e+00 -2.400845e+01 1.326927e+02
    endloop
  endfacet
  facet normal -8.525904e-01 -4.699998e-01 -2.284509e-01
    outer loop
      vertex   -4.314994e+00 -2.400845e+01 1.326927e+02
      vertex   -4.709571e+00 -2.348979e+01 1.330982e+02
      vertex   -4.588012e+00 -2.348979e+01 1.326445e+02
    endloop
  endfacet
  facet normal -8.675602e-01 -2.892727e-01 -4.045500e-01
    outer loop
      vertex   -4.520127e+00 -2.457123e+01 1.337478e+02
      vertex   -4.667972e+00 -2.400845e+01 1.336625e+02
      vertex   -4.288638e+00 -2.457123e+01 1.332514e+02
    endloop
  endfacet
  facet normal -8.675602e-01 -2.892727e-01 -4.045500e-01
    outer loop
      vertex   -4.288638e+00 -2.457123e+01 1.332514e+02
      vertex   -4.667972e+00 -2.400845e+01 1.336625e+02
      vertex   -4.449060e+00 -2.400845e+01 1.331930e+02
    endloop
  endfacet
  facet normal -9.246294e-01 -2.892727e-01 -2.477537e-01
    outer loop
      vertex   -4.288638e+00 -2.457123e+01 1.332514e+02
      vertex   -4.449060e+00 -2.400845e+01 1.331930e+02
      vertex   -4.146870e+00 -2.457123e+01 1.327223e+02
    endloop
  endfacet
  facet normal -9.246294e-01 -2.892727e-01 -2.477537e-01
    outer loop
      vertex   -4.146870e+00 -2.457123e+01 1.327223e+02
      vertex   -4.449060e+00 -2.400845e+01 1.331930e+02
      vertex   -4.314994e+00 -2.400845e+01 1.326927e+02
    endloop
  endfacet
  facet normal 8.715574e-02 2.468969e-15 9.961947e-01
    outer loop
      vertex   -3.324149e+01 -4.185650e+01 1.149766e+02
      vertex   -3.324149e+01 -2.515650e+01 1.149766e+02
      vertex   -3.379716e+01 -3.350650e+01 1.150253e+02
    endloop
  endfacet
  facet normal 8.715574e-02 3.316680e-15 9.961947e-01
    outer loop
      vertex   -3.379716e+01 -3.350650e+01 1.150253e+02
      vertex   -3.324149e+01 -2.515650e+01 1.149766e+02
      vertex   -3.379716e+01 -2.515650e+01 1.150253e+02
    endloop
  endfacet
  facet normal 2.588190e-01 3.067574e-15 9.659258e-01
    outer loop
      vertex   -3.379716e+01 -3.350650e+01 1.150253e+02
      vertex   -3.379716e+01 -2.515650e+01 1.150253e+02
      vertex   -3.433595e+01 -3.350650e+01 1.151696e+02
    endloop
  endfacet
  facet normal 2.588190e-01 -0.000000e+00 9.659258e-01
    outer loop
      vertex   -3.433595e+01 -3.350650e+01 1.151696e+02
      vertex   -3.379716e+01 -2.515650e+01 1.150253e+02
      vertex   -3.433595e+01 -2.515650e+01 1.151696e+02
    endloop
  endfacet
  facet normal 4.226183e-01 -0.000000e+00 9.063078e-01
    outer loop
      vertex   -3.433595e+01 -3.350650e+01 1.151696e+02
      vertex   -3.433595e+01 -2.515650e+01 1.151696e+02
      vertex   -3.484149e+01 -3.350650e+01 1.154054e+02
    endloop
  endfacet
  facet normal 4.226183e-01 2.725261e-15 9.063078e-01
    outer loop
      vertex   -3.484149e+01 -3.350650e+01 1.154054e+02
      vertex   -3.433595e+01 -2.515650e+01 1.151696e+02
      vertex   -3.484149e+01 -2.515650e+01 1.154054e+02
    endloop
  endfacet
  facet normal 5.735764e-01 2.300143e-15 8.191520e-01
    outer loop
      vertex   -3.484149e+01 -3.350650e+01 1.154054e+02
      vertex   -3.484149e+01 -2.515650e+01 1.154054e+02
      vertex   -3.529841e+01 -3.350650e+01 1.157253e+02
    endloop
  endfacet
  facet normal 5.735764e-01 9.060293e-16 8.191520e-01
    outer loop
      vertex   -3.529841e+01 -3.350650e+01 1.157253e+02
      vertex   -3.484149e+01 -2.515650e+01 1.154054e+02
      vertex   -3.529841e+01 -2.515650e+01 1.157253e+02
    endloop
  endfacet
  facet normal 7.071068e-01 6.017121e-16 7.071068e-01
    outer loop
      vertex   -3.529841e+01 -3.350650e+01 1.157253e+02
      vertex   -3.529841e+01 -2.515650e+01 1.157253e+02
      vertex   -3.569283e+01 -3.350650e+01 1.161197e+02
    endloop
  endfacet
  facet normal 7.071068e-01 6.017121e-16 7.071068e-01
    outer loop
      vertex   -3.569283e+01 -3.350650e+01 1.161197e+02
      vertex   -3.529841e+01 -2.515650e+01 1.157253e+02
      vertex   -3.569283e+01 -2.515650e+01 1.161197e+02
    endloop
  endfacet
  facet normal 8.191520e-01 2.791121e-16 5.735764e-01
    outer loop
      vertex   -3.569283e+01 -3.350650e+01 1.161197e+02
      vertex   -3.569283e+01 -2.515650e+01 1.161197e+02
      vertex   -3.601277e+01 -3.350650e+01 1.165766e+02
    endloop
  endfacet
  facet normal 8.191520e-01 2.791121e-16 5.735764e-01
    outer loop
      vertex   -3.601277e+01 -3.350650e+01 1.165766e+02
      vertex   -3.569283e+01 -2.515650e+01 1.161197e+02
      vertex   -3.601277e+01 -2.515650e+01 1.165766e+02
    endloop
  endfacet
  facet normal 9.063078e-01 -5.196855e-17 4.226183e-01
    outer loop
      vertex   -3.601277e+01 -3.350650e+01 1.165766e+02
      vertex   -3.601277e+01 -2.515650e+01 1.165766e+02
      vertex   -3.624850e+01 -3.350650e+01 1.170822e+02
    endloop
  endfacet
  facet normal 9.063078e-01 -5.196855e-17 4.226183e-01
    outer loop
      vertex   -3.624850e+01 -3.350650e+01 1.170822e+02
      vertex   -3.601277e+01 -2.515650e+01 1.165766e+02
      vertex   -3.624850e+01 -2.515650e+01 1.170822e+02
    endloop
  endfacet
  facet normal 9.659258e-01 -3.814702e-16 2.588190e-01
    outer loop
      vertex   -3.624850e+01 -3.350650e+01 1.170822e+02
      vertex   -3.624850e+01 -2.515650e+01 1.170822e+02
      vertex   -3.639287e+01 -3.350650e+01 1.176210e+02
    endloop
  endfacet
  facet normal 9.659258e-01 1.321451e-15 2.588190e-01
    outer loop
      vertex   -3.639287e+01 -3.350650e+01 1.176210e+02
      vertex   -3.624850e+01 -2.515650e+01 1.170822e+02
      vertex   -3.639287e+01 -2.515650e+01 1.176210e+02
    endloop
  endfacet
  facet normal 9.961947e-01 4.449908e-16 8.715574e-02
    outer loop
      vertex   -3.639287e+01 -3.350650e+01 1.176210e+02
      vertex   -3.639287e+01 -2.515650e+01 1.176210e+02
      vertex   -3.644149e+01 -2.515650e+01 1.181766e+02
    endloop
  endfacet
  facet normal 9.961947e-01 -2.755254e-16 8.715574e-02
    outer loop
      vertex   -3.644149e+01 -2.515650e+01 1.181766e+02
      vertex   -3.644149e+01 -4.185650e+01 1.181766e+02
      vertex   -3.639287e+01 -3.350650e+01 1.176210e+02
    endloop
  endfacet
  facet normal 9.961947e-01 -6.993810e-16 8.715574e-02
    outer loop
      vertex   -3.639287e+01 -3.350650e+01 1.176210e+02
      vertex   -3.644149e+01 -4.185650e+01 1.181766e+02
      vertex   -3.639287e+01 -4.185650e+01 1.176210e+02
    endloop
  endfacet
  facet normal 9.659258e-01 -3.814702e-16 2.588190e-01
    outer loop
      vertex   -3.639287e+01 -3.350650e+01 1.176210e+02
      vertex   -3.639287e+01 -4.185650e+01 1.176210e+02
      vertex   -3.624850e+01 -3.350650e+01 1.170822e+02
    endloop
  endfacet
  facet normal 9.659258e-01 4.404838e-16 2.588190e-01
    outer loop
      vertex   -3.624850e+01 -3.350650e+01 1.170822e+02
      vertex   -3.639287e+01 -4.185650e+01 1.176210e+02
      vertex   -3.624850e+01 -4.185650e+01 1.170822e+02
    endloop
  endfacet
  facet normal 9.063078e-01 7.192535e-16 4.226183e-01
    outer loop
      vertex   -3.624850e+01 -3.350650e+01 1.170822e+02
      vertex   -3.624850e+01 -4.185650e+01 1.170822e+02
      vertex   -3.601277e+01 -3.350650e+01 1.165766e+02
    endloop
  endfacet
  facet normal 9.063078e-01 7.192535e-16 4.226183e-01
    outer loop
      vertex   -3.601277e+01 -3.350650e+01 1.165766e+02
      vertex   -3.624850e+01 -4.185650e+01 1.170822e+02
      vertex   -3.601277e+01 -4.185650e+01 1.165766e+02
    endloop
  endfacet
  facet normal 8.191520e-01 9.761690e-16 5.735764e-01
    outer loop
      vertex   -3.601277e+01 -3.350650e+01 1.165766e+02
      vertex   -3.601277e+01 -4.185650e+01 1.165766e+02
      vertex   -3.569283e+01 -3.350650e+01 1.161197e+02
    endloop
  endfacet
  facet normal 8.191520e-01 1.952338e-15 5.735764e-01
    outer loop
      vertex   -3.569283e+01 -3.350650e+01 1.161197e+02
      vertex   -3.601277e+01 -4.185650e+01 1.165766e+02
      vertex   -3.569283e+01 -4.185650e+01 1.161197e+02
    endloop
  endfacet
  facet normal 7.071068e-01 2.406848e-15 7.071068e-01
    outer loop
      vertex   -3.569283e+01 -3.350650e+01 1.161197e+02
      vertex   -3.569283e+01 -4.185650e+01 1.161197e+02
      vertex   -3.529841e+01 -3.350650e+01 1.157253e+02
    endloop
  endfacet
  facet normal 7.071068e-01 2.406848e-15 7.071068e-01
    outer loop
      vertex   -3.529841e+01 -3.350650e+01 1.157253e+02
      vertex   -3.569283e+01 -4.185650e+01 1.161197e+02
      vertex   -3.529841e+01 -4.185650e+01 1.157253e+02
    endloop
  endfacet
  facet normal 5.735764e-01 2.788228e-15 8.191520e-01
    outer loop
      vertex   -3.529841e+01 -3.350650e+01 1.157253e+02
      vertex   -3.529841e+01 -4.185650e+01 1.157253e+02
      vertex   -3.484149e+01 -3.350650e+01 1.154054e+02
    endloop
  endfacet
  facet normal 5.735764e-01 1.394114e-15 8.191520e-01
    outer loop
      vertex   -3.484149e+01 -3.350650e+01 1.154054e+02
      vertex   -3.529841e+01 -4.185650e+01 1.157253e+02
      vertex   -3.484149e+01 -4.185650e+01 1.154054e+02
    endloop
  endfacet
  facet normal 4.226183e-01 1.542444e-15 9.063078e-01
    outer loop
      vertex   -3.484149e+01 -3.350650e+01 1.154054e+02
      vertex   -3.484149e+01 -4.185650e+01 1.154054e+02
      vertex   -3.433595e+01 -3.350650e+01 1.151696e+02
    endloop
  endfacet
  facet normal 4.226183e-01 2.725261e-15 9.063078e-01
    outer loop
      vertex   -3.433595e+01 -3.350650e+01 1.151696e+02
      vertex   -3.484149e+01 -4.185650e+01 1.154054e+02
      vertex   -3.433595e+01 -4.185650e+01 1.151696e+02
    endloop
  endfacet
  facet normal 2.588190e-01 3.067574e-15 9.659258e-01
    outer loop
      vertex   -3.433595e+01 -3.350650e+01 1.151696e+02
      vertex   -3.433595e+01 -4.185650e+01 1.151696e+02
      vertex   -3.379716e+01 -3.350650e+01 1.150253e+02
    endloop
  endfacet
  facet normal 2.588190e-01 1.643908e-15 9.659258e-01
    outer loop
      vertex   -3.379716e+01 -3.350650e+01 1.150253e+02
      vertex   -3.433595e+01 -4.185650e+01 1.151696e+02
      vertex   -3.379716e+01 -4.185650e+01 1.150253e+02
    endloop
  endfacet
  facet normal 8.715574e-02 1.695423e-15 9.961947e-01
    outer loop
      vertex   -3.379716e+01 -3.350650e+01 1.150253e+02
      vertex   -3.379716e+01 -4.185650e+01 1.150253e+02
      vertex   -3.324149e+01 -4.185650e+01 1.149766e+02
    endloop
  endfacet
  facet normal 1.000000e+00 -4.254747e-16 -2.537653e-15
    outer loop
      vertex   -3.644149e+01 -2.515650e+01 1.181766e+02
      vertex   -3.644149e+01 -2.515650e+01 1.321766e+02
      vertex   -3.644149e+01 -4.185650e+01 1.181766e+02
    endloop
  endfacet
  facet normal 1.000000e+00 -8.509494e-16 -2.030122e-15
    outer loop
      vertex   -3.644149e+01 -4.185650e+01 1.181766e+02
      vertex   -3.644149e+01 -2.515650e+01 1.321766e+02
      vertex   -3.644149e+01 -4.185650e+01 1.321766e+02
    endloop
  endfacet
  facet normal 9.961947e-01 -1.144372e-15 -8.715574e-02
    outer loop
      vertex   -3.644149e+01 -4.185650e+01 1.321766e+02
      vertex   -3.644149e+01 -2.515650e+01 1.321766e+02
      vertex   -3.639287e+01 -3.350650e+01 1.327323e+02
    endloop
  endfacet
  facet normal 9.961947e-01 -2.966605e-16 -8.715574e-02
    outer loop
      vertex   -3.639287e+01 -3.350650e+01 1.327323e+02
      vertex   -3.644149e+01 -2.515650e+01 1.321766e+02
      vertex   -3.639287e+01 -2.515650e+01 1.327323e+02
    endloop
  endfacet
  facet normal 9.659258e-01 -8.809676e-16 -2.588190e-01
    outer loop
      vertex   -3.639287e+01 -3.350650e+01 1.327323e+02
      vertex   -3.639287e+01 -2.515650e+01 1.327323e+02
      vertex   -3.624850e+01 -3.350650e+01 1.332711e+02
    endloop
  endfacet
  facet normal 9.659258e-01 -8.809676e-16 -2.588190e-01
    outer loop
      vertex   -3.624850e+01 -3.350650e+01 1.332711e+02
      vertex   -3.639287e+01 -2.515650e+01 1.327323e+02
      vertex   -3.624850e+01 -2.515650e+01 1.332711e+02
    endloop
  endfacet
  facet normal 9.063078e-01 -1.438507e-15 -4.226183e-01
    outer loop
      vertex   -3.624850e+01 -3.350650e+01 1.332711e+02
      vertex   -3.624850e+01 -2.515650e+01 1.332711e+02
      vertex   -3.601277e+01 -3.350650e+01 1.337766e+02
    endloop
  endfacet
  facet normal 9.063078e-01 -7.712221e-16 -4.226183e-01
    outer loop
      vertex   -3.601277e+01 -3.350650e+01 1.337766e+02
      vertex   -3.624850e+01 -2.515650e+01 1.332711e+02
      vertex   -3.601277e+01 -2.515650e+01 1.337766e+02
    endloop
  endfacet
  facet normal 8.191520e-01 -6.970569e-16 -5.735764e-01
    outer loop
      vertex   -3.601277e+01 -3.350650e+01 1.337766e+02
      vertex   -3.601277e+01 -2.515650e+01 1.337766e+02
      vertex   -3.569283e+01 -3.350650e+01 1.342336e+02
    endloop
  endfacet
  facet normal 8.191520e-01 -6.970569e-16 -5.735764e-01
    outer loop
      vertex   -3.569283e+01 -3.350650e+01 1.342336e+02
      vertex   -3.601277e+01 -2.515650e+01 1.337766e+02
      vertex   -3.569283e+01 -2.515650e+01 1.342336e+02
    endloop
  endfacet
  facet normal 7.071068e-01 -6.017121e-16 -7.071068e-01
    outer loop
      vertex   -3.569283e+01 -3.350650e+01 1.342336e+02
      vertex   -3.569283e+01 -2.515650e+01 1.342336e+02
      vertex   -3.529841e+01 -3.350650e+01 1.346280e+02
    endloop
  endfacet
  facet normal 7.071068e-01 -3.008560e-15 -7.071068e-01
    outer loop
      vertex   -3.529841e+01 -3.350650e+01 1.346280e+02
      vertex   -3.569283e+01 -2.515650e+01 1.342336e+02
      vertex   -3.529841e+01 -2.515650e+01 1.346280e+02
    endloop
  endfacet
  facet normal 5.735764e-01 -3.276312e-15 -8.191520e-01
    outer loop
      vertex   -3.529841e+01 -3.350650e+01 1.346280e+02
      vertex   -3.529841e+01 -2.515650e+01 1.346280e+02
      vertex   -3.484149e+01 -3.350650e+01 1.349479e+02
    endloop
  endfacet
  facet normal 5.735764e-01 -4.880845e-16 -8.191520e-01
    outer loop
      vertex   -3.484149e+01 -3.350650e+01 1.349479e+02
      vertex   -3.529841e+01 -2.515650e+01 1.346280e+02
      vertex   -3.484149e+01 -2.515650e+01 1.349479e+02
    endloop
  endfacet
  facet normal 4.226183e-01 -3.596267e-16 -9.063078e-01
    outer loop
      vertex   -3.484149e+01 -3.350650e+01 1.349479e+02
      vertex   -3.484149e+01 -2.515650e+01 1.349479e+02
      vertex   -3.433595e+01 -3.350650e+01 1.351837e+02
    endloop
  endfacet
  facet normal 4.226183e-01 0.000000e+00 -9.063078e-01
    outer loop
      vertex   -3.433595e+01 -3.350650e+01 1.351837e+02
      vertex   -3.484149e+01 -2.515650e+01 1.349479e+02
      vertex   -3.433595e+01 -2.515650e+01 1.351837e+02
    endloop
  endfacet
  facet normal 2.588190e-01 0.000000e+00 -9.659258e-01
    outer loop
      vertex   -3.433595e+01 -3.350650e+01 1.351837e+02
      vertex   -3.433595e+01 -2.515650e+01 1.351837e+02
      vertex   -3.379716e+01 -3.350650e+01 1.353280e+02
    endloop
  endfacet
  facet normal 2.588190e-01 -6.795874e-15 -9.659258e-01
    outer loop
      vertex   -3.379716e+01 -3.350650e+01 1.353280e+02
      vertex   -3.433595e+01 -2.515650e+01 1.351837e+02
      vertex   -3.379716e+01 -2.515650e+01 1.353280e+02
    endloop
  endfacet
  facet normal 8.715574e-02 -6.855855e-15 -9.961947e-01
    outer loop
      vertex   -3.379716e+01 -3.350650e+01 1.353280e+02
      vertex   -3.379716e+01 -2.515650e+01 1.353280e+02
      vertex   -3.324149e+01 -2.515650e+01 1.353766e+02
    endloop
  endfacet
  facet normal 8.715574e-02 -1.769588e-15 -9.961947e-01
    outer loop
      vertex   -3.324149e+01 -2.515650e+01 1.353766e+02
      vertex   -3.324149e+01 -4.185650e+01 1.353766e+02
      vertex   -3.379716e+01 -3.350650e+01 1.353280e+02
    endloop
  endfacet
  facet normal 8.715574e-02 -7.416513e-17 -9.961947e-01
    outer loop
      vertex   -3.379716e+01 -3.350650e+01 1.353280e+02
      vertex   -3.324149e+01 -4.185650e+01 1.353766e+02
      vertex   -3.379716e+01 -4.185650e+01 1.353280e+02
    endloop
  endfacet
  facet normal 2.588190e-01 -2.202419e-16 -9.659258e-01
    outer loop
      vertex   -3.379716e+01 -3.350650e+01 1.353280e+02
      vertex   -3.379716e+01 -4.185650e+01 1.353280e+02
      vertex   -3.433595e+01 -3.350650e+01 1.351837e+02
    endloop
  endfacet
  facet normal 2.588190e-01 -3.508058e-15 -9.659258e-01
    outer loop
      vertex   -3.433595e+01 -3.350650e+01 1.351837e+02
      vertex   -3.379716e+01 -4.185650e+01 1.353280e+02
      vertex   -3.433595e+01 -4.185650e+01 1.351837e+02
    endloop
  endfacet
  facet normal 4.226183e-01 -3.444515e-15 -9.063078e-01
    outer loop
      vertex   -3.433595e+01 -3.350650e+01 1.351837e+02
      vertex   -3.433595e+01 -4.185650e+01 1.351837e+02
      vertex   -3.484149e+01 -3.350650e+01 1.349479e+02
    endloop
  endfacet
  facet normal 4.226183e-01 -3.596267e-16 -9.063078e-01
    outer loop
      vertex   -3.484149e+01 -3.350650e+01 1.349479e+02
      vertex   -3.433595e+01 -4.185650e+01 1.351837e+02
      vertex   -3.484149e+01 -4.185650e+01 1.349479e+02
    endloop
  endfacet
  facet normal 5.735764e-01 -4.880845e-16 -8.191520e-01
    outer loop
      vertex   -3.484149e+01 -3.350650e+01 1.349479e+02
      vertex   -3.484149e+01 -4.185650e+01 1.349479e+02
      vertex   -3.529841e+01 -3.350650e+01 1.346280e+02
    endloop
  endfacet
  facet normal 5.735764e-01 0.000000e+00 -8.191520e-01
    outer loop
      vertex   -3.529841e+01 -3.350650e+01 1.346280e+02
      vertex   -3.484149e+01 -4.185650e+01 1.349479e+02
      vertex   -3.529841e+01 -4.185650e+01 1.346280e+02
    endloop
  endfacet
  facet normal 7.071068e-01 0.000000e+00 -7.071068e-01
    outer loop
      vertex   -3.529841e+01 -3.350650e+01 1.346280e+02
      vertex   -3.529841e+01 -4.185650e+01 1.346280e+02
      vertex   -3.569283e+01 -3.350650e+01 1.342336e+02
    endloop
  endfacet
  facet normal 7.071068e-01 -2.406848e-15 -7.071068e-01
    outer loop
      vertex   -3.569283e+01 -3.350650e+01 1.342336e+02
      vertex   -3.529841e+01 -4.185650e+01 1.346280e+02
      vertex   -3.569283e+01 -4.185650e+01 1.342336e+02
    endloop
  endfacet
  facet normal 8.191520e-01 -1.952338e-15 -5.735764e-01
    outer loop
      vertex   -3.569283e+01 -3.350650e+01 1.342336e+02
      vertex   -3.569283e+01 -4.185650e+01 1.342336e+02
      vertex   -3.601277e+01 -3.350650e+01 1.337766e+02
    endloop
  endfacet
  facet normal 8.191520e-01 -2.649395e-15 -5.735764e-01
    outer loop
      vertex   -3.601277e+01 -3.350650e+01 1.337766e+02
      vertex   -3.569283e+01 -4.185650e+01 1.342336e+02
      vertex   -3.601277e+01 -4.185650e+01 1.337766e+02
    endloop
  endfacet
  facet normal 9.063078e-01 -2.209729e-15 -4.226183e-01
    outer loop
      vertex   -3.601277e+01 -3.350650e+01 1.337766e+02
      vertex   -3.601277e+01 -4.185650e+01 1.337766e+02
      vertex   -3.624850e+01 -3.350650e+01 1.332711e+02
    endloop
  endfacet
  facet normal 9.063078e-01 -1.438507e-15 -4.226183e-01
    outer loop
      vertex   -3.624850e+01 -3.350650e+01 1.332711e+02
      vertex   -3.601277e+01 -4.185650e+01 1.337766e+02
      vertex   -3.624850e+01 -4.185650e+01 1.332711e+02
    endloop
  endfacet
  facet normal 9.659258e-01 -8.809676e-16 -2.588190e-01
    outer loop
      vertex   -3.624850e+01 -3.350650e+01 1.332711e+02
      vertex   -3.624850e+01 -4.185650e+01 1.332711e+02
      vertex   -3.639287e+01 -3.350650e+01 1.327323e+02
    endloop
  endfacet
  facet normal 9.659258e-01 -1.702922e-15 -2.588190e-01
    outer loop
      vertex   -3.639287e+01 -3.350650e+01 1.327323e+02
      vertex   -3.624850e+01 -4.185650e+01 1.332711e+02
      vertex   -3.639287e+01 -4.185650e+01 1.327323e+02
    endloop
  endfacet
  facet normal 9.961947e-01 -1.144372e-15 -8.715574e-02
    outer loop
      vertex   -3.639287e+01 -3.350650e+01 1.327323e+02
      vertex   -3.639287e+01 -4.185650e+01 1.327323e+02
      vertex   -3.644149e+01 -4.185650e+01 1.321766e+02
    endloop
  endfacet
  facet normal -1.093143e-15 -1.701899e-15 -1.000000e+00
    outer loop
      vertex   -3.324149e+01 -2.515650e+01 1.353766e+02
      vertex   -7.241487e+00 -2.515650e+01 1.353766e+02
      vertex   -3.324149e+01 -4.185650e+01 1.353766e+02
    endloop
  endfacet
  facet normal -1.093143e-15 -1.701899e-15 -1.000000e+00
    outer loop
      vertex   -3.324149e+01 -4.185650e+01 1.353766e+02
      vertex   -7.241487e+00 -2.515650e+01 1.353766e+02
      vertex   -7.241487e+00 -4.185650e+01 1.353766e+02
    endloop
  endfacet
  facet normal -2.732857e-16 -1.000000e+00 1.749028e-14
    outer loop
      vertex   -3.324149e+01 -2.215650e+01 1.323766e+02
      vertex   -7.041487e+00 -2.215650e+01 1.321766e+02
      vertex   -7.241487e+00 -2.215650e+01 1.323766e+02
    endloop
  endfacet
  facet normal -2.045675e-14 -1.000000e+00 -2.693182e-15
    outer loop
      vertex   -7.241487e+00 -2.215650e+01 1.323766e+02
      vertex   -7.041487e+00 -2.215650e+01 1.321766e+02
      vertex   -7.048301e+00 -2.215650e+01 1.322284e+02
    endloop
  endfacet
  facet normal -2.695867e-14 -1.000000e+00 -1.116665e-14
    outer loop
      vertex   -7.241487e+00 -2.215650e+01 1.323766e+02
      vertex   -7.048301e+00 -2.215650e+01 1.322284e+02
      vertex   -7.068282e+00 -2.215650e+01 1.322766e+02
    endloop
  endfacet
  facet normal 0.000000e+00 -1.000000e+00 -0.000000e+00
    outer loop
      vertex   -3.329325e+01 -2.215650e+01 1.323698e+02
      vertex   -3.334149e+01 -2.215650e+01 1.323498e+02
      vertex   -3.324149e+01 -2.215650e+01 1.323766e+02
    endloop
  endfacet
  facet normal 0.000000e+00 -1.000000e+00 0.000000e+00
    outer loop
      vertex   -3.324149e+01 -2.215650e+01 1.323766e+02
      vertex   -3.334149e+01 -2.215650e+01 1.323498e+02
      vertex   -3.338291e+01 -2.215650e+01 1.323181e+02
    endloop
  endfacet
  facet normal 0.000000e+00 -1.000000e+00 0.000000e+00
    outer loop
      vertex   -3.324149e+01 -2.215650e+01 1.323766e+02
      vertex   -3.338291e+01 -2.215650e+01 1.323181e+02
      vertex   -3.341469e+01 -2.215650e+01 1.322766e+02
    endloop
  endfacet
  facet normal 0.000000e+00 -1.000000e+00 -0.000000e+00
    outer loop
      vertex   -3.341469e+01 -2.215650e+01 1.322766e+02
      vertex   -3.343467e+01 -2.215650e+01 1.322284e+02
      vertex   -3.324149e+01 -2.215650e+01 1.323766e+02
    endloop
  endfacet
  facet normal 0.000000e+00 -1.000000e+00 0.000000e+00
    outer loop
      vertex   -3.324149e+01 -2.215650e+01 1.323766e+02
      vertex   -3.343467e+01 -2.215650e+01 1.322284e+02
      vertex   -3.344149e+01 -2.215650e+01 1.321766e+02
    endloop
  endfacet
  facet normal -4.037175e-16 -1.000000e+00 4.037175e-16
    outer loop
      vertex   -3.324149e+01 -2.215650e+01 1.323766e+02
      vertex   -3.344149e+01 -2.215650e+01 1.321766e+02
      vertex   -7.041487e+00 -2.215650e+01 1.321766e+02
    endloop
  endfacet
  facet normal -4.037175e-16 -1.000000e+00 1.268826e-15
    outer loop
      vertex   -7.041487e+00 -2.215650e+01 1.321766e+02
      vertex   -3.344149e+01 -2.215650e+01 1.321766e+02
      vertex   -7.041487e+00 -2.215650e+01 1.181766e+02
    endloop
  endfacet
  facet normal -2.691450e-16 -1.000000e+00 1.522592e-15
    outer loop
      vertex   -7.041487e+00 -2.215650e+01 1.181766e+02
      vertex   -3.344149e+01 -2.215650e+01 1.321766e+02
      vertex   -3.344149e+01 -2.215650e+01 1.181766e+02
    endloop
  endfacet
  facet normal -2.691450e-16 -1.000000e+00 2.691450e-16
    outer loop
      vertex   -7.041487e+00 -2.215650e+01 1.181766e+02
      vertex   -3.344149e+01 -2.215650e+01 1.181766e+02
      vertex   -7.241487e+00 -2.215650e+01 1.179766e+02
    endloop
  endfacet
  facet normal -2.732857e-16 -1.000000e+00 -2.732857e-16
    outer loop
      vertex   -7.241487e+00 -2.215650e+01 1.179766e+02
      vertex   -3.344149e+01 -2.215650e+01 1.181766e+02
      vertex   -3.324149e+01 -2.215650e+01 1.179766e+02
    endloop
  endfacet
  facet normal 0.000000e+00 -1.000000e+00 0.000000e+00
    outer loop
      vertex   -3.324149e+01 -2.215650e+01 1.179766e+02
      vertex   -3.344149e+01 -2.215650e+01 1.181766e+02
      vertex   -3.343467e+01 -2.215650e+01 1.181249e+02
    endloop
  endfacet
  facet normal 0.000000e+00 -1.000000e+00 0.000000e+00
    outer loop
      vertex   -3.324149e+01 -2.215650e+01 1.179766e+02
      vertex   -3.343467e+01 -2.215650e+01 1.181249e+02
      vertex   -3.341469e+01 -2.215650e+01 1.180766e+02
    endloop
  endfacet
  facet normal 0.000000e+00 -1.000000e+00 0.000000e+00
    outer loop
      vertex   -3.341469e+01 -2.215650e+01 1.180766e+02
      vertex   -3.338291e+01 -2.215650e+01 1.180352e+02
      vertex   -3.324149e+01 -2.215650e+01 1.179766e+02
    endloop
  endfacet
  facet normal 0.000000e+00 -1.000000e+00 0.000000e+00
    outer loop
      vertex   -3.324149e+01 -2.215650e+01 1.179766e+02
      vertex   -3.338291e+01 -2.215650e+01 1.180352e+02
      vertex   -3.334149e+01 -2.215650e+01 1.180034e+02
    endloop
  endfacet
  facet normal 0.000000e+00 -1.000000e+00 0.000000e+00
    outer loop
      vertex   -3.324149e+01 -2.215650e+01 1.179766e+02
      vertex   -3.334149e+01 -2.215650e+01 1.180034e+02
      vertex   -3.329325e+01 -2.215650e+01 1.179835e+02
    endloop
  endfacet
  facet normal -0.000000e+00 -1.000000e+00 0.000000e+00
    outer loop
      vertex   -7.189723e+00 -2.215650e+01 1.179835e+02
      vertex   -7.141487e+00 -2.215650e+01 1.180034e+02
      vertex   -7.241487e+00 -2.215650e+01 1.179766e+02
    endloop
  endfacet
  facet normal 0.000000e+00 -1.000000e+00 0.000000e+00
    outer loop
      vertex   -7.241487e+00 -2.215650e+01 1.179766e+02
      vertex   -7.141487e+00 -2.215650e+01 1.180034e+02
      vertex   -7.100065e+00 -2.215650e+01 1.180352e+02
    endloop
  endfacet
  facet normal 0.000000e+00 -1.000000e+00 0.000000e+00
    outer loop
      vertex   -7.241487e+00 -2.215650e+01 1.179766e+02
      vertex   -7.100065e+00 -2.215650e+01 1.180352e+02
      vertex   -7.068282e+00 -2.215650e+01 1.180766e+02
    endloop
  endfacet
  facet normal -0.000000e+00 -1.000000e+00 0.000000e+00
    outer loop
      vertex   -7.068282e+00 -2.215650e+01 1.180766e+02
      vertex   -7.048301e+00 -2.215650e+01 1.181249e+02
      vertex   -7.241487e+00 -2.215650e+01 1.179766e+02
    endloop
  endfacet
  facet normal 0.000000e+00 -1.000000e+00 0.000000e+00
    outer loop
      vertex   -7.241487e+00 -2.215650e+01 1.179766e+02
      vertex   -7.048301e+00 -2.215650e+01 1.181249e+02
      vertex   -7.041487e+00 -2.215650e+01 1.181766e+02
    endloop
  endfacet
  facet normal -3.682623e-14 -1.000000e+00 -2.825776e-14
    outer loop
      vertex   -7.068282e+00 -2.215650e+01 1.322766e+02
      vertex   -7.100065e+00 -2.215650e+01 1.323181e+02
      vertex   -7.241487e+00 -2.215650e+01 1.323766e+02
    endloop
  endfacet
  facet normal -5.458979e-14 -1.000000e+00 -7.114280e-14
    outer loop
      vertex   -7.241487e+00 -2.215650e+01 1.323766e+02
      vertex   -7.100065e+00 -2.215650e+01 1.323181e+02
      vertex   -7.141487e+00 -2.215650e+01 1.323498e+02
    endloop
  endfacet
  facet normal -1.006111e-13 -1.000000e+00 -2.428967e-13
    outer loop
      vertex   -7.241487e+00 -2.215650e+01 1.323766e+02
      vertex   -7.141487e+00 -2.215650e+01 1.323498e+02
      vertex   -7.189723e+00 -2.215650e+01 1.323698e+02
    endloop
  endfacet
  facet normal 2.405093e-01 -2.296585e-02 9.703751e-01
    outer loop
      vertex   -2.328547e+01 -3.056982e+01 1.144766e+02
      vertex   -2.528939e+01 -3.042943e+01 1.149766e+02
      vertex   -2.334149e+01 -3.115650e+01 1.144766e+02
    endloop
  endfacet
  facet normal 2.428047e-01 -1.651325e-02 9.699346e-01
    outer loop
      vertex   -2.334149e+01 -3.115650e+01 1.144766e+02
      vertex   -2.528939e+01 -3.042943e+01 1.149766e+02
      vertex   -2.534135e+01 -3.119341e+01 1.149766e+02
    endloop
  endfacet
  facet normal 2.421550e-01 1.999476e-02 9.700315e-01
    outer loop
      vertex   -2.334149e+01 -3.115650e+01 1.144766e+02
      vertex   -2.534135e+01 -3.119341e+01 1.149766e+02
      vertex   -2.527834e+01 -3.195657e+01 1.149766e+02
    endloop
  endfacet
  facet normal 2.382642e-01 -5.282909e-02 9.697625e-01
    outer loop
      vertex   -2.528939e+01 -3.042943e+01 1.149766e+02
      vertex   -2.328547e+01 -3.056982e+01 1.144766e+02
      vertex   -2.512363e+01 -2.968183e+01 1.149766e+02
    endloop
  endfacet
  facet normal 2.312003e-01 -6.788654e-02 9.705348e-01
    outer loop
      vertex   -2.512363e+01 -2.968183e+01 1.149766e+02
      vertex   -2.328547e+01 -3.056982e+01 1.144766e+02
      vertex   -2.311943e+01 -3.000434e+01 1.144766e+02
    endloop
  endfacet
  facet normal 2.277725e-01 -8.794751e-02 9.697345e-01
    outer loop
      vertex   -2.512363e+01 -2.968183e+01 1.149766e+02
      vertex   -2.311943e+01 -3.000434e+01 1.144766e+02
      vertex   -2.484781e+01 -2.896748e+01 1.149766e+02
    endloop
  endfacet
  facet normal 2.144272e-01 -1.105449e-01 9.704642e-01
    outer loop
      vertex   -2.484781e+01 -2.896748e+01 1.149766e+02
      vertex   -2.311943e+01 -3.000434e+01 1.144766e+02
      vertex   -2.284937e+01 -2.948051e+01 1.144766e+02
    endloop
  endfacet
  facet normal 2.116338e-01 -1.208289e-01 9.698513e-01
    outer loop
      vertex   -2.484781e+01 -2.896748e+01 1.149766e+02
      vertex   -2.284937e+01 -2.948051e+01 1.144766e+02
      vertex   -2.446814e+01 -2.830248e+01 1.149766e+02
    endloop
  endfacet
  facet normal 1.905879e-01 -1.498800e-01 9.701609e-01
    outer loop
      vertex   -2.446814e+01 -2.830248e+01 1.149766e+02
      vertex   -2.284937e+01 -2.948051e+01 1.144766e+02
      vertex   -2.248506e+01 -2.901725e+01 1.144766e+02
    endloop
  endfacet
  facet normal 1.903470e-01 -1.505128e-01 9.701103e-01
    outer loop
      vertex   -2.446814e+01 -2.830248e+01 1.149766e+02
      vertex   -2.248506e+01 -2.901725e+01 1.144766e+02
      vertex   -2.399318e+01 -2.770182e+01 1.149766e+02
    endloop
  endfacet
  facet normal 1.662997e-01 -1.779940e-01 9.698776e-01
    outer loop
      vertex   -2.399318e+01 -2.770182e+01 1.149766e+02
      vertex   -2.248506e+01 -2.901725e+01 1.144766e+02
      vertex   -2.343364e+01 -2.717904e+01 1.149766e+02
    endloop
  endfacet
  facet normal 1.580524e-01 -1.824022e-01 9.704375e-01
    outer loop
      vertex   -2.343364e+01 -2.717904e+01 1.149766e+02
      vertex   -2.248506e+01 -2.901725e+01 1.144766e+02
      vertex   -2.203966e+01 -2.863131e+01 1.144766e+02
    endloop
  endfacet
  facet normal 1.380809e-01 -2.013324e-01 9.697417e-01
    outer loop
      vertex   -2.343364e+01 -2.717904e+01 1.149766e+02
      vertex   -2.203966e+01 -2.863131e+01 1.144766e+02
      vertex   -2.280214e+01 -2.674593e+01 1.149766e+02
    endloop
  endfacet
  facet normal 1.204727e-01 -2.086648e-01 9.705387e-01
    outer loop
      vertex   -2.280214e+01 -2.674593e+01 1.149766e+02
      vertex   -2.203966e+01 -2.863131e+01 1.144766e+02
      vertex   -2.152927e+01 -2.833664e+01 1.144766e+02
    endloop
  endfacet
  facet normal 1.063651e-01 -2.197058e-01 9.697504e-01
    outer loop
      vertex   -2.280214e+01 -2.674593e+01 1.149766e+02
      vertex   -2.152927e+01 -2.833664e+01 1.144766e+02
      vertex   -2.211291e+01 -2.641226e+01 1.149766e+02
    endloop
  endfacet
  facet normal 7.897524e-02 -2.281840e-01 9.704097e-01
    outer loop
      vertex   -2.211291e+01 -2.641226e+01 1.149766e+02
      vertex   -2.152927e+01 -2.833664e+01 1.144766e+02
      vertex   -2.097234e+01 -2.814388e+01 1.144766e+02
    endloop
  endfacet
  facet normal 7.209048e-02 -2.325726e-01 9.699036e-01
    outer loop
      vertex   -2.211291e+01 -2.641226e+01 1.149766e+02
      vertex   -2.097234e+01 -2.814388e+01 1.144766e+02
      vertex   -2.138148e+01 -2.618554e+01 1.149766e+02
    endloop
  endfacet
  facet normal 3.635574e-02 -2.400814e-01 9.700717e-01
    outer loop
      vertex   -2.138148e+01 -2.618554e+01 1.149766e+02
      vertex   -2.097234e+01 -2.814388e+01 1.144766e+02
      vertex   -2.062436e+01 -2.607089e+01 1.149766e+02
    endloop
  endfacet
  facet normal 3.447797e-02 -2.397996e-01 9.702100e-01
    outer loop
      vertex   -2.062436e+01 -2.607089e+01 1.149766e+02
      vertex   -2.097234e+01 -2.814388e+01 1.144766e+02
      vertex   -2.038899e+01 -2.806001e+01 1.144766e+02
    endloop
  endfacet
  facet normal 5.768280e-14 -2.437837e-01 9.698296e-01
    outer loop
      vertex   -2.062436e+01 -2.607089e+01 1.149766e+02
      vertex   -2.038899e+01 -2.806001e+01 1.144766e+02
      vertex   -1.985861e+01 -2.607089e+01 1.149766e+02
    endloop
  endfacet
  facet normal -1.147495e-02 -2.408887e-01 9.704849e-01
    outer loop
      vertex   -1.985861e+01 -2.607089e+01 1.149766e+02
      vertex   -2.038899e+01 -2.806001e+01 1.144766e+02
      vertex   -1.980031e+01 -2.808805e+01 1.144766e+02
    endloop
  endfacet
  facet normal -3.655945e-02 -2.414267e-01 9.697302e-01
    outer loop
      vertex   -1.985861e+01 -2.607089e+01 1.149766e+02
      vertex   -1.980031e+01 -2.808805e+01 1.144766e+02
      vertex   -1.910149e+01 -2.618554e+01 1.149766e+02
    endloop
  endfacet
  facet normal -5.681533e-02 -2.341960e-01 9.705278e-01
    outer loop
      vertex   -1.910149e+01 -2.618554e+01 1.149766e+02
      vertex   -1.980031e+01 -2.808805e+01 1.144766e+02
      vertex   -1.922758e+01 -2.822699e+01 1.144766e+02
    endloop
  endfacet
  facet normal -7.224124e-02 -2.330590e-01 9.697756e-01
    outer loop
      vertex   -1.910149e+01 -2.618554e+01 1.149766e+02
      vertex   -1.922758e+01 -2.822699e+01 1.144766e+02
      vertex   -1.837007e+01 -2.641226e+01 1.149766e+02
    endloop
  endfacet
  facet normal -1.004238e-01 -2.198976e-01 9.703402e-01
    outer loop
      vertex   -1.837007e+01 -2.641226e+01 1.149766e+02
      vertex   -1.922758e+01 -2.822699e+01 1.144766e+02
      vertex   -1.869149e+01 -2.847182e+01 1.144766e+02
    endloop
  endfacet
  facet normal -1.059930e-01 -2.189373e-01 9.699649e-01
    outer loop
      vertex   -1.837007e+01 -2.641226e+01 1.149766e+02
      vertex   -1.869149e+01 -2.847182e+01 1.144766e+02
      vertex   -1.768084e+01 -2.674593e+01 1.149766e+02
    endloop
  endfacet
  facet normal -1.375055e-01 -2.004935e-01 9.699972e-01
    outer loop
      vertex   -1.768084e+01 -2.674593e+01 1.149766e+02
      vertex   -1.869149e+01 -2.847182e+01 1.144766e+02
      vertex   -1.704933e+01 -2.717904e+01 1.149766e+02
    endloop
  endfacet
  facet normal -1.403142e-01 -1.970437e-01 9.703019e-01
    outer loop
      vertex   -1.704933e+01 -2.717904e+01 1.149766e+02
      vertex   -1.869149e+01 -2.847182e+01 1.144766e+02
      vertex   -1.821142e+01 -2.881367e+01 1.144766e+02
    endloop
  endfacet
  facet normal -1.665354e-01 -1.782463e-01 9.697908e-01
    outer loop
      vertex   -1.704933e+01 -2.717904e+01 1.149766e+02
      vertex   -1.821142e+01 -2.881367e+01 1.144766e+02
      vertex   -1.648980e+01 -2.770182e+01 1.149766e+02
    endloop
  endfacet
  facet normal -1.744421e-01 -1.663302e-01 9.705175e-01
    outer loop
      vertex   -1.648980e+01 -2.770182e+01 1.149766e+02
      vertex   -1.821142e+01 -2.881367e+01 1.144766e+02
      vertex   -1.780472e+01 -2.924020e+01 1.144766e+02
    endloop
  endfacet
  facet normal -1.915419e-01 -1.514576e-01 9.697279e-01
    outer loop
      vertex   -1.648980e+01 -2.770182e+01 1.149766e+02
      vertex   -1.780472e+01 -2.924020e+01 1.144766e+02
      vertex   -1.601484e+01 -2.830248e+01 1.149766e+02
    endloop
  endfacet
  facet normal -2.028196e-01 -1.303442e-01 9.705022e-01
    outer loop
      vertex   -1.601484e+01 -2.830248e+01 1.149766e+02
      vertex   -1.780472e+01 -2.924020e+01 1.144766e+02
      vertex   -1.748610e+01 -2.973599e+01 1.144766e+02
    endloop
  endfacet
  facet normal -2.117763e-01 -1.209102e-01 9.698100e-01
    outer loop
      vertex   -1.601484e+01 -2.830248e+01 1.149766e+02
      vertex   -1.748610e+01 -2.973599e+01 1.144766e+02
      vertex   -1.563517e+01 -2.896748e+01 1.149766e+02
    endloop
  endfacet
  facet normal -2.247420e-01 -8.997311e-02 9.702556e-01
    outer loop
      vertex   -1.563517e+01 -2.896748e+01 1.149766e+02
      vertex   -1.748610e+01 -2.973599e+01 1.144766e+02
      vertex   -1.726706e+01 -3.028313e+01 1.144766e+02
    endloop
  endfacet
  facet normal -2.266553e-01 -8.751615e-02 9.700352e-01
    outer loop
      vertex   -1.563517e+01 -2.896748e+01 1.149766e+02
      vertex   -1.726706e+01 -3.028313e+01 1.144766e+02
      vertex   -1.535934e+01 -2.968183e+01 1.149766e+02
    endloop
  endfacet
  facet normal -2.376071e-01 -5.268339e-02 9.699316e-01
    outer loop
      vertex   -1.535934e+01 -2.968183e+01 1.149766e+02
      vertex   -1.726706e+01 -3.028313e+01 1.144766e+02
      vertex   -1.519358e+01 -3.042943e+01 1.149766e+02
    endloop
  endfacet
  facet normal -2.372236e-01 -4.572111e-02 9.703785e-01
    outer loop
      vertex   -1.519358e+01 -3.042943e+01 1.149766e+02
      vertex   -1.726706e+01 -3.028313e+01 1.144766e+02
      vertex   -1.715552e+01 -3.086182e+01 1.144766e+02
    endloop
  endfacet
  facet normal -2.434932e-01 -1.656007e-02 9.697612e-01
    outer loop
      vertex   -1.519358e+01 -3.042943e+01 1.149766e+02
      vertex   -1.715552e+01 -3.086182e+01 1.144766e+02
      vertex   -1.514162e+01 -3.119341e+01 1.149766e+02
    endloop
  endfacet
  facet normal -2.409588e-01 0.000000e+00 9.705354e-01
    outer loop
      vertex   -1.514162e+01 -3.119341e+01 1.149766e+02
      vertex   -1.715552e+01 -3.086182e+01 1.144766e+02
      vertex   -1.715552e+01 -3.145117e+01 1.144766e+02
    endloop
  endfacet
  facet normal -2.433316e-01 2.009191e-02 9.697350e-01
    outer loop
      vertex   -1.514162e+01 -3.119341e+01 1.149766e+02
      vertex   -1.715552e+01 -3.145117e+01 1.144766e+02
      vertex   -1.520463e+01 -3.195657e+01 1.149766e+02
    endloop
  endfacet
  facet normal -2.368948e-01 4.565773e-02 9.704619e-01
    outer loop
      vertex   -1.520463e+01 -3.195657e+01 1.149766e+02
      vertex   -1.715552e+01 -3.145117e+01 1.144766e+02
      vertex   -1.726706e+01 -3.202987e+01 1.144766e+02
    endloop
  endfacet
  facet normal -2.371216e-01 5.618926e-02 9.698537e-01
    outer loop
      vertex   -1.520463e+01 -3.195657e+01 1.149766e+02
      vertex   -1.726706e+01 -3.202987e+01 1.144766e+02
      vertex   -1.538120e+01 -3.270169e+01 1.149766e+02
    endloop
  endfacet
  facet normal -2.251135e-01 9.012185e-02 9.701556e-01
    outer loop
      vertex   -1.538120e+01 -3.270169e+01 1.149766e+02
      vertex   -1.726706e+01 -3.202987e+01 1.144766e+02
      vertex   -1.748610e+01 -3.257700e+01 1.144766e+02
    endloop
  endfacet
  facet normal -2.250712e-01 9.067005e-02 9.701144e-01
    outer loop
      vertex   -1.538120e+01 -3.270169e+01 1.149766e+02
      vertex   -1.748610e+01 -3.257700e+01 1.144766e+02
      vertex   -1.566734e+01 -3.341197e+01 1.149766e+02
    endloop
  endfacet
  facet normal -2.097811e-01 1.238320e-01 9.698750e-01
    outer loop
      vertex   -1.566734e+01 -3.341197e+01 1.149766e+02
      vertex   -1.748610e+01 -3.257700e+01 1.144766e+02
      vertex   -1.605660e+01 -3.407141e+01 1.149766e+02
    endloop
  endfacet
  facet normal -2.030297e-01 1.304793e-01 9.704402e-01
    outer loop
      vertex   -1.605660e+01 -3.407141e+01 1.149766e+02
      vertex   -1.748610e+01 -3.257700e+01 1.144766e+02
      vertex   -1.780472e+01 -3.307279e+01 1.144766e+02
    endloop
  endfacet
  facet normal -1.892893e-01 1.541822e-01 9.697409e-01
    outer loop
      vertex   -1.605660e+01 -3.407141e+01 1.149766e+02
      vertex   -1.780472e+01 -3.307279e+01 1.144766e+02
      vertex   -1.654020e+01 -3.466513e+01 1.149766e+02
    endloop
  endfacet
  facet normal -1.743809e-01 1.662719e-01 9.705385e-01
    outer loop
      vertex   -1.654020e+01 -3.466513e+01 1.149766e+02
      vertex   -1.780472e+01 -3.307279e+01 1.144766e+02
      vertex   -1.821142e+01 -3.349932e+01 1.144766e+02
    endloop
  endfacet
  facet normal -1.640427e-01 1.807544e-01 9.697514e-01
    outer loop
      vertex   -1.654020e+01 -3.466513e+01 1.149766e+02
      vertex   -1.821142e+01 -3.349932e+01 1.144766e+02
      vertex   -1.710725e+01 -3.517975e+01 1.149766e+02
    endloop
  endfacet
  facet normal -1.400702e-01 1.967011e-01 9.704066e-01
    outer loop
      vertex   -1.710725e+01 -3.517975e+01 1.149766e+02
      vertex   -1.821142e+01 -3.349932e+01 1.144766e+02
      vertex   -1.869149e+01 -3.384118e+01 1.144766e+02
    endloop
  endfacet
  facet normal -1.347891e-01 2.027646e-01 9.699064e-01
    outer loop
      vertex   -1.710725e+01 -3.517975e+01 1.149766e+02
      vertex   -1.869149e+01 -3.384118e+01 1.144766e+02
      vertex   -1.774496e+01 -3.560367e+01 1.149766e+02
    endloop
  endfacet
  facet normal -1.026387e-01 2.200765e-01 9.700678e-01
    outer loop
      vertex   -1.774496e+01 -3.560367e+01 1.149766e+02
      vertex   -1.869149e+01 -3.384118e+01 1.144766e+02
      vertex   -1.843895e+01 -3.592733e+01 1.149766e+02
    endloop
  endfacet
  facet normal -1.006326e-01 2.203546e-01 9.702149e-01
    outer loop
      vertex   -1.843895e+01 -3.592733e+01 1.149766e+02
      vertex   -1.869149e+01 -3.384118e+01 1.144766e+02
      vertex   -1.922758e+01 -3.408600e+01 1.144766e+02
    endloop
  endfacet
  facet normal -7.903369e-02 2.295682e-01 9.700784e-01
    outer loop
      vertex   -1.843895e+01 -3.592733e+01 1.149766e+02
      vertex   -1.922758e+01 -3.408600e+01 1.144766e+02
      vertex   -1.883631e+01 -3.565839e+01 1.148806e+02
    endloop
  endfacet
  facet normal -6.311926e-02 2.335817e-01 9.702863e-01
    outer loop
      vertex   -1.883631e+01 -3.565839e+01 1.148806e+02
      vertex   -1.922758e+01 -3.408600e+01 1.144766e+02
      vertex   -1.927702e+01 -3.545658e+01 1.148034e+02
    endloop
  endfacet
  facet normal -5.663451e-02 2.334506e-01 9.707179e-01
    outer loop
      vertex   -1.927702e+01 -3.545658e+01 1.148034e+02
      vertex   -1.922758e+01 -3.408600e+01 1.144766e+02
      vertex   -1.980031e+01 -3.422494e+01 1.144766e+02
    endloop
  endfacet
  facet normal -4.062767e-02 2.400380e-01 9.699129e-01
    outer loop
      vertex   -1.927702e+01 -3.545658e+01 1.148034e+02
      vertex   -1.980031e+01 -3.422494e+01 1.144766e+02
      vertex   -1.975021e+01 -3.533199e+01 1.147527e+02
    endloop
  endfacet
  facet normal -1.437029e-02 2.413319e-01 9.703362e-01
    outer loop
      vertex   -1.975021e+01 -3.533199e+01 1.147527e+02
      vertex   -1.980031e+01 -3.422494e+01 1.144766e+02
      vertex   -2.024015e+01 -3.529006e+01 1.147350e+02
    endloop
  endfacet
  facet normal -1.144215e-02 2.402002e-01 9.706559e-01
    outer loop
      vertex   -2.024015e+01 -3.529006e+01 1.147350e+02
      vertex   -1.980031e+01 -3.422494e+01 1.144766e+02
      vertex   -2.038899e+01 -3.425299e+01 1.144766e+02
    endloop
  endfacet
  facet normal -2.565742e-12 2.417626e-01 9.703354e-01
    outer loop
      vertex   -2.024015e+01 -3.529006e+01 1.147350e+02
      vertex   -2.038899e+01 -3.425299e+01 1.144766e+02
      vertex   -2.024283e+01 -3.529006e+01 1.147350e+02
    endloop
  endfacet
  facet normal 1.433857e-02 2.436400e-01 9.697597e-01
    outer loop
      vertex   -2.024283e+01 -3.529006e+01 1.147350e+02
      vertex   -2.038899e+01 -3.425299e+01 1.144766e+02
      vertex   -2.073128e+01 -3.533167e+01 1.147527e+02
    endloop
  endfacet
  facet normal 3.416253e-02 2.376056e-01 9.707608e-01
    outer loop
      vertex   -2.073128e+01 -3.533167e+01 1.147527e+02
      vertex   -2.038899e+01 -3.425299e+01 1.144766e+02
      vertex   -2.097234e+01 -3.416911e+01 1.144766e+02
    endloop
  endfacet
  facet normal 4.065453e-02 2.388214e-01 9.702121e-01
    outer loop
      vertex   -2.073128e+01 -3.533167e+01 1.147527e+02
      vertex   -2.097234e+01 -3.416911e+01 1.144766e+02
      vertex   -2.120348e+01 -3.545569e+01 1.148030e+02
    endloop
  endfacet
  facet normal 6.238057e-02 2.348702e-01 9.700230e-01
    outer loop
      vertex   -2.120348e+01 -3.545569e+01 1.148030e+02
      vertex   -2.097234e+01 -3.416911e+01 1.144766e+02
      vertex   -2.164521e+01 -3.565757e+01 1.148803e+02
    endloop
  endfacet
  facet normal 7.877492e-02 2.276052e-01 9.705619e-01
    outer loop
      vertex   -2.164521e+01 -3.565757e+01 1.148803e+02
      vertex   -2.097234e+01 -3.416911e+01 1.144766e+02
      vertex   -2.152927e+01 -3.397636e+01 1.144766e+02
    endloop
  endfacet
  facet normal 8.055289e-02 2.274559e-01 9.704509e-01
    outer loop
      vertex   -2.164521e+01 -3.565757e+01 1.148803e+02
      vertex   -2.152927e+01 -3.397636e+01 1.144766e+02
      vertex   -2.204403e+01 -3.592733e+01 1.149766e+02
    endloop
  endfacet
  facet normal 1.032067e-01 2.212942e-01 9.697305e-01
    outer loop
      vertex   -2.204403e+01 -3.592733e+01 1.149766e+02
      vertex   -2.152927e+01 -3.397636e+01 1.144766e+02
      vertex   -2.273802e+01 -3.560367e+01 1.149766e+02
    endloop
  endfacet
  facet normal 1.204928e-01 2.086996e-01 9.705287e-01
    outer loop
      vertex   -2.273802e+01 -3.560367e+01 1.149766e+02
      vertex   -2.152927e+01 -3.397636e+01 1.144766e+02
      vertex   -2.203966e+01 -3.368168e+01 1.144766e+02
    endloop
  endfacet
  facet normal 1.350804e-01 2.032029e-01 9.697741e-01
    outer loop
      vertex   -2.273802e+01 -3.560367e+01 1.149766e+02
      vertex   -2.203966e+01 -3.368168e+01 1.144766e+02
      vertex   -2.337572e+01 -3.517975e+01 1.149766e+02
    endloop
  endfacet
  facet normal 1.582983e-01 1.826860e-01 9.703440e-01
    outer loop
      vertex   -2.337572e+01 -3.517975e+01 1.149766e+02
      vertex   -2.203966e+01 -3.368168e+01 1.144766e+02
      vertex   -2.248506e+01 -3.329574e+01 1.144766e+02
    endloop
  endfacet
  facet normal 1.634804e-01 1.801348e-01 9.699617e-01
    outer loop
      vertex   -2.337572e+01 -3.517975e+01 1.149766e+02
      vertex   -2.248506e+01 -3.329574e+01 1.144766e+02
      vertex   -2.394277e+01 -3.466513e+01 1.149766e+02
    endloop
  endfacet
  facet normal 1.884874e-01 1.535290e-01 9.700007e-01
    outer loop
      vertex   -2.394277e+01 -3.466513e+01 1.149766e+02
      vertex   -2.248506e+01 -3.329574e+01 1.144766e+02
      vertex   -2.442638e+01 -3.407141e+01 1.149766e+02
    endloop
  endfacet
  facet normal 1.901572e-01 1.495413e-01 9.702977e-01
    outer loop
      vertex   -2.442638e+01 -3.407141e+01 1.149766e+02
      vertex   -2.248506e+01 -3.329574e+01 1.144766e+02
      vertex   -2.284937e+01 -3.283248e+01 1.144766e+02
    endloop
  endfacet
  facet normal 2.100637e-01 1.239988e-01 9.697925e-01
    outer loop
      vertex   -2.442638e+01 -3.407141e+01 1.149766e+02
      vertex   -2.284937e+01 -3.283248e+01 1.144766e+02
      vertex   -2.481563e+01 -3.341197e+01 1.149766e+02
    endloop
  endfacet
  facet normal 2.142411e-01 1.104490e-01 9.705162e-01
    outer loop
      vertex   -2.481563e+01 -3.341197e+01 1.149766e+02
      vertex   -2.284937e+01 -3.283248e+01 1.144766e+02
      vertex   -2.311943e+01 -3.230865e+01 1.144766e+02
    endloop
  endfacet
  facet normal 2.264998e-01 9.124557e-02 9.697278e-01
    outer loop
      vertex   -2.481563e+01 -3.341197e+01 1.149766e+02
      vertex   -2.311943e+01 -3.230865e+01 1.144766e+02
      vertex   -2.510177e+01 -3.270169e+01 1.149766e+02
    endloop
  endfacet
  facet normal 2.313200e-01 6.792167e-02 9.705039e-01
    outer loop
      vertex   -2.510177e+01 -3.270169e+01 1.149766e+02
      vertex   -2.311943e+01 -3.230865e+01 1.144766e+02
      vertex   -2.328547e+01 -3.174318e+01 1.144766e+02
    endloop
  endfacet
  facet normal 2.372979e-01 5.623103e-02 9.698081e-01
    outer loop
      vertex   -2.510177e+01 -3.270169e+01 1.149766e+02
      vertex   -2.328547e+01 -3.174318e+01 1.144766e+02
      vertex   -2.527834e+01 -3.195657e+01 1.149766e+02
    endloop
  endfacet
  facet normal 2.409686e-01 2.300971e-02 9.702601e-01
    outer loop
      vertex   -2.527834e+01 -3.195657e+01 1.149766e+02
      vertex   -2.328547e+01 -3.174318e+01 1.144766e+02
      vertex   -2.334149e+01 -3.115650e+01 1.144766e+02
    endloop
  endfacet
  facet normal 1.639714e-15 8.457240e-15 1.000000e+00
    outer loop
      vertex   -3.324149e+01 -2.515650e+01 1.149766e+02
      vertex   -1.985861e+01 -2.607089e+01 1.149766e+02
      vertex   -7.241487e+00 -2.515650e+01 1.149766e+02
    endloop
  endfacet
  facet normal 1.523505e-15 1.006073e-14 1.000000e+00
    outer loop
      vertex   -7.241487e+00 -2.515650e+01 1.149766e+02
      vertex   -1.985861e+01 -2.607089e+01 1.149766e+02
      vertex   -1.910149e+01 -2.618554e+01 1.149766e+02
    endloop
  endfacet
  facet normal 1.872335e-15 6.040379e-15 1.000000e+00
    outer loop
      vertex   -7.241487e+00 -2.515650e+01 1.149766e+02
      vertex   -1.910149e+01 -2.618554e+01 1.149766e+02
      vertex   -1.837007e+01 -2.641226e+01 1.149766e+02
    endloop
  endfacet
  facet normal 2.179986e-15 2.552848e-15 1.000000e+00
    outer loop
      vertex   -3.324149e+01 -4.185650e+01 1.149766e+02
      vertex   -2.527834e+01 -3.195657e+01 1.149766e+02
      vertex   -3.324149e+01 -2.515650e+01 1.149766e+02
    endloop
  endfacet
  facet normal 0.000000e+00 0.000000e+00 1.000000e+00
    outer loop
      vertex   -3.324149e+01 -2.515650e+01 1.149766e+02
      vertex   -2.527834e+01 -3.195657e+01 1.149766e+02
      vertex   -2.534135e+01 -3.119341e+01 1.149766e+02
    endloop
  endfacet
  facet normal 0.000000e+00 0.000000e+00 1.000000e+00
    outer loop
      vertex   -3.324149e+01 -2.515650e+01 1.149766e+02
      vertex   -2.534135e+01 -3.119341e+01 1.149766e+02
      vertex   -2.528939e+01 -3.042943e+01 1.149766e+02
    endloop
  endfacet
  facet normal 2.991759e-15 5.599303e-11 1.000000e+00
    outer loop
      vertex   -2.374149e+01 -4.185650e+01 1.149766e+02
      vertex   -2.367658e+01 -4.102354e+01 1.149766e+02
      vertex   -3.324149e+01 -4.185650e+01 1.149766e+02
    endloop
  endfacet
  facet normal -5.971395e-12 1.245973e-10 1.000000e+00
    outer loop
      vertex   -3.324149e+01 -4.185650e+01 1.149766e+02
      vertex   -2.367658e+01 -4.102354e+01 1.149766e+02
      vertex   -2.357035e+01 -4.018802e+01 1.149766e+02
    endloop
  endfacet
  facet normal -6.753533e-12 1.291308e-10 1.000000e+00
    outer loop
      vertex   -3.324149e+01 -4.185650e+01 1.149766e+02
      vertex   -2.357035e+01 -4.018802e+01 1.149766e+02
      vertex   -2.342046e+01 -3.936064e+01 1.149766e+02
    endloop
  endfacet
  facet normal 9.838451e-12 6.384262e-11 1.000000e+00
    outer loop
      vertex   -2.342046e+01 -3.936064e+01 1.149766e+02
      vertex   -2.322459e+01 -3.855209e+01 1.149766e+02
      vertex   -3.324149e+01 -4.185650e+01 1.149766e+02
    endloop
  endfacet
  facet normal 7.220680e-11 -1.252195e-10 1.000000e+00
    outer loop
      vertex   -3.324149e+01 -4.185650e+01 1.149766e+02
      vertex   -2.322459e+01 -3.855209e+01 1.149766e+02
      vertex   -2.298481e+01 -3.778658e+01 1.149766e+02
    endloop
  endfacet
  facet normal 4.624174e-11 -5.978444e-11 1.000000e+00
    outer loop
      vertex   -3.324149e+01 -4.185650e+01 1.149766e+02
      vertex   -2.298481e+01 -3.778658e+01 1.149766e+02
      vertex   -2.394277e+01 -3.466513e+01 1.149766e+02
    endloop
  endfacet
  facet normal -9.305371e-11 -1.025335e-10 1.000000e+00
    outer loop
      vertex   -2.394277e+01 -3.466513e+01 1.149766e+02
      vertex   -2.298481e+01 -3.778658e+01 1.149766e+02
      vertex   -2.337572e+01 -3.517975e+01 1.149766e+02
    endloop
  endfacet
  facet normal -3.120322e-10 -1.353706e-10 1.000000e+00
    outer loop
      vertex   -2.337572e+01 -3.517975e+01 1.149766e+02
      vertex   -2.298481e+01 -3.778658e+01 1.149766e+02
      vertex   -2.270788e+01 -3.709118e+01 1.149766e+02
    endloop
  endfacet
  facet normal -2.281418e-11 -3.431962e-11 1.000000e+00
    outer loop
      vertex   -2.337572e+01 -3.517975e+01 1.149766e+02
      vertex   -2.270788e+01 -3.709118e+01 1.149766e+02
      vertex   -2.273802e+01 -3.560367e+01 1.149766e+02
    endloop
  endfacet
  facet normal -3.749911e-10 -4.145424e-11 1.000000e+00
    outer loop
      vertex   -2.273802e+01 -3.560367e+01 1.149766e+02
      vertex   -2.270788e+01 -3.709118e+01 1.149766e+02
      vertex   -2.239641e+01 -3.647309e+01 1.149766e+02
    endloop
  endfacet
  facet normal 6.043575e-11 1.296294e-10 1.000000e+00
    outer loop
      vertex   -2.273802e+01 -3.560367e+01 1.149766e+02
      vertex   -2.239641e+01 -3.647309e+01 1.149766e+02
      vertex   -2.204403e+01 -3.592733e+01 1.149766e+02
    endloop
  endfacet
  facet normal 3.750477e-15 3.054884e-15 1.000000e+00
    outer loop
      vertex   -2.394277e+01 -3.466513e+01 1.149766e+02
      vertex   -2.442638e+01 -3.407141e+01 1.149766e+02
      vertex   -3.324149e+01 -4.185650e+01 1.149766e+02
    endloop
  endfacet
  facet normal 1.674889e-14 -1.166331e-14 1.000000e+00
    outer loop
      vertex   -3.324149e+01 -4.185650e+01 1.149766e+02
      vertex   -2.442638e+01 -3.407141e+01 1.149766e+02
      vertex   -2.481563e+01 -3.341197e+01 1.149766e+02
    endloop
  endfacet
  facet normal 3.604458e-15 1.452058e-15 1.000000e+00
    outer loop
      vertex   -3.324149e+01 -4.185650e+01 1.149766e+02
      vertex   -2.481563e+01 -3.341197e+01 1.149766e+02
      vertex   -2.510177e+01 -3.270169e+01 1.149766e+02
    endloop
  endfacet
  facet normal 4.135441e-15 9.799502e-16 1.000000e+00
    outer loop
      vertex   -2.510177e+01 -3.270169e+01 1.149766e+02
      vertex   -2.527834e+01 -3.195657e+01 1.149766e+02
      vertex   -3.324149e+01 -4.185650e+01 1.149766e+02
    endloop
  endfacet
  facet normal 0.000000e+00 -0.000000e+00 1.000000e+00
    outer loop
      vertex   -2.528939e+01 -3.042943e+01 1.149766e+02
      vertex   -2.512363e+01 -2.968183e+01 1.149766e+02
      vertex   -3.324149e+01 -2.515650e+01 1.149766e+02
    endloop
  endfacet
  facet normal 0.000000e+00 0.000000e+00 1.000000e+00
    outer loop
      vertex   -3.324149e+01 -2.515650e+01 1.149766e+02
      vertex   -2.512363e+01 -2.968183e+01 1.149766e+02
      vertex   -2.484781e+01 -2.896748e+01 1.149766e+02
    endloop
  endfacet
  facet normal 7.705131e-15 1.697054e-14 1.000000e+00
    outer loop
      vertex   -3.324149e+01 -2.515650e+01 1.149766e+02
      vertex   -2.484781e+01 -2.896748e+01 1.149766e+02
      vertex   -2.446814e+01 -2.830248e+01 1.149766e+02
    endloop
  endfacet
  facet normal 1.261957e-15 -9.978655e-16 1.000000e+00
    outer loop
      vertex   -2.446814e+01 -2.830248e+01 1.149766e+02
      vertex   -2.399318e+01 -2.770182e+01 1.149766e+02
      vertex   -3.324149e+01 -2.515650e+01 1.149766e+02
    endloop
  endfacet
  facet normal 1.186946e-15 -1.270413e-15 1.000000e+00
    outer loop
      vertex   -3.324149e+01 -2.515650e+01 1.149766e+02
      vertex   -2.399318e+01 -2.770182e+01 1.149766e+02
      vertex   -2.343364e+01 -2.717904e+01 1.149766e+02
    endloop
  endfacet
  facet normal 1.113977e-15 -1.624262e-15 1.000000e+00
    outer loop
      vertex   -3.324149e+01 -2.515650e+01 1.149766e+02
      vertex   -2.343364e+01 -2.717904e+01 1.149766e+02
      vertex   -2.280214e+01 -2.674593e+01 1.149766e+02
    endloop
  endfacet
  facet normal 1.035591e-15 -2.139098e-15 1.000000e+00
    outer loop
      vertex   -2.280214e+01 -2.674593e+01 1.149766e+02
      vertex   -2.211291e+01 -2.641226e+01 1.149766e+02
      vertex   -3.324149e+01 -2.515650e+01 1.149766e+02
    endloop
  endfacet
  facet normal 9.361674e-16 -3.020189e-15 1.000000e+00
    outer loop
      vertex   -3.324149e+01 -2.515650e+01 1.149766e+02
      vertex   -2.211291e+01 -2.641226e+01 1.149766e+02
      vertex   -2.138148e+01 -2.618554e+01 1.149766e+02
    endloop
  endfacet
  facet normal 7.617527e-16 -5.030365e-15 1.000000e+00
    outer loop
      vertex   -3.324149e+01 -2.515650e+01 1.149766e+02
      vertex   -2.138148e+01 -2.618554e+01 1.149766e+02
      vertex   -2.062436e+01 -2.607089e+01 1.149766e+02
    endloop
  endfacet
  facet normal 3.677302e-27 -1.554131e-14 1.000000e+00
    outer loop
      vertex   -2.062436e+01 -2.607089e+01 1.149766e+02
      vertex   -1.985861e+01 -2.607089e+01 1.149766e+02
      vertex   -3.324149e+01 -2.515650e+01 1.149766e+02
    endloop
  endfacet
  facet normal 2.071182e-15 4.278196e-15 1.000000e+00
    outer loop
      vertex   -1.837007e+01 -2.641226e+01 1.149766e+02
      vertex   -1.768084e+01 -2.674593e+01 1.149766e+02
      vertex   -7.241487e+00 -2.515650e+01 1.149766e+02
    endloop
  endfacet
  facet normal 2.227953e-15 3.248525e-15 1.000000e+00
    outer loop
      vertex   -7.241487e+00 -2.515650e+01 1.149766e+02
      vertex   -1.768084e+01 -2.674593e+01 1.149766e+02
      vertex   -1.704933e+01 -2.717904e+01 1.149766e+02
    endloop
  endfacet
  facet normal 2.373893e-15 2.540826e-15 1.000000e+00
    outer loop
      vertex   -7.241487e+00 -2.515650e+01 1.149766e+02
      vertex   -1.704933e+01 -2.717904e+01 1.149766e+02
      vertex   -1.648980e+01 -2.770182e+01 1.149766e+02
    endloop
  endfacet
  facet normal 2.523914e-15 1.995731e-15 1.000000e+00
    outer loop
      vertex   -1.648980e+01 -2.770182e+01 1.149766e+02
      vertex   -1.601484e+01 -2.830248e+01 1.149766e+02
      vertex   -7.241487e+00 -2.515650e+01 1.149766e+02
    endloop
  endfacet
  facet normal 9.049646e-15 -1.620291e-14 1.000000e+00
    outer loop
      vertex   -7.241487e+00 -2.515650e+01 1.149766e+02
      vertex   -1.601484e+01 -2.830248e+01 1.149766e+02
      vertex   -1.563517e+01 -2.896748e+01 1.149766e+02
    endloop
  endfacet
  facet normal 1.440507e-15 5.562087e-16 1.000000e+00
    outer loop
      vertex   -7.241487e+00 -2.515650e+01 1.149766e+02
      vertex   -1.563517e+01 -2.896748e+01 1.149766e+02
      vertex   -1.535934e+01 -2.968183e+01 1.149766e+02
    endloop
  endfacet
  facet normal 1.557997e-15 3.454467e-16 1.000000e+00
    outer loop
      vertex   -1.535934e+01 -2.968183e+01 1.149766e+02
      vertex   -1.519358e+01 -3.042943e+01 1.149766e+02
      vertex   -7.241487e+00 -2.515650e+01 1.149766e+02
    endloop
  endfacet
  facet normal 1.709945e-15 1.162941e-16 1.000000e+00
    outer loop
      vertex   -7.241487e+00 -2.515650e+01 1.149766e+02
      vertex   -1.519358e+01 -3.042943e+01 1.149766e+02
      vertex   -1.514162e+01 -3.119341e+01 1.149766e+02
    endloop
  endfacet
  facet normal 1.919954e-15 -1.585308e-16 1.000000e+00
    outer loop
      vertex   -7.241487e+00 -2.515650e+01 1.149766e+02
      vertex   -1.514162e+01 -3.119341e+01 1.149766e+02
      vertex   -1.520463e+01 -3.195657e+01 1.149766e+02
    endloop
  endfacet
  facet normal 3.312533e-16 1.701899e-15 1.000000e+00
    outer loop
      vertex   -7.241487e+00 -2.515650e+01 1.149766e+02
      vertex   -1.520463e+01 -3.195657e+01 1.149766e+02
      vertex   -7.241487e+00 -4.185650e+01 1.149766e+02
    endloop
  endfacet
  facet normal -1.378480e-15 3.266501e-16 1.000000e+00
    outer loop
      vertex   -7.241487e+00 -4.185650e+01 1.149766e+02
      vertex   -1.520463e+01 -3.195657e+01 1.149766e+02
      vertex   -1.538120e+01 -3.270169e+01 1.149766e+02
    endloop
  endfacet
  facet normal -1.201486e-15 4.840192e-16 1.000000e+00
    outer loop
      vertex   -7.241487e+00 -4.185650e+01 1.149766e+02
      vertex   -1.538120e+01 -3.270169e+01 1.149766e+02
      vertex   -1.566734e+01 -3.341197e+01 1.149766e+02
    endloop
  endfacet
  facet normal 1.251019e-14 1.416537e-14 1.000000e+00
    outer loop
      vertex   -1.566734e+01 -3.341197e+01 1.149766e+02
      vertex   -1.605660e+01 -3.407141e+01 1.149766e+02
      vertex   -7.241487e+00 -4.185650e+01 1.149766e+02
    endloop
  endfacet
  facet normal 0.000000e+00 0.000000e+00 1.000000e+00
    outer loop
      vertex   -7.241487e+00 -4.185650e+01 1.149766e+02
      vertex   -1.605660e+01 -3.407141e+01 1.149766e+02
      vertex   -1.654020e+01 -3.466513e+01 1.149766e+02
    endloop
  endfacet
  facet normal 0.000000e+00 0.000000e+00 1.000000e+00
    outer loop
      vertex   -7.241487e+00 -4.185650e+01 1.149766e+02
      vertex   -1.654020e+01 -3.466513e+01 1.149766e+02
      vertex   -1.728514e+01 -3.845667e+01 1.149766e+02
    endloop
  endfacet
  facet normal 0.000000e+00 -0.000000e+00 1.000000e+00
    outer loop
      vertex   -1.728514e+01 -3.845667e+01 1.149766e+02
      vertex   -1.654020e+01 -3.466513e+01 1.149766e+02
      vertex   -1.752348e+01 -3.771590e+01 1.149766e+02
    endloop
  endfacet
  facet normal 0.000000e+00 0.000000e+00 1.000000e+00
    outer loop
      vertex   -1.752348e+01 -3.771590e+01 1.149766e+02
      vertex   -1.654020e+01 -3.466513e+01 1.149766e+02
      vertex   -1.710725e+01 -3.517975e+01 1.149766e+02
    endloop
  endfacet
  facet normal 0.000000e+00 -0.000000e+00 1.000000e+00
    outer loop
      vertex   -1.752348e+01 -3.771590e+01 1.149766e+02
      vertex   -1.710725e+01 -3.517975e+01 1.149766e+02
      vertex   -1.779813e+01 -3.704024e+01 1.149766e+02
    endloop
  endfacet
  facet normal 0.000000e+00 0.000000e+00 1.000000e+00
    outer loop
      vertex   -1.779813e+01 -3.704024e+01 1.149766e+02
      vertex   -1.710725e+01 -3.517975e+01 1.149766e+02
      vertex   -1.774496e+01 -3.560367e+01 1.149766e+02
    endloop
  endfacet
  facet normal 0.000000e+00 -0.000000e+00 1.000000e+00
    outer loop
      vertex   -1.779813e+01 -3.704024e+01 1.149766e+02
      vertex   -1.774496e+01 -3.560367e+01 1.149766e+02
      vertex   -1.810423e+01 -3.644218e+01 1.149766e+02
    endloop
  endfacet
  facet normal 0.000000e+00 -0.000000e+00 1.000000e+00
    outer loop
      vertex   -1.810423e+01 -3.644218e+01 1.149766e+02
      vertex   -1.774496e+01 -3.560367e+01 1.149766e+02
      vertex   -1.843895e+01 -3.592733e+01 1.149766e+02
    endloop
  endfacet
  facet normal 1.325509e-14 3.915782e-14 1.000000e+00
    outer loop
      vertex   -1.728514e+01 -3.845667e+01 1.149766e+02
      vertex   -1.708640e+01 -3.924978e+01 1.149766e+02
      vertex   -7.241487e+00 -4.185650e+01 1.149766e+02
    endloop
  endfacet
  facet normal -6.427382e-15 -3.517780e-14 1.000000e+00
    outer loop
      vertex   -7.241487e+00 -4.185650e+01 1.149766e+02
      vertex   -1.708640e+01 -3.924978e+01 1.149766e+02
      vertex   -1.692862e+01 -4.008655e+01 1.149766e+02
    endloop
  endfacet
  facet normal 3.052170e-15 1.670488e-14 1.000000e+00
    outer loop
      vertex   -7.241487e+00 -4.185650e+01 1.149766e+02
      vertex   -1.692862e+01 -4.008655e+01 1.149766e+02
      vertex   -1.681319e+01 -4.095834e+01 1.149766e+02
    endloop
  endfacet
  facet normal 1.495879e-15 1.194245e-16 1.000000e+00
    outer loop
      vertex   -1.681319e+01 -4.095834e+01 1.149766e+02
      vertex   -1.674149e+01 -4.185650e+01 1.149766e+02
      vertex   -7.241487e+00 -4.185650e+01 1.149766e+02
    endloop
  endfacet
  facet normal -4.602538e-01 -3.964349e-01 7.943587e-01
    outer loop
      vertex   -1.883631e+01 -3.565839e+01 1.148806e+02
      vertex   -1.872139e+01 -3.934556e+01 1.131071e+02
      vertex   -1.843895e+01 -3.592733e+01 1.149766e+02
    endloop
  endfacet
  facet normal -4.977672e-01 -3.841638e-01 7.775898e-01
    outer loop
      vertex   -1.843895e+01 -3.592733e+01 1.149766e+02
      vertex   -1.872139e+01 -3.934556e+01 1.131071e+02
      vertex   -1.827009e+01 -3.945827e+01 1.133403e+02
    endloop
  endfacet
  facet normal -5.668883e-01 -3.685462e-01 7.367573e-01
    outer loop
      vertex   -1.843895e+01 -3.592733e+01 1.149766e+02
      vertex   -1.827009e+01 -3.945827e+01 1.133403e+02
      vertex   -1.810423e+01 -3.644218e+01 1.149766e+02
    endloop
  endfacet
  facet normal -6.225520e-01 -3.464677e-01 7.017044e-01
    outer loop
      vertex   -1.810423e+01 -3.644218e+01 1.149766e+02
      vertex   -1.827009e+01 -3.945827e+01 1.133403e+02
      vertex   -1.784819e+01 -3.960518e+01 1.136421e+02
    endloop
  endfacet
  facet normal -6.586947e-01 -3.371354e-01 6.726522e-01
    outer loop
      vertex   -1.810423e+01 -3.644218e+01 1.149766e+02
      vertex   -1.784819e+01 -3.960518e+01 1.136421e+02
      vertex   -1.779813e+01 -3.704024e+01 1.149766e+02
    endloop
  endfacet
  facet normal -7.288911e-01 -3.047576e-01 6.130584e-01
    outer loop
      vertex   -1.779813e+01 -3.704024e+01 1.149766e+02
      vertex   -1.784819e+01 -3.960518e+01 1.136421e+02
      vertex   -1.752758e+01 -3.975515e+01 1.139487e+02
    endloop
  endfacet
  facet normal -7.408430e-01 -3.011497e-01 6.003836e-01
    outer loop
      vertex   -1.779813e+01 -3.704024e+01 1.149766e+02
      vertex   -1.752758e+01 -3.975515e+01 1.139487e+02
      vertex   -1.752348e+01 -3.771590e+01 1.149766e+02
    endloop
  endfacet
  facet normal -8.121752e-01 -2.613050e-01 5.216236e-01
    outer loop
      vertex   -1.752348e+01 -3.771590e+01 1.149766e+02
      vertex   -1.752758e+01 -3.975515e+01 1.139487e+02
      vertex   -1.728514e+01 -3.845667e+01 1.149766e+02
    endloop
  endfacet
  facet normal -8.135316e-01 -2.599233e-01 5.201982e-01
    outer loop
      vertex   -1.728514e+01 -3.845667e+01 1.149766e+02
      vertex   -1.752758e+01 -3.975515e+01 1.139487e+02
      vertex   -1.725523e+01 -3.992299e+01 1.142908e+02
    endloop
  endfacet
  facet normal -8.753844e-01 -2.193643e-01 4.307917e-01
    outer loop
      vertex   -1.728514e+01 -3.845667e+01 1.149766e+02
      vertex   -1.725523e+01 -3.992299e+01 1.142908e+02
      vertex   -1.708640e+01 -3.924978e+01 1.149766e+02
    endloop
  endfacet
  facet normal -8.711725e-01 -2.257344e-01 4.360074e-01
    outer loop
      vertex   -1.708640e+01 -3.924978e+01 1.149766e+02
      vertex   -1.725523e+01 -3.992299e+01 1.142908e+02
      vertex   -1.710311e+01 -4.337421e+01 1.128079e+02
    endloop
  endfacet
  facet normal -9.133165e-01 -1.866321e-01 3.619689e-01
    outer loop
      vertex   -1.708640e+01 -3.924978e+01 1.149766e+02
      vertex   -1.710311e+01 -4.337421e+01 1.128079e+02
      vertex   -1.703615e+01 -4.010570e+01 1.146621e+02
    endloop
  endfacet
  facet normal -9.119191e-01 -1.881947e-01 3.646730e-01
    outer loop
      vertex   -1.703615e+01 -4.010570e+01 1.146621e+02
      vertex   -1.710311e+01 -4.337421e+01 1.128079e+02
      vertex   -1.692206e+01 -4.355090e+01 1.131695e+02
    endloop
  endfacet
  facet normal -9.287160e-01 -1.728737e-01 3.280264e-01
    outer loop
      vertex   -1.703615e+01 -4.010570e+01 1.146621e+02
      vertex   -1.692206e+01 -4.355090e+01 1.131695e+02
      vertex   -1.692862e+01 -4.008655e+01 1.149766e+02
    endloop
  endfacet
  facet normal -9.523715e-01 -1.424519e-01 2.696221e-01
    outer loop
      vertex   -1.692862e+01 -4.008655e+01 1.149766e+02
      vertex   -1.692206e+01 -4.355090e+01 1.131695e+02
      vertex   -1.681466e+01 -4.369874e+01 1.134707e+02
    endloop
  endfacet
  facet normal -9.640118e-01 -1.276409e-01 2.332145e-01
    outer loop
      vertex   -1.692862e+01 -4.008655e+01 1.149766e+02
      vertex   -1.681466e+01 -4.369874e+01 1.134707e+02
      vertex   -1.681319e+01 -4.095834e+01 1.149766e+02
    endloop
  endfacet
  facet normal -9.864004e-01 -7.874993e-02 1.442662e-01
    outer loop
      vertex   -1.681319e+01 -4.095834e+01 1.149766e+02
      vertex   -1.681466e+01 -4.369874e+01 1.134707e+02
      vertex   -1.674149e+01 -4.185650e+01 1.149766e+02
    endloop
  endfacet
  facet normal -9.780541e-01 -1.071957e-01 1.786596e-01
    outer loop
      vertex   -1.674149e+01 -4.185650e+01 1.149766e+02
      vertex   -1.681466e+01 -4.369874e+01 1.134707e+02
      vertex   -1.674149e+01 -4.685650e+01 1.119766e+02
    endloop
  endfacet
  facet normal -9.522950e-01 -1.482732e-01 2.667382e-01
    outer loop
      vertex   -1.674149e+01 -4.685650e+01 1.119766e+02
      vertex   -1.681466e+01 -4.369874e+01 1.134707e+02
      vertex   -1.692206e+01 -4.355090e+01 1.131695e+02
    endloop
  endfacet
  facet normal -9.500994e-01 -1.504999e-01 2.732414e-01
    outer loop
      vertex   -1.674149e+01 -4.685650e+01 1.119766e+02
      vertex   -1.692206e+01 -4.355090e+01 1.131695e+02
      vertex   -1.691014e+01 -4.685650e+01 1.113902e+02
    endloop
  endfacet
  facet normal -9.117911e-01 -1.971777e-01 3.602193e-01
    outer loop
      vertex   -1.691014e+01 -4.685650e+01 1.113902e+02
      vertex   -1.692206e+01 -4.355090e+01 1.131695e+02
      vertex   -1.710311e+01 -4.337421e+01 1.128079e+02
    endloop
  endfacet
  facet normal -8.887376e-01 -2.142419e-01 4.052727e-01
    outer loop
      vertex   -1.691014e+01 -4.685650e+01 1.113902e+02
      vertex   -1.710311e+01 -4.337421e+01 1.128079e+02
      vertex   -1.716317e+01 -4.685650e+01 1.108353e+02
    endloop
  endfacet
  facet normal -8.526602e-01 -2.462995e-01 4.607679e-01
    outer loop
      vertex   -1.716317e+01 -4.685650e+01 1.108353e+02
      vertex   -1.710311e+01 -4.337421e+01 1.128079e+02
      vertex   -1.733354e+01 -4.320969e+01 1.124694e+02
    endloop
  endfacet
  facet normal -8.032865e-01 -2.743960e-01 5.286186e-01
    outer loop
      vertex   -1.716317e+01 -4.685650e+01 1.108353e+02
      vertex   -1.733354e+01 -4.320969e+01 1.124694e+02
      vertex   -1.749803e+01 -4.685650e+01 1.103265e+02
    endloop
  endfacet
  facet normal -7.802790e-01 -2.903267e-01 5.539630e-01
    outer loop
      vertex   -1.749803e+01 -4.685650e+01 1.103265e+02
      vertex   -1.733354e+01 -4.320969e+01 1.124694e+02
      vertex   -1.760946e+01 -4.305987e+01 1.121593e+02
    endloop
  endfacet
  facet normal -6.956738e-01 -3.287574e-01 6.387148e-01
    outer loop
      vertex   -1.749803e+01 -4.685650e+01 1.103265e+02
      vertex   -1.760946e+01 -4.305987e+01 1.121593e+02
      vertex   -1.792641e+01 -4.292713e+01 1.118824e+02
    endloop
  endfacet
  facet normal -6.957463e-01 -3.233616e-01 6.413847e-01
    outer loop
      vertex   -1.792641e+01 -4.292713e+01 1.118824e+02
      vertex   -1.760946e+01 -4.305987e+01 1.121593e+02
      vertex   -1.784819e+01 -3.960518e+01 1.136421e+02
    endloop
  endfacet
  facet normal -6.224993e-01 -3.548398e-01 6.975553e-01
    outer loop
      vertex   -1.792641e+01 -4.292713e+01 1.118824e+02
      vertex   -1.784819e+01 -3.960518e+01 1.136421e+02
      vertex   -1.827009e+01 -3.945827e+01 1.133403e+02
    endloop
  endfacet
  facet normal -3.634923e-01 -4.129924e-01 8.350513e-01
    outer loop
      vertex   -1.872139e+01 -3.934556e+01 1.131071e+02
      vertex   -1.883631e+01 -3.565839e+01 1.148806e+02
      vertex   -1.920606e+01 -3.926407e+01 1.129364e+02
    endloop
  endfacet
  facet normal -3.395617e-01 -4.191959e-01 8.420051e-01
    outer loop
      vertex   -1.920606e+01 -3.926407e+01 1.129364e+02
      vertex   -1.883631e+01 -3.565839e+01 1.148806e+02
      vertex   -1.927702e+01 -3.545658e+01 1.148034e+02
    endloop
  endfacet
  facet normal -2.212008e-01 -4.326748e-01 8.739924e-01
    outer loop
      vertex   -1.920606e+01 -3.926407e+01 1.129364e+02
      vertex   -1.927702e+01 -3.545658e+01 1.148034e+02
      vertex   -1.971350e+01 -3.921557e+01 1.128320e+02
    endloop
  endfacet
  facet normal -2.083406e-01 -4.351736e-01 8.759099e-01
    outer loop
      vertex   -1.971350e+01 -3.921557e+01 1.128320e+02
      vertex   -1.927702e+01 -3.545658e+01 1.148034e+02
      vertex   -1.975021e+01 -3.533199e+01 1.147527e+02
    endloop
  endfacet
  facet normal -7.096330e-02 -4.427411e-01 8.938369e-01
    outer loop
      vertex   -1.971350e+01 -3.921557e+01 1.128320e+02
      vertex   -1.975021e+01 -3.533199e+01 1.147527e+02
      vertex   -2.024149e+01 -3.637385e+01 1.141976e+02
    endloop
  endfacet
  facet normal -7.017896e-02 -4.430598e-01 8.937409e-01
    outer loop
      vertex   -2.024149e+01 -3.637385e+01 1.141976e+02
      vertex   -1.975021e+01 -3.533199e+01 1.147527e+02
      vertex   -2.024015e+01 -3.529006e+01 1.147350e+02
    endloop
  endfacet
  facet normal -7.579353e-02 -4.433120e-01 8.931572e-01
    outer loop
      vertex   -2.024149e+01 -3.637385e+01 1.141976e+02
      vertex   -2.021003e+01 -4.161546e+01 1.115987e+02
      vertex   -1.971350e+01 -3.921557e+01 1.128320e+02
    endloop
  endfacet
  facet normal -7.121228e-02 -4.442214e-01 8.930824e-01
    outer loop
      vertex   -1.971350e+01 -3.921557e+01 1.128320e+02
      vertex   -2.021003e+01 -4.161546e+01 1.115987e+02
      vertex   -1.970823e+01 -4.259118e+01 1.111534e+02
    endloop
  endfacet
  facet normal -2.086245e-01 -4.357262e-01 8.755675e-01
    outer loop
      vertex   -1.971350e+01 -3.921557e+01 1.128320e+02
      vertex   -1.970823e+01 -4.259118e+01 1.111534e+02
      vertex   -1.922873e+01 -4.263111e+01 1.112478e+02
    endloop
  endfacet
  facet normal -2.085786e-01 -4.388991e-01 8.739923e-01
    outer loop
      vertex   -1.922873e+01 -4.263111e+01 1.112478e+02
      vertex   -1.970823e+01 -4.259118e+01 1.111534e+02
      vertex   -1.951125e+01 -4.685650e+01 1.090584e+02
    endloop
  endfacet
  facet normal -2.568355e-01 -4.310225e-01 8.650174e-01
    outer loop
      vertex   -1.922873e+01 -4.263111e+01 1.112478e+02
      vertex   -1.951125e+01 -4.685650e+01 1.090584e+02
      vertex   -1.893067e+01 -4.685650e+01 1.092308e+02
    endloop
  endfacet
  facet normal -7.102411e-02 -4.441481e-01 8.931339e-01
    outer loop
      vertex   -2.021003e+01 -4.161546e+01 1.115987e+02
      vertex   -2.011392e+01 -4.685650e+01 1.090000e+02
      vertex   -1.970823e+01 -4.259118e+01 1.111534e+02
    endloop
  endfacet
  facet normal -8.654424e-02 -4.424149e-01 8.926249e-01
    outer loop
      vertex   -1.970823e+01 -4.259118e+01 1.111534e+02
      vertex   -2.011392e+01 -4.685650e+01 1.090000e+02
      vertex   -1.951125e+01 -4.685650e+01 1.090584e+02
    endloop
  endfacet
  facet normal -3.433027e-01 -4.242099e-01 8.379673e-01
    outer loop
      vertex   -1.922873e+01 -4.263111e+01 1.112478e+02
      vertex   -1.893067e+01 -4.685650e+01 1.092308e+02
      vertex   -1.876831e+01 -4.270060e+01 1.114012e+02
    endloop
  endfacet
  facet normal -4.183165e-01 -4.075736e-01 8.117235e-01
    outer loop
      vertex   -1.876831e+01 -4.270060e+01 1.114012e+02
      vertex   -1.893067e+01 -4.685650e+01 1.092308e+02
      vertex   -1.839145e+01 -4.685650e+01 1.095087e+02
    endloop
  endfacet
  facet normal -4.713169e-01 -4.005555e-01 7.857580e-01
    outer loop
      vertex   -1.876831e+01 -4.270060e+01 1.114012e+02
      vertex   -1.839145e+01 -4.685650e+01 1.095087e+02
      vertex   -1.833591e+01 -4.279830e+01 1.116108e+02
    endloop
  endfacet
  facet normal -5.655988e-01 -3.731866e-01 7.354113e-01
    outer loop
      vertex   -1.833591e+01 -4.279830e+01 1.116108e+02
      vertex   -1.839145e+01 -4.685650e+01 1.095087e+02
      vertex   -1.791047e+01 -4.685650e+01 1.098786e+02
    endloop
  endfacet
  facet normal -5.916251e-01 -3.681605e-01 7.172431e-01
    outer loop
      vertex   -1.833591e+01 -4.279830e+01 1.116108e+02
      vertex   -1.791047e+01 -4.685650e+01 1.098786e+02
      vertex   -1.792641e+01 -4.292713e+01 1.118824e+02
    endloop
  endfacet
  facet normal -6.946387e-01 -3.290339e-01 6.396981e-01
    outer loop
      vertex   -1.792641e+01 -4.292713e+01 1.118824e+02
      vertex   -1.791047e+01 -4.685650e+01 1.098786e+02
      vertex   -1.749803e+01 -4.685650e+01 1.103265e+02
    endloop
  endfacet
  facet normal -9.283128e-01 -1.750373e-01 3.280204e-01
    outer loop
      vertex   -1.692862e+01 -4.008655e+01 1.149766e+02
      vertex   -1.708640e+01 -3.924978e+01 1.149766e+02
      vertex   -1.703615e+01 -4.010570e+01 1.146621e+02
    endloop
  endfacet
  facet normal -2.211792e-01 -4.360104e-01 8.723386e-01
    outer loop
      vertex   -1.971350e+01 -3.921557e+01 1.128320e+02
      vertex   -1.922873e+01 -4.263111e+01 1.112478e+02
      vertex   -1.920606e+01 -3.926407e+01 1.129364e+02
    endloop
  endfacet
  facet normal -3.433757e-01 -4.191977e-01 8.404561e-01
    outer loop
      vertex   -1.920606e+01 -3.926407e+01 1.129364e+02
      vertex   -1.922873e+01 -4.263111e+01 1.112478e+02
      vertex   -1.876831e+01 -4.270060e+01 1.114012e+02
    endloop
  endfacet
  facet normal -3.634590e-01 -4.181904e-01 8.324748e-01
    outer loop
      vertex   -1.920606e+01 -3.926407e+01 1.129364e+02
      vertex   -1.876831e+01 -4.270060e+01 1.114012e+02
      vertex   -1.872139e+01 -3.934556e+01 1.131071e+02
    endloop
  endfacet
  facet normal -4.714054e-01 -3.944643e-01 7.887806e-01
    outer loop
      vertex   -1.872139e+01 -3.934556e+01 1.131071e+02
      vertex   -1.876831e+01 -4.270060e+01 1.114012e+02
      vertex   -1.833591e+01 -4.279830e+01 1.116108e+02
    endloop
  endfacet
  facet normal -4.977237e-01 -3.910698e-01 7.741677e-01
    outer loop
      vertex   -1.872139e+01 -3.934556e+01 1.131071e+02
      vertex   -1.833591e+01 -4.279830e+01 1.116108e+02
      vertex   -1.827009e+01 -3.945827e+01 1.133403e+02
    endloop
  endfacet
  facet normal -5.917206e-01 -3.614605e-01 7.205644e-01
    outer loop
      vertex   -1.827009e+01 -3.945827e+01 1.133403e+02
      vertex   -1.833591e+01 -4.279830e+01 1.116108e+02
      vertex   -1.792641e+01 -4.292713e+01 1.118824e+02
    endloop
  endfacet
  facet normal -7.288416e-01 -3.119573e-01 6.094855e-01
    outer loop
      vertex   -1.784819e+01 -3.960518e+01 1.136421e+02
      vertex   -1.760946e+01 -4.305987e+01 1.121593e+02
      vertex   -1.752758e+01 -3.975515e+01 1.139487e+02
    endloop
  endfacet
  facet normal -7.803870e-01 -2.826710e-01 5.577574e-01
    outer loop
      vertex   -1.752758e+01 -3.975515e+01 1.139487e+02
      vertex   -1.760946e+01 -4.305987e+01 1.121593e+02
      vertex   -1.733354e+01 -4.320969e+01 1.124694e+02
    endloop
  endfacet
  facet normal -8.134798e-01 -2.669521e-01 5.167080e-01
    outer loop
      vertex   -1.752758e+01 -3.975515e+01 1.139487e+02
      vertex   -1.733354e+01 -4.320969e+01 1.124694e+02
      vertex   -1.725523e+01 -3.992299e+01 1.142908e+02
    endloop
  endfacet
  facet normal -8.527878e-01 -2.374486e-01 4.651570e-01
    outer loop
      vertex   -1.725523e+01 -3.992299e+01 1.142908e+02
      vertex   -1.733354e+01 -4.320969e+01 1.124694e+02
      vertex   -1.710311e+01 -4.337421e+01 1.128079e+02
    endloop
  endfacet
  facet normal 4.714402e-12 -4.442247e-01 8.959154e-01
    outer loop
      vertex   -2.024015e+01 -3.529006e+01 1.147350e+02
      vertex   -2.024283e+01 -3.529006e+01 1.147350e+02
      vertex   -2.024149e+01 -3.637385e+01 1.141976e+02
    endloop
  endfacet
  facet normal 1.237123e-14 -4.442247e-01 8.959154e-01
    outer loop
      vertex   -2.036906e+01 -4.685650e+01 1.090000e+02
      vertex   -2.011392e+01 -4.685650e+01 1.090000e+02
      vertex   -2.027294e+01 -4.161546e+01 1.115987e+02
    endloop
  endfacet
  facet normal 5.776475e-14 -4.442247e-01 8.959154e-01
    outer loop
      vertex   -2.027294e+01 -4.161546e+01 1.115987e+02
      vertex   -2.011392e+01 -4.685650e+01 1.090000e+02
      vertex   -2.021003e+01 -4.161546e+01 1.115987e+02
    endloop
  endfacet
  facet normal 5.776475e-14 -4.442247e-01 8.959154e-01
    outer loop
      vertex   -2.027294e+01 -4.161546e+01 1.115987e+02
      vertex   -2.021003e+01 -4.161546e+01 1.115987e+02
      vertex   -2.024149e+01 -3.637385e+01 1.141976e+02
    endloop
  endfacet
  facet normal 7.008657e-02 -4.430628e-01 8.937467e-01
    outer loop
      vertex   -2.024283e+01 -3.529006e+01 1.147350e+02
      vertex   -2.073128e+01 -3.533167e+01 1.147527e+02
      vertex   -2.024149e+01 -3.637385e+01 1.141976e+02
    endloop
  endfacet
  facet normal 7.089933e-02 -4.427336e-01 8.938458e-01
    outer loop
      vertex   -2.024149e+01 -3.637385e+01 1.141976e+02
      vertex   -2.073128e+01 -3.533167e+01 1.147527e+02
      vertex   -2.076948e+01 -3.921574e+01 1.128319e+02
    endloop
  endfacet
  facet normal 7.579330e-02 -4.433120e-01 8.931573e-01
    outer loop
      vertex   -2.024149e+01 -3.637385e+01 1.141976e+02
      vertex   -2.076948e+01 -3.921574e+01 1.128319e+02
      vertex   -2.027294e+01 -4.161546e+01 1.115987e+02
    endloop
  endfacet
  facet normal 7.121240e-02 -4.442213e-01 8.930824e-01
    outer loop
      vertex   -2.027294e+01 -4.161546e+01 1.115987e+02
      vertex   -2.076948e+01 -3.921574e+01 1.128319e+02
      vertex   -2.077475e+01 -4.259091e+01 1.111535e+02
    endloop
  endfacet
  facet normal 7.460288e-02 -4.455393e-01 8.921486e-01
    outer loop
      vertex   -2.027294e+01 -4.161546e+01 1.115987e+02
      vertex   -2.077475e+01 -4.259091e+01 1.111535e+02
      vertex   -2.067254e+01 -4.685650e+01 1.090147e+02
    endloop
  endfacet
  facet normal 1.298253e-01 -4.419366e-01 8.876021e-01
    outer loop
      vertex   -2.067254e+01 -4.685650e+01 1.090147e+02
      vertex   -2.077475e+01 -4.259091e+01 1.111535e+02
      vertex   -2.097266e+01 -4.685650e+01 1.090586e+02
    endloop
  endfacet
  facet normal 2.085795e-01 -4.389051e-01 8.739891e-01
    outer loop
      vertex   -2.097266e+01 -4.685650e+01 1.090586e+02
      vertex   -2.077475e+01 -4.259091e+01 1.111535e+02
      vertex   -2.125424e+01 -4.263084e+01 1.112479e+02
    endloop
  endfacet
  facet normal 2.573041e-01 -4.309553e-01 8.649116e-01
    outer loop
      vertex   -2.097266e+01 -4.685650e+01 1.090586e+02
      vertex   -2.125424e+01 -4.263084e+01 1.112479e+02
      vertex   -2.155462e+01 -4.685650e+01 1.092317e+02
    endloop
  endfacet
  facet normal 3.433043e-01 -4.242120e-01 8.379656e-01
    outer loop
      vertex   -2.155462e+01 -4.685650e+01 1.092317e+02
      vertex   -2.125424e+01 -4.263084e+01 1.112479e+02
      vertex   -2.171467e+01 -4.270033e+01 1.114013e+02
    endloop
  endfacet
  facet normal 4.190219e-01 -4.074419e-01 8.114257e-01
    outer loop
      vertex   -2.155462e+01 -4.685650e+01 1.092317e+02
      vertex   -2.171467e+01 -4.270033e+01 1.114013e+02
      vertex   -2.209394e+01 -4.685650e+01 1.095103e+02
    endloop
  endfacet
  facet normal 4.713194e-01 -4.005386e-01 7.857651e-01
    outer loop
      vertex   -2.209394e+01 -4.685650e+01 1.095103e+02
      vertex   -2.171467e+01 -4.270033e+01 1.114013e+02
      vertex   -2.214707e+01 -4.279803e+01 1.116109e+02
    endloop
  endfacet
  facet normal 5.916846e-01 -3.644505e-01 7.190863e-01
    outer loop
      vertex   -2.209394e+01 -4.685650e+01 1.095103e+02
      vertex   -2.214707e+01 -4.279803e+01 1.116109e+02
      vertex   -2.255657e+01 -4.292686e+01 1.118826e+02
    endloop
  endfacet
  facet normal 5.916552e-01 -3.664462e-01 7.180956e-01
    outer loop
      vertex   -2.255657e+01 -4.292686e+01 1.118826e+02
      vertex   -2.214707e+01 -4.279803e+01 1.116109e+02
      vertex   -2.263478e+01 -3.960535e+01 1.136420e+02
    endloop
  endfacet
  facet normal 7.288791e-01 -3.069931e-01 6.119563e-01
    outer loop
      vertex   -2.255657e+01 -4.292686e+01 1.118826e+02
      vertex   -2.263478e+01 -3.960535e+01 1.136420e+02
      vertex   -2.295539e+01 -3.975532e+01 1.139486e+02
    endloop
  endfacet
  facet normal 7.288709e-01 -3.083154e-01 6.113010e-01
    outer loop
      vertex   -2.295539e+01 -3.975532e+01 1.139486e+02
      vertex   -2.263478e+01 -3.960535e+01 1.136420e+02
      vertex   -2.298481e+01 -3.778658e+01 1.149766e+02
    endloop
  endfacet
  facet normal 8.183883e-01 -2.563390e-01 5.143257e-01
    outer loop
      vertex   -2.295539e+01 -3.975532e+01 1.139486e+02
      vertex   -2.298481e+01 -3.778658e+01 1.149766e+02
      vertex   -2.322459e+01 -3.855209e+01 1.149766e+02
    endloop
  endfacet
  facet normal 2.076648e-01 -4.352653e-01 8.760248e-01
    outer loop
      vertex   -2.073128e+01 -3.533167e+01 1.147527e+02
      vertex   -2.120348e+01 -3.545569e+01 1.148030e+02
      vertex   -2.076948e+01 -3.921574e+01 1.128319e+02
    endloop
  endfacet
  facet normal 2.212003e-01 -4.326453e-01 8.740071e-01
    outer loop
      vertex   -2.076948e+01 -3.921574e+01 1.128319e+02
      vertex   -2.120348e+01 -3.545569e+01 1.148030e+02
      vertex   -2.127691e+01 -3.926424e+01 1.129363e+02
    endloop
  endfacet
  facet normal 2.211887e-01 -4.345108e-01 8.730841e-01
    outer loop
      vertex   -2.076948e+01 -3.921574e+01 1.128319e+02
      vertex   -2.127691e+01 -3.926424e+01 1.129363e+02
      vertex   -2.077475e+01 -4.259091e+01 1.111535e+02
    endloop
  endfacet
  facet normal 2.086028e-01 -4.373187e-01 8.747784e-01
    outer loop
      vertex   -2.077475e+01 -4.259091e+01 1.111535e+02
      vertex   -2.127691e+01 -3.926424e+01 1.129363e+02
      vertex   -2.125424e+01 -4.263084e+01 1.112479e+02
    endloop
  endfacet
  facet normal 3.389910e-01 -4.193148e-01 8.421759e-01
    outer loop
      vertex   -2.120348e+01 -3.545569e+01 1.148030e+02
      vertex   -2.164521e+01 -3.565757e+01 1.148803e+02
      vertex   -2.127691e+01 -3.926424e+01 1.129363e+02
    endloop
  endfacet
  facet normal 3.634913e-01 -4.129771e-01 8.350593e-01
    outer loop
      vertex   -2.127691e+01 -3.926424e+01 1.129363e+02
      vertex   -2.164521e+01 -3.565757e+01 1.148803e+02
      vertex   -2.176158e+01 -3.934573e+01 1.131070e+02
    endloop
  endfacet
  facet normal 3.634756e-01 -4.156848e-01 8.337216e-01
    outer loop
      vertex   -2.127691e+01 -3.926424e+01 1.129363e+02
      vertex   -2.176158e+01 -3.934573e+01 1.131070e+02
      vertex   -2.125424e+01 -4.263084e+01 1.112479e+02
    endloop
  endfacet
  facet normal 3.433400e-01 -4.218596e-01 8.391378e-01
    outer loop
      vertex   -2.125424e+01 -4.263084e+01 1.112479e+02
      vertex   -2.176158e+01 -3.934573e+01 1.131070e+02
      vertex   -2.171467e+01 -4.270033e+01 1.114013e+02
    endloop
  endfacet
  facet normal 4.600708e-01 -3.964923e-01 7.944361e-01
    outer loop
      vertex   -2.164521e+01 -3.565757e+01 1.148803e+02
      vertex   -2.204403e+01 -3.592733e+01 1.149766e+02
      vertex   -2.176158e+01 -3.934573e+01 1.131070e+02
    endloop
  endfacet
  facet normal 4.977659e-01 -3.841643e-01 7.775904e-01
    outer loop
      vertex   -2.176158e+01 -3.934573e+01 1.131070e+02
      vertex   -2.204403e+01 -3.592733e+01 1.149766e+02
      vertex   -2.221288e+01 -3.945845e+01 1.133402e+02
    endloop
  endfacet
  facet normal 4.977482e-01 -3.875554e-01 7.759172e-01
    outer loop
      vertex   -2.176158e+01 -3.934573e+01 1.131070e+02
      vertex   -2.221288e+01 -3.945845e+01 1.133402e+02
      vertex   -2.171467e+01 -4.270033e+01 1.114013e+02
    endloop
  endfacet
  facet normal 4.713559e-01 -3.981988e-01 7.869316e-01
    outer loop
      vertex   -2.171467e+01 -4.270033e+01 1.114013e+02
      vertex   -2.221288e+01 -3.945845e+01 1.133402e+02
      vertex   -2.214707e+01 -4.279803e+01 1.116109e+02
    endloop
  endfacet
  facet normal 5.697017e-01 -3.678381e-01 7.349389e-01
    outer loop
      vertex   -2.204403e+01 -3.592733e+01 1.149766e+02
      vertex   -2.239641e+01 -3.647309e+01 1.149766e+02
      vertex   -2.221288e+01 -3.945845e+01 1.133402e+02
    endloop
  endfacet
  facet normal 6.225507e-01 -3.463924e-01 7.017428e-01
    outer loop
      vertex   -2.221288e+01 -3.945845e+01 1.133402e+02
      vertex   -2.239641e+01 -3.647309e+01 1.149766e+02
      vertex   -2.263478e+01 -3.960535e+01 1.136420e+02
    endloop
  endfacet
  facet normal 6.225340e-01 -3.501482e-01 6.998912e-01
    outer loop
      vertex   -2.221288e+01 -3.945845e+01 1.133402e+02
      vertex   -2.263478e+01 -3.960535e+01 1.136420e+02
      vertex   -2.214707e+01 -4.279803e+01 1.116109e+02
    endloop
  endfacet
  facet normal 6.648869e-01 -3.350570e-01 6.675793e-01
    outer loop
      vertex   -2.239641e+01 -3.647309e+01 1.149766e+02
      vertex   -2.270788e+01 -3.709118e+01 1.149766e+02
      vertex   -2.263478e+01 -3.960535e+01 1.136420e+02
    endloop
  endfacet
  facet normal 7.440125e-01 -2.962875e-01 5.988815e-01
    outer loop
      vertex   -2.263478e+01 -3.960535e+01 1.136420e+02
      vertex   -2.270788e+01 -3.709118e+01 1.149766e+02
      vertex   -2.298481e+01 -3.778658e+01 1.149766e+02
    endloop
  endfacet
  facet normal 8.135216e-01 -2.616979e-01 5.193234e-01
    outer loop
      vertex   -2.295539e+01 -3.975532e+01 1.139486e+02
      vertex   -2.322459e+01 -3.855209e+01 1.149766e+02
      vertex   -2.322774e+01 -3.992316e+01 1.142907e+02
    endloop
  endfacet
  facet normal 8.808910e-01 -2.134005e-01 4.224822e-01
    outer loop
      vertex   -2.322774e+01 -3.992316e+01 1.142907e+02
      vertex   -2.322459e+01 -3.855209e+01 1.149766e+02
      vertex   -2.342046e+01 -3.936064e+01 1.149766e+02
    endloop
  endfacet
  facet normal 8.838070e-01 -2.081511e-01 4.189967e-01
    outer loop
      vertex   -2.322774e+01 -3.992316e+01 1.142907e+02
      vertex   -2.342046e+01 -3.936064e+01 1.149766e+02
      vertex   -2.344682e+01 -4.010587e+01 1.146620e+02
    endloop
  endfacet
  facet normal 9.316657e-01 -1.687806e-01 3.217330e-01
    outer loop
      vertex   -2.344682e+01 -4.010587e+01 1.146620e+02
      vertex   -2.342046e+01 -3.936064e+01 1.149766e+02
      vertex   -2.357035e+01 -4.018802e+01 1.149766e+02
    endloop
  endfacet
  facet normal 9.320232e-01 -1.641836e-01 3.230736e-01
    outer loop
      vertex   -2.344682e+01 -4.010587e+01 1.146620e+02
      vertex   -2.357035e+01 -4.018802e+01 1.149766e+02
      vertex   -2.337986e+01 -4.337395e+01 1.128080e+02
    endloop
  endfacet
  facet normal 9.118741e-01 -1.923139e-01 3.626306e-01
    outer loop
      vertex   -2.337986e+01 -4.337395e+01 1.128080e+02
      vertex   -2.357035e+01 -4.018802e+01 1.149766e+02
      vertex   -2.356092e+01 -4.355064e+01 1.131696e+02
    endloop
  endfacet
  facet normal 9.118997e-01 -1.902966e-01 3.636292e-01
    outer loop
      vertex   -2.337986e+01 -4.337395e+01 1.128080e+02
      vertex   -2.356092e+01 -4.355064e+01 1.131696e+02
      vertex   -2.332035e+01 -4.685650e+01 1.108363e+02
    endloop
  endfacet
  facet normal 8.874463e-01 -2.209306e-01 4.045105e-01
    outer loop
      vertex   -2.332035e+01 -4.685650e+01 1.108363e+02
      vertex   -2.356092e+01 -4.355064e+01 1.131696e+02
      vertex   -2.357287e+01 -4.685650e+01 1.113903e+02
    endloop
  endfacet
  facet normal 9.523129e-01 -1.472747e-01 2.672272e-01
    outer loop
      vertex   -2.357287e+01 -4.685650e+01 1.113903e+02
      vertex   -2.356092e+01 -4.355064e+01 1.131696e+02
      vertex   -2.366832e+01 -4.369848e+01 1.134709e+02
    endloop
  endfacet
  facet normal 9.499927e-01 -1.512711e-01 2.731866e-01
    outer loop
      vertex   -2.357287e+01 -4.685650e+01 1.113903e+02
      vertex   -2.366832e+01 -4.369848e+01 1.134709e+02
      vertex   -2.374149e+01 -4.685650e+01 1.119766e+02
    endloop
  endfacet
  facet normal 9.780555e-01 -1.071923e-01 1.786539e-01
    outer loop
      vertex   -2.374149e+01 -4.685650e+01 1.119766e+02
      vertex   -2.366832e+01 -4.369848e+01 1.134709e+02
      vertex   -2.374149e+01 -4.185650e+01 1.149766e+02
    endloop
  endfacet
  facet normal 9.868723e-01 -7.689620e-02 1.420213e-01
    outer loop
      vertex   -2.374149e+01 -4.185650e+01 1.149766e+02
      vertex   -2.366832e+01 -4.369848e+01 1.134709e+02
      vertex   -2.367658e+01 -4.102354e+01 1.149766e+02
    endloop
  endfacet
  facet normal 9.523103e-01 -1.474375e-01 2.671464e-01
    outer loop
      vertex   -2.367658e+01 -4.102354e+01 1.149766e+02
      vertex   -2.366832e+01 -4.369848e+01 1.134709e+02
      vertex   -2.356092e+01 -4.355064e+01 1.131696e+02
    endloop
  endfacet
  facet normal 9.646461e-01 -1.226494e-01 2.332703e-01
    outer loop
      vertex   -2.367658e+01 -4.102354e+01 1.149766e+02
      vertex   -2.356092e+01 -4.355064e+01 1.131696e+02
      vertex   -2.357035e+01 -4.018802e+01 1.149766e+02
    endloop
  endfacet
  facet normal 8.526628e-01 -2.463031e-01 4.607613e-01
    outer loop
      vertex   -2.337986e+01 -4.337395e+01 1.128080e+02
      vertex   -2.332035e+01 -4.685650e+01 1.108363e+02
      vertex   -2.314944e+01 -4.320943e+01 1.124696e+02
    endloop
  endfacet
  facet normal 8.034385e-01 -2.743032e-01 5.284357e-01
    outer loop
      vertex   -2.314944e+01 -4.320943e+01 1.124696e+02
      vertex   -2.332035e+01 -4.685650e+01 1.108363e+02
      vertex   -2.298561e+01 -4.685650e+01 1.103273e+02
    endloop
  endfacet
  facet normal 7.802817e-01 -2.903336e-01 5.539557e-01
    outer loop
      vertex   -2.314944e+01 -4.320943e+01 1.124696e+02
      vertex   -2.298561e+01 -4.685650e+01 1.103273e+02
      vertex   -2.287352e+01 -4.305961e+01 1.121594e+02
    endloop
  endfacet
  facet normal 6.950335e-01 -3.289931e-01 6.392902e-01
    outer loop
      vertex   -2.287352e+01 -4.305961e+01 1.121594e+02
      vertex   -2.298561e+01 -4.685650e+01 1.103273e+02
      vertex   -2.257472e+01 -4.685650e+01 1.098806e+02
    endloop
  endfacet
  facet normal 6.956785e-01 -3.286325e-01 6.387740e-01
    outer loop
      vertex   -2.287352e+01 -4.305961e+01 1.121594e+02
      vertex   -2.257472e+01 -4.685650e+01 1.098806e+02
      vertex   -2.255657e+01 -4.292686e+01 1.118826e+02
    endloop
  endfacet
  facet normal 5.653670e-01 -3.764933e-01 7.339025e-01
    outer loop
      vertex   -2.255657e+01 -4.292686e+01 1.118826e+02
      vertex   -2.257472e+01 -4.685650e+01 1.098806e+02
      vertex   -2.209394e+01 -4.685650e+01 1.095103e+02
    endloop
  endfacet
  facet normal 4.339937e-02 -4.444449e-01 8.947543e-01
    outer loop
      vertex   -2.067254e+01 -4.685650e+01 1.090147e+02
      vertex   -2.036906e+01 -4.685650e+01 1.090000e+02
      vertex   -2.027294e+01 -4.161546e+01 1.115987e+02
    endloop
  endfacet
  facet normal 8.526965e-01 -2.444443e-01 4.616878e-01
    outer loop
      vertex   -2.337986e+01 -4.337395e+01 1.128080e+02
      vertex   -2.314944e+01 -4.320943e+01 1.124696e+02
      vertex   -2.344682e+01 -4.010587e+01 1.146620e+02
    endloop
  endfacet
  facet normal 8.837999e-01 -2.104900e-01 4.178417e-01
    outer loop
      vertex   -2.344682e+01 -4.010587e+01 1.146620e+02
      vertex   -2.314944e+01 -4.320943e+01 1.124696e+02
      vertex   -2.322774e+01 -3.992316e+01 1.142907e+02
    endloop
  endfacet
  facet normal 7.803078e-01 -2.888052e-01 5.547173e-01
    outer loop
      vertex   -2.314944e+01 -4.320943e+01 1.124696e+02
      vertex   -2.287352e+01 -4.305961e+01 1.121594e+02
      vertex   -2.322774e+01 -3.992316e+01 1.142907e+02
    endloop
  endfacet
  facet normal 8.135244e-01 -2.611784e-01 5.195805e-01
    outer loop
      vertex   -2.322774e+01 -3.992316e+01 1.142907e+02
      vertex   -2.287352e+01 -4.305961e+01 1.121594e+02
      vertex   -2.295539e+01 -3.975532e+01 1.139486e+02
    endloop
  endfacet
  facet normal 6.956784e-01 -3.286366e-01 6.387719e-01
    outer loop
      vertex   -2.287352e+01 -4.305961e+01 1.121594e+02
      vertex   -2.255657e+01 -4.292686e+01 1.118826e+02
      vertex   -2.295539e+01 -3.975532e+01 1.139486e+02
    endloop
  endfacet
  facet normal -7.340351e-15 -1.000000e+00 -4.589331e-14
    outer loop
      vertex   -1.951125e+01 -4.685650e+01 1.090584e+02
      vertex   -2.011392e+01 -4.685650e+01 1.090000e+02
      vertex   4.758513e+00 -4.685650e+01 1.051766e+02
    endloop
  endfacet
  facet normal 2.784904e-14 -1.000000e+00 1.830269e-13
    outer loop
      vertex   4.758513e+00 -4.685650e+01 1.051766e+02
      vertex   -2.011392e+01 -4.685650e+01 1.090000e+02
      vertex   -2.036906e+01 -4.685650e+01 1.090000e+02
    endloop
  endfacet
  facet normal -2.842171e-16 -1.000000e+00 -1.867905e-15
    outer loop
      vertex   4.758513e+00 -4.685650e+01 1.051766e+02
      vertex   -2.036906e+01 -4.685650e+01 1.090000e+02
      vertex   -4.524149e+01 -4.685650e+01 1.051766e+02
    endloop
  endfacet
  facet normal -1.370410e-16 -1.000000e+00 -2.825341e-15
    outer loop
      vertex   -4.524149e+01 -4.685650e+01 1.051766e+02
      vertex   -2.036906e+01 -4.685650e+01 1.090000e+02
      vertex   -2.067254e+01 -4.685650e+01 1.090147e+02
    endloop
  endfacet
  facet normal -1.250700e-14 -1.000000e+00 7.635912e-14
    outer loop
      vertex   -4.524149e+01 -4.685650e+01 1.051766e+02
      vertex   -2.067254e+01 -4.685650e+01 1.090147e+02
      vertex   -2.097266e+01 -4.685650e+01 1.090586e+02
    endloop
  endfacet
  facet normal -4.459735e-15 -1.000000e+00 2.605038e-14
    outer loop
      vertex   -2.097266e+01 -4.685650e+01 1.090586e+02
      vertex   -2.155462e+01 -4.685650e+01 1.092317e+02
      vertex   -4.524149e+01 -4.685650e+01 1.051766e+02
    endloop
  endfacet
  facet normal 0.000000e+00 -1.000000e+00 0.000000e+00
    outer loop
      vertex   -4.524149e+01 -4.685650e+01 1.051766e+02
      vertex   -2.155462e+01 -4.685650e+01 1.092317e+02
      vertex   -2.209394e+01 -4.685650e+01 1.095103e+02
    endloop
  endfacet
  facet normal 0.000000e+00 -1.000000e+00 0.000000e+00
    outer loop
      vertex   -4.524149e+01 -4.685650e+01 1.051766e+02
      vertex   -2.209394e+01 -4.685650e+01 1.095103e+02
      vertex   -3.324149e+01 -4.685650e+01 1.119766e+02
    endloop
  endfacet
  facet normal -4.847218e-12 -1.000000e+00 -2.190846e-11
    outer loop
      vertex   -3.324149e+01 -4.685650e+01 1.119766e+02
      vertex   -2.209394e+01 -4.685650e+01 1.095103e+02
      vertex   -2.257472e+01 -4.685650e+01 1.098806e+02
    endloop
  endfacet
  facet normal -5.175076e-12 -1.000000e+00 -2.357695e-11
    outer loop
      vertex   -3.324149e+01 -4.685650e+01 1.119766e+02
      vertex   -2.257472e+01 -4.685650e+01 1.098806e+02
      vertex   -2.298561e+01 -4.685650e+01 1.103273e+02
    endloop
  endfacet
  facet normal -1.072683e-12 -1.000000e+00 1.933080e-12
    outer loop
      vertex   -2.298561e+01 -4.685650e+01 1.103273e+02
      vertex   -2.332035e+01 -4.685650e+01 1.108363e+02
      vertex   -3.324149e+01 -4.685650e+01 1.119766e+02
    endloop
  endfacet
  facet normal 3.852687e-13 -1.000000e+00 1.461743e-11
    outer loop
      vertex   -3.324149e+01 -4.685650e+01 1.119766e+02
      vertex   -2.332035e+01 -4.685650e+01 1.108363e+02
      vertex   -2.357287e+01 -4.685650e+01 1.113903e+02
    endloop
  endfacet
  facet normal -7.479397e-16 -1.000000e+00 8.252203e-12
    outer loop
      vertex   -3.324149e+01 -4.685650e+01 1.119766e+02
      vertex   -2.357287e+01 -4.685650e+01 1.113903e+02
      vertex   -2.374149e+01 -4.685650e+01 1.119766e+02
    endloop
  endfacet
  facet normal -0.000000e+00 -1.000000e+00 0.000000e+00
    outer loop
      vertex   -3.324149e+01 -4.685650e+01 1.119766e+02
      vertex   -3.405075e+01 -4.685650e+01 1.120297e+02
      vertex   -4.524149e+01 -4.685650e+01 1.051766e+02
    endloop
  endfacet
  facet normal 0.000000e+00 -1.000000e+00 0.000000e+00
    outer loop
      vertex   -4.524149e+01 -4.685650e+01 1.051766e+02
      vertex   -3.405075e+01 -4.685650e+01 1.120297e+02
      vertex   -3.484616e+01 -4.685650e+01 1.121879e+02
    endloop
  endfacet
  facet normal 0.000000e+00 -1.000000e+00 0.000000e+00
    outer loop
      vertex   -4.524149e+01 -4.685650e+01 1.051766e+02
      vertex   -3.484616e+01 -4.685650e+01 1.121879e+02
      vertex   -3.561412e+01 -4.685650e+01 1.124486e+02
    endloop
  endfacet
  facet normal -0.000000e+00 -1.000000e+00 0.000000e+00
    outer loop
      vertex   -3.561412e+01 -4.685650e+01 1.124486e+02
      vertex   -3.634149e+01 -4.685650e+01 1.128073e+02
      vertex   -4.524149e+01 -4.685650e+01 1.051766e+02
    endloop
  endfacet
  facet normal 0.000000e+00 -1.000000e+00 0.000000e+00
    outer loop
      vertex   -4.524149e+01 -4.685650e+01 1.051766e+02
      vertex   -3.634149e+01 -4.685650e+01 1.128073e+02
      vertex   -3.701581e+01 -4.685650e+01 1.132578e+02
    endloop
  endfacet
  facet normal 0.000000e+00 -1.000000e+00 0.000000e+00
    outer loop
      vertex   -4.524149e+01 -4.685650e+01 1.051766e+02
      vertex   -3.701581e+01 -4.685650e+01 1.132578e+02
      vertex   -3.762555e+01 -4.685650e+01 1.137926e+02
    endloop
  endfacet
  facet normal -0.000000e+00 -1.000000e+00 0.000000e+00
    outer loop
      vertex   -3.762555e+01 -4.685650e+01 1.137926e+02
      vertex   -3.816028e+01 -4.685650e+01 1.144023e+02
      vertex   -4.524149e+01 -4.685650e+01 1.051766e+02
    endloop
  endfacet
  facet normal -1.467844e-14 -1.000000e+00 1.126650e-14
    outer loop
      vertex   -4.524149e+01 -4.685650e+01 1.051766e+02
      vertex   -3.816028e+01 -4.685650e+01 1.144023e+02
      vertex   -3.861084e+01 -4.685650e+01 1.150766e+02
    endloop
  endfacet
  facet normal 1.234355e-15 -1.000000e+00 6.087163e-16
    outer loop
      vertex   -4.524149e+01 -4.685650e+01 1.051766e+02
      vertex   -3.861084e+01 -4.685650e+01 1.150766e+02
      vertex   -3.896954e+01 -4.685650e+01 1.158040e+02
    endloop
  endfacet
  facet normal 1.438426e-15 -1.000000e+00 4.882797e-16
    outer loop
      vertex   -3.896954e+01 -4.685650e+01 1.158040e+02
      vertex   -3.923023e+01 -4.685650e+01 1.165720e+02
      vertex   -4.524149e+01 -4.685650e+01 1.051766e+02
    endloop
  endfacet
  facet normal 1.716716e-15 -1.000000e+00 3.414760e-16
    outer loop
      vertex   -4.524149e+01 -4.685650e+01 1.051766e+02
      vertex   -3.923023e+01 -4.685650e+01 1.165720e+02
      vertex   -3.938844e+01 -4.685650e+01 1.173674e+02
    endloop
  endfacet
  facet normal 2.136307e-15 -1.000000e+00 1.400210e-16
    outer loop
      vertex   -4.524149e+01 -4.685650e+01 1.051766e+02
      vertex   -3.938844e+01 -4.685650e+01 1.173674e+02
      vertex   -3.944149e+01 -4.685650e+01 1.181766e+02
    endloop
  endfacet
  facet normal -7.350442e-16 -1.000000e+00 1.421085e-15
    outer loop
      vertex   -4.524149e+01 -4.685650e+01 1.051766e+02
      vertex   -3.944149e+01 -4.685650e+01 1.181766e+02
      vertex   -4.524149e+01 -4.685650e+01 1.401766e+02
    endloop
  endfacet
  facet normal -2.275137e-15 -1.000000e+00 1.015061e-15
    outer loop
      vertex   -4.524149e+01 -4.685650e+01 1.401766e+02
      vertex   -3.944149e+01 -4.685650e+01 1.181766e+02
      vertex   -3.944149e+01 -4.685650e+01 1.321766e+02
    endloop
  endfacet
  facet normal -3.370511e-15 -1.000000e+00 2.209149e-16
    outer loop
      vertex   -4.524149e+01 -4.685650e+01 1.401766e+02
      vertex   -3.944149e+01 -4.685650e+01 1.321766e+02
      vertex   -3.938844e+01 -4.685650e+01 1.329859e+02
    endloop
  endfacet
  facet normal -2.926707e-15 -1.000000e+00 5.821581e-16
    outer loop
      vertex   -3.938844e+01 -4.685650e+01 1.329859e+02
      vertex   -3.923023e+01 -4.685650e+01 1.337813e+02
      vertex   -4.524149e+01 -4.685650e+01 1.401766e+02
    endloop
  endfacet
  facet normal -2.605208e-15 -1.000000e+00 8.843491e-16
    outer loop
      vertex   -4.524149e+01 -4.685650e+01 1.401766e+02
      vertex   -3.923023e+01 -4.685650e+01 1.337813e+02
      vertex   -3.896954e+01 -4.685650e+01 1.345493e+02
    endloop
  endfacet
  facet normal -2.356157e-15 -1.000000e+00 1.161928e-15
    outer loop
      vertex   -4.524149e+01 -4.685650e+01 1.401766e+02
      vertex   -3.896954e+01 -4.685650e+01 1.345493e+02
      vertex   -3.861084e+01 -4.685650e+01 1.352766e+02
    endloop
  endfacet
  facet normal 8.273622e-15 -1.000000e+00 1.554606e-14
    outer loop
      vertex   -3.861084e+01 -4.685650e+01 1.352766e+02
      vertex   -3.816028e+01 -4.685650e+01 1.359510e+02
      vertex   -4.524149e+01 -4.685650e+01 1.401766e+02
    endloop
  endfacet
  facet normal -6.587010e-16 -1.000000e+00 5.776652e-16
    outer loop
      vertex   -4.524149e+01 -4.685650e+01 1.401766e+02
      vertex   -3.816028e+01 -4.685650e+01 1.359510e+02
      vertex   -3.762555e+01 -4.685650e+01 1.365607e+02
    endloop
  endfacet
  facet normal -6.052774e-16 -1.000000e+00 6.901866e-16
    outer loop
      vertex   -4.524149e+01 -4.685650e+01 1.401766e+02
      vertex   -3.762555e+01 -4.685650e+01 1.365607e+02
      vertex   -3.701581e+01 -4.685650e+01 1.370954e+02
    endloop
  endfacet
  facet normal -5.535100e-16 -1.000000e+00 8.283863e-16
    outer loop
      vertex   -3.701581e+01 -4.685650e+01 1.370954e+02
      vertex   -3.634149e+01 -4.685650e+01 1.375460e+02
      vertex   -4.524149e+01 -4.685650e+01 1.401766e+02
    endloop
  endfacet
  facet normal -4.991724e-16 -1.000000e+00 1.012222e-15
    outer loop
      vertex   -4.524149e+01 -4.685650e+01 1.401766e+02
      vertex   -3.634149e+01 -4.685650e+01 1.375460e+02
      vertex   -3.561412e+01 -4.685650e+01 1.379047e+02
    endloop
  endfacet
  facet normal -4.353735e-16 -1.000000e+00 1.282569e-15
    outer loop
      vertex   -4.524149e+01 -4.685650e+01 1.401766e+02
      vertex   -3.561412e+01 -4.685650e+01 1.379047e+02
      vertex   -3.484616e+01 -4.685650e+01 1.381654e+02
    endloop
  endfacet
  facet normal -3.464945e-16 -1.000000e+00 1.741946e-15
    outer loop
      vertex   -3.484616e+01 -4.685650e+01 1.381654e+02
      vertex   -3.405075e+01 -4.685650e+01 1.383236e+02
      vertex   -4.524149e+01 -4.685650e+01 1.401766e+02
    endloop
  endfacet
  facet normal -1.800543e-16 -1.000000e+00 2.747098e-15
    outer loop
      vertex   -4.524149e+01 -4.685650e+01 1.401766e+02
      vertex   -3.405075e+01 -4.685650e+01 1.383236e+02
      vertex   -3.324149e+01 -4.685650e+01 1.383766e+02
    endloop
  endfacet
  facet normal -5.465713e-16 -1.000000e+00 3.036507e-16
    outer loop
      vertex   -4.524149e+01 -4.685650e+01 1.401766e+02
      vertex   -3.324149e+01 -4.685650e+01 1.383766e+02
      vertex   -7.241487e+00 -4.685650e+01 1.383766e+02
    endloop
  endfacet
  facet normal -4.263256e-16 -1.000000e+00 2.842171e-15
    outer loop
      vertex   -4.524149e+01 -4.685650e+01 1.401766e+02
      vertex   -7.241487e+00 -4.685650e+01 1.383766e+02
      vertex   4.758513e+00 -4.685650e+01 1.401766e+02
    endloop
  endfacet
  facet normal 0.000000e+00 -1.000000e+00 0.000000e+00
    outer loop
      vertex   4.758513e+00 -4.685650e+01 1.401766e+02
      vertex   -7.241487e+00 -4.685650e+01 1.383766e+02
      vertex   -6.432224e+00 -4.685650e+01 1.383236e+02
    endloop
  endfacet
  facet normal 0.000000e+00 -1.000000e+00 0.000000e+00
    outer loop
      vertex   4.758513e+00 -4.685650e+01 1.401766e+02
      vertex   -6.432224e+00 -4.685650e+01 1.383236e+02
      vertex   -5.636809e+00 -4.685650e+01 1.381654e+02
    endloop
  endfacet
  facet normal 0.000000e+00 -1.000000e+00 0.000000e+00
    outer loop
      vertex   -5.636809e+00 -4.685650e+01 1.381654e+02
      vertex   -4.868849e+00 -4.685650e+01 1.379047e+02
      vertex   4.758513e+00 -4.685650e+01 1.401766e+02
    endloop
  endfacet
  facet normal 0.000000e+00 -1.000000e+00 0.000000e+00
    outer loop
      vertex   4.758513e+00 -4.685650e+01 1.401766e+02
      vertex   -4.868849e+00 -4.685650e+01 1.379047e+02
      vertex   -4.141487e+00 -4.685650e+01 1.375460e+02
    endloop
  endfacet
  facet normal 0.000000e+00 -1.000000e+00 0.000000e+00
    outer loop
      vertex   4.758513e+00 -4.685650e+01 1.401766e+02
      vertex   -4.141487e+00 -4.685650e+01 1.375460e+02
      vertex   -3.467166e+00 -4.685650e+01 1.370954e+02
    endloop
  endfacet
  facet normal 0.000000e+00 -1.000000e+00 0.000000e+00
    outer loop
      vertex   -3.467166e+00 -4.685650e+01 1.370954e+02
      vertex   -2.857425e+00 -4.685650e+01 1.365607e+02
      vertex   4.758513e+00 -4.685650e+01 1.401766e+02
    endloop
  endfacet
  facet normal 0.000000e+00 -1.000000e+00 0.000000e+00
    outer loop
      vertex   4.758513e+00 -4.685650e+01 1.401766e+02
      vertex   -2.857425e+00 -4.685650e+01 1.365607e+02
      vertex   -2.322696e+00 -4.685650e+01 1.359510e+02
    endloop
  endfacet
  facet normal -4.495500e-15 -1.000000e+00 7.533364e-15
    outer loop
      vertex   4.758513e+00 -4.685650e+01 1.401766e+02
      vertex   -2.322696e+00 -4.685650e+01 1.359510e+02
      vertex   -1.872129e+00 -4.685650e+01 1.352766e+02
    endloop
  endfacet
  facet normal 7.853857e-16 -1.000000e+00 3.873093e-16
    outer loop
      vertex   -1.872129e+00 -4.685650e+01 1.352766e+02
      vertex   -1.513434e+00 -4.685650e+01 1.345493e+02
      vertex   4.758513e+00 -4.685650e+01 1.401766e+02
    endloop
  endfacet
  facet normal 8.684028e-16 -1.000000e+00 2.947830e-16
    outer loop
      vertex   4.758513e+00 -4.685650e+01 1.401766e+02
      vertex   -1.513434e+00 -4.685650e+01 1.345493e+02
      vertex   -1.252747e+00 -4.685650e+01 1.337813e+02
    endloop
  endfacet
  facet normal 9.755688e-16 -1.000000e+00 1.940527e-16
    outer loop
      vertex   4.758513e+00 -4.685650e+01 1.401766e+02
      vertex   -1.252747e+00 -4.685650e+01 1.337813e+02
      vertex   -1.094529e+00 -4.685650e+01 1.329859e+02
    endloop
  endfacet
  facet normal 1.123504e-15 -1.000000e+00 7.363832e-17
    outer loop
      vertex   -1.094529e+00 -4.685650e+01 1.329859e+02
      vertex   -1.041487e+00 -4.685650e+01 1.321766e+02
      vertex   4.758513e+00 -4.685650e+01 1.401766e+02
    endloop
  endfacet
  facet normal -8.750526e-16 -1.000000e+00 1.522592e-15
    outer loop
      vertex   4.758513e+00 -4.685650e+01 1.401766e+02
      vertex   -1.041487e+00 -4.685650e+01 1.321766e+02
      vertex   -1.041487e+00 -4.685650e+01 1.181766e+02
    endloop
  endfacet
  facet normal 2.800168e-16 -1.000000e+00 1.218073e-15
    outer loop
      vertex   4.758513e+00 -4.685650e+01 1.401766e+02
      vertex   -1.041487e+00 -4.685650e+01 1.181766e+02
      vertex   4.758513e+00 -4.685650e+01 1.051766e+02
    endloop
  endfacet
  facet normal -2.136307e-15 -1.000000e+00 1.400210e-16
    outer loop
      vertex   4.758513e+00 -4.685650e+01 1.051766e+02
      vertex   -1.041487e+00 -4.685650e+01 1.181766e+02
      vertex   -1.094529e+00 -4.685650e+01 1.173674e+02
    endloop
  endfacet
  facet normal -1.716716e-15 -1.000000e+00 3.414760e-16
    outer loop
      vertex   4.758513e+00 -4.685650e+01 1.051766e+02
      vertex   -1.094529e+00 -4.685650e+01 1.173674e+02
      vertex   -1.252747e+00 -4.685650e+01 1.165720e+02
    endloop
  endfacet
  facet normal -1.438426e-15 -1.000000e+00 4.882797e-16
    outer loop
      vertex   -1.252747e+00 -4.685650e+01 1.165720e+02
      vertex   -1.513434e+00 -4.685650e+01 1.158040e+02
      vertex   4.758513e+00 -4.685650e+01 1.051766e+02
    endloop
  endfacet
  facet normal -1.234355e-15 -1.000000e+00 6.087163e-16
    outer loop
      vertex   4.758513e+00 -4.685650e+01 1.051766e+02
      vertex   -1.513434e+00 -4.685650e+01 1.158040e+02
      vertex   -1.872129e+00 -4.685650e+01 1.150766e+02
    endloop
  endfacet
  facet normal 6.802785e-15 -1.000000e+00 5.991686e-15
    outer loop
      vertex   4.758513e+00 -4.685650e+01 1.051766e+02
      vertex   -1.872129e+00 -4.685650e+01 1.150766e+02
      vertex   -2.322696e+00 -4.685650e+01 1.144023e+02
    endloop
  endfacet
  facet normal -4.683277e-16 -1.000000e+00 4.107124e-16
    outer loop
      vertex   -2.322696e+00 -4.685650e+01 1.144023e+02
      vertex   -2.857425e+00 -4.685650e+01 1.137926e+02
      vertex   4.758513e+00 -4.685650e+01 1.051766e+02
    endloop
  endfacet
  facet normal -4.074089e-16 -1.000000e+00 4.645608e-16
    outer loop
      vertex   4.758513e+00 -4.685650e+01 1.051766e+02
      vertex   -2.857425e+00 -4.685650e+01 1.137926e+02
      vertex   -3.467166e+00 -4.685650e+01 1.132578e+02
    endloop
  endfacet
  facet normal -3.496754e-16 -1.000000e+00 5.233263e-16
    outer loop
      vertex   4.758513e+00 -4.685650e+01 1.051766e+02
      vertex   -3.467166e+00 -4.685650e+01 1.132578e+02
      vertex   -4.141487e+00 -4.685650e+01 1.128073e+02
    endloop
  endfacet
  facet normal -2.915237e-16 -1.000000e+00 5.911516e-16
    outer loop
      vertex   -4.141487e+00 -4.685650e+01 1.128073e+02
      vertex   -4.868849e+00 -4.685650e+01 1.124486e+02
      vertex   4.758513e+00 -4.685650e+01 1.051766e+02
    endloop
  endfacet
  facet normal -2.288395e-16 -1.000000e+00 6.741395e-16
    outer loop
      vertex   4.758513e+00 -4.685650e+01 1.051766e+02
      vertex   -4.868849e+00 -4.685650e+01 1.124486e+02
      vertex   -5.636809e+00 -4.685650e+01 1.121879e+02
    endloop
  endfacet
  facet normal -1.556729e-16 -1.000000e+00 7.826207e-16
    outer loop
      vertex   4.758513e+00 -4.685650e+01 1.051766e+02
      vertex   -5.636809e+00 -4.685650e+01 1.121879e+02
      vertex   -6.432224e+00 -4.685650e+01 1.120297e+02
    endloop
  endfacet
  facet normal -6.138707e-17 -1.000000e+00 9.365857e-16
    outer loop
      vertex   -6.432224e+00 -4.685650e+01 1.120297e+02
      vertex   -7.241487e+00 -4.685650e+01 1.119766e+02
      vertex   4.758513e+00 -4.685650e+01 1.051766e+02
    endloop
  endfacet
  facet normal -1.999368e-15 -1.000000e+00 -2.483380e-15
    outer loop
      vertex   4.758513e+00 -4.685650e+01 1.051766e+02
      vertex   -7.241487e+00 -4.685650e+01 1.119766e+02
      vertex   -1.839145e+01 -4.685650e+01 1.095087e+02
    endloop
  endfacet
  facet normal 1.291523e-14 -1.000000e+00 7.721824e-14
    outer loop
      vertex   4.758513e+00 -4.685650e+01 1.051766e+02
      vertex   -1.839145e+01 -4.685650e+01 1.095087e+02
      vertex   -1.893067e+01 -4.685650e+01 1.092308e+02
    endloop
  endfacet
  facet normal -7.479397e-16 -1.000000e+00 -1.573007e-13
    outer loop
      vertex   -1.674149e+01 -4.685650e+01 1.119766e+02
      vertex   -1.691014e+01 -4.685650e+01 1.113902e+02
      vertex   -7.241487e+00 -4.685650e+01 1.119766e+02
    endloop
  endfacet
  facet normal 6.015008e-16 -1.000000e+00 -1.795497e-13
    outer loop
      vertex   -7.241487e+00 -4.685650e+01 1.119766e+02
      vertex   -1.691014e+01 -4.685650e+01 1.113902e+02
      vertex   -1.716317e+01 -4.685650e+01 1.108353e+02
    endloop
  endfacet
  facet normal -4.080996e-14 -1.000000e+00 1.804535e-13
    outer loop
      vertex   -7.241487e+00 -4.685650e+01 1.119766e+02
      vertex   -1.716317e+01 -4.685650e+01 1.108353e+02
      vertex   -1.749803e+01 -4.685650e+01 1.103265e+02
    endloop
  endfacet
  facet normal -3.779766e-14 -1.000000e+00 1.617306e-13
    outer loop
      vertex   -1.749803e+01 -4.685650e+01 1.103265e+02
      vertex   -1.791047e+01 -4.685650e+01 1.098786e+02
      vertex   -7.241487e+00 -4.685650e+01 1.119766e+02
    endloop
  endfacet
  facet normal -3.342650e-14 -1.000000e+00 1.395021e-13
    outer loop
      vertex   -7.241487e+00 -4.685650e+01 1.119766e+02
      vertex   -1.791047e+01 -4.685650e+01 1.098786e+02
      vertex   -1.839145e+01 -4.685650e+01 1.095087e+02
    endloop
  endfacet
  facet normal 4.284671e-15 -1.000000e+00 2.678860e-14
    outer loop
      vertex   -1.893067e+01 -4.685650e+01 1.092308e+02
      vertex   -1.951125e+01 -4.685650e+01 1.090584e+02
      vertex   4.758513e+00 -4.685650e+01 1.051766e+02
    endloop
  endfacet
  facet normal 2.180600e-15 -5.144958e-01 8.574929e-01
    outer loop
      vertex   -2.374149e+01 -4.185650e+01 1.149766e+02
      vertex   -3.324149e+01 -4.185650e+01 1.149766e+02
      vertex   -2.374149e+01 -4.685650e+01 1.119766e+02
    endloop
  endfacet
  facet normal -3.848118e-16 -5.144958e-01 8.574929e-01
    outer loop
      vertex   -2.374149e+01 -4.685650e+01 1.119766e+02
      vertex   -3.324149e+01 -4.185650e+01 1.149766e+02
      vertex   -3.324149e+01 -4.685650e+01 1.119766e+02
    endloop
  endfacet
  facet normal 9.197002e-14 -5.144958e-01 8.574929e-01
    outer loop
      vertex   -1.674149e+01 -4.685650e+01 1.119766e+02
      vertex   -7.241487e+00 -4.685650e+01 1.119766e+02
      vertex   -1.674149e+01 -4.185650e+01 1.149766e+02
    endloop
  endfacet
  facet normal 5.130824e-16 -5.144958e-01 8.574929e-01
    outer loop
      vertex   -1.674149e+01 -4.185650e+01 1.149766e+02
      vertex   -7.241487e+00 -4.685650e+01 1.119766e+02
      vertex   -7.241487e+00 -4.185650e+01 1.149766e+02
    endloop
  endfacet
  facet normal -1.077966e-15 -5.144958e-01 -8.574929e-01
    outer loop
      vertex   -3.324149e+01 -4.185650e+01 1.353766e+02
      vertex   -7.241487e+00 -4.185650e+01 1.353766e+02
      vertex   -3.324149e+01 -4.685650e+01 1.383766e+02
    endloop
  endfacet
  facet normal -2.155933e-15 -5.144958e-01 -8.574929e-01
    outer loop
      vertex   -3.324149e+01 -4.685650e+01 1.383766e+02
      vertex   -7.241487e+00 -4.185650e+01 1.353766e+02
      vertex   -7.241487e+00 -4.685650e+01 1.383766e+02
    endloop
  endfacet
  facet normal -5.611450e-02 -5.136851e-01 -8.561418e-01
    outer loop
      vertex   -7.241487e+00 -4.685650e+01 1.383766e+02
      vertex   -7.241487e+00 -4.185650e+01 1.353766e+02
      vertex   -6.432224e+00 -4.685650e+01 1.383236e+02
    endloop
  endfacet
  facet normal -7.469404e-02 -5.152865e-01 -8.537568e-01
    outer loop
      vertex   -6.432224e+00 -4.685650e+01 1.383236e+02
      vertex   -7.241487e+00 -4.185650e+01 1.353766e+02
      vertex   -6.685812e+00 -4.185650e+01 1.353280e+02
    endloop
  endfacet
  facet normal -1.674732e-01 -5.129152e-01 -8.419446e-01
    outer loop
      vertex   -6.432224e+00 -4.685650e+01 1.383236e+02
      vertex   -6.685812e+00 -4.185650e+01 1.353280e+02
      vertex   -5.636809e+00 -4.685650e+01 1.381654e+02
    endloop
  endfacet
  facet normal -2.216969e-01 -5.160288e-01 -8.273843e-01
    outer loop
      vertex   -5.636809e+00 -4.685650e+01 1.381654e+02
      vertex   -6.685812e+00 -4.185650e+01 1.353280e+02
      vertex   -6.147022e+00 -4.185650e+01 1.351837e+02
    endloop
  endfacet
  facet normal -2.759363e-01 -5.129152e-01 -8.128820e-01
    outer loop
      vertex   -5.636809e+00 -4.685650e+01 1.381654e+02
      vertex   -6.147022e+00 -4.185650e+01 1.351837e+02
      vertex   -4.868849e+00 -4.685650e+01 1.379047e+02
    endloop
  endfacet
  facet normal -3.621914e-01 -5.152865e-01 -7.767221e-01
    outer loop
      vertex   -4.868849e+00 -4.685650e+01 1.379047e+02
      vertex   -6.147022e+00 -4.185650e+01 1.351837e+02
      vertex   -5.641487e+00 -4.185650e+01 1.349479e+02
    endloop
  endfacet
  facet normal -3.794743e-01 -5.136851e-01 -7.694978e-01
    outer loop
      vertex   -4.868849e+00 -4.685650e+01 1.379047e+02
      vertex   -5.641487e+00 -4.185650e+01 1.349479e+02
      vertex   -4.141487e+00 -4.685650e+01 1.375460e+02
    endloop
  endfacet
  facet normal -4.766675e-01 -5.136851e-01 -7.133833e-01
    outer loop
      vertex   -4.141487e+00 -4.685650e+01 1.375460e+02
      vertex   -5.641487e+00 -4.185650e+01 1.349479e+02
      vertex   -3.467166e+00 -4.685650e+01 1.370954e+02
    endloop
  endfacet
  facet normal -4.915653e-01 -5.152865e-01 -7.020280e-01
    outer loop
      vertex   -3.467166e+00 -4.685650e+01 1.370954e+02
      vertex   -5.641487e+00 -4.185650e+01 1.349479e+02
      vertex   -5.184566e+00 -4.185650e+01 1.346280e+02
    endloop
  endfacet
  facet normal -5.660083e-01 -5.129152e-01 -6.454088e-01
    outer loop
      vertex   -3.467166e+00 -4.685650e+01 1.370954e+02
      vertex   -5.184566e+00 -4.185650e+01 1.346280e+02
      vertex   -2.857425e+00 -4.685650e+01 1.365607e+02
    endloop
  endfacet
  facet normal -6.056873e-01 -5.160288e-01 -6.056873e-01
    outer loop
      vertex   -2.857425e+00 -4.685650e+01 1.365607e+02
      vertex   -5.184566e+00 -4.185650e+01 1.346280e+02
      vertex   -4.790144e+00 -4.185650e+01 1.342336e+02
    endloop
  endfacet
  facet normal -6.454088e-01 -5.129152e-01 -5.660083e-01
    outer loop
      vertex   -2.857425e+00 -4.685650e+01 1.365607e+02
      vertex   -4.790144e+00 -4.185650e+01 1.342336e+02
      vertex   -2.322696e+00 -4.685650e+01 1.359510e+02
    endloop
  endfacet
  facet normal -7.020280e-01 -5.152865e-01 -4.915653e-01
    outer loop
      vertex   -2.322696e+00 -4.685650e+01 1.359510e+02
      vertex   -4.790144e+00 -4.185650e+01 1.342336e+02
      vertex   -4.470205e+00 -4.185650e+01 1.337766e+02
    endloop
  endfacet
  facet normal -7.133833e-01 -5.136851e-01 -4.766675e-01
    outer loop
      vertex   -2.322696e+00 -4.685650e+01 1.359510e+02
      vertex   -4.470205e+00 -4.185650e+01 1.337766e+02
      vertex   -1.872129e+00 -4.685650e+01 1.352766e+02
    endloop
  endfacet
  facet normal -7.694978e-01 -5.136851e-01 -3.794743e-01
    outer loop
      vertex   -1.872129e+00 -4.685650e+01 1.352766e+02
      vertex   -4.470205e+00 -4.185650e+01 1.337766e+02
      vertex   -1.513434e+00 -4.685650e+01 1.345493e+02
    endloop
  endfacet
  facet normal -7.767221e-01 -5.152865e-01 -3.621914e-01
    outer loop
      vertex   -1.513434e+00 -4.685650e+01 1.345493e+02
      vertex   -4.470205e+00 -4.185650e+01 1.337766e+02
      vertex   -4.234470e+00 -4.185650e+01 1.332711e+02
    endloop
  endfacet
  facet normal -8.128820e-01 -5.129152e-01 -2.759363e-01
    outer loop
      vertex   -1.513434e+00 -4.685650e+01 1.345493e+02
      vertex   -4.234470e+00 -4.185650e+01 1.332711e+02
      vertex   -1.252747e+00 -4.685650e+01 1.337813e+02
    endloop
  endfacet
  facet normal -8.273843e-01 -5.160288e-01 -2.216969e-01
    outer loop
      vertex   -1.252747e+00 -4.685650e+01 1.337813e+02
      vertex   -4.234470e+00 -4.185650e+01 1.332711e+02
      vertex   -4.090102e+00 -4.185650e+01 1.327323e+02
    endloop
  endfacet
  facet normal -8.419446e-01 -5.129152e-01 -1.674732e-01
    outer loop
      vertex   -1.252747e+00 -4.685650e+01 1.337813e+02
      vertex   -4.090102e+00 -4.185650e+01 1.327323e+02
      vertex   -1.094529e+00 -4.685650e+01 1.329859e+02
    endloop
  endfacet
  facet normal -8.537568e-01 -5.152865e-01 -7.469404e-02
    outer loop
      vertex   -1.094529e+00 -4.685650e+01 1.329859e+02
      vertex   -4.090102e+00 -4.185650e+01 1.327323e+02
      vertex   -4.041487e+00 -4.185650e+01 1.321766e+02
    endloop
  endfacet
  facet normal -8.561418e-01 -5.136851e-01 -5.611450e-02
    outer loop
      vertex   -1.094529e+00 -4.685650e+01 1.329859e+02
      vertex   -4.041487e+00 -4.185650e+01 1.321766e+02
      vertex   -1.041487e+00 -4.685650e+01 1.321766e+02
    endloop
  endfacet
  facet normal 8.561418e-01 -5.136851e-01 -5.611450e-02
    outer loop
      vertex   -3.944149e+01 -4.685650e+01 1.321766e+02
      vertex   -3.644149e+01 -4.185650e+01 1.321766e+02
      vertex   -3.938844e+01 -4.685650e+01 1.329859e+02
    endloop
  endfacet
  facet normal 8.537568e-01 -5.152865e-01 -7.469404e-02
    outer loop
      vertex   -3.938844e+01 -4.685650e+01 1.329859e+02
      vertex   -3.644149e+01 -4.185650e+01 1.321766e+02
      vertex   -3.639287e+01 -4.185650e+01 1.327323e+02
    endloop
  endfacet
  facet normal 8.419446e-01 -5.129152e-01 -1.674732e-01
    outer loop
      vertex   -3.938844e+01 -4.685650e+01 1.329859e+02
      vertex   -3.639287e+01 -4.185650e+01 1.327323e+02
      vertex   -3.923023e+01 -4.685650e+01 1.337813e+02
    endloop
  endfacet
  facet normal 8.273843e-01 -5.160288e-01 -2.216969e-01
    outer loop
      vertex   -3.923023e+01 -4.685650e+01 1.337813e+02
      vertex   -3.639287e+01 -4.185650e+01 1.327323e+02
      vertex   -3.624850e+01 -4.185650e+01 1.332711e+02
    endloop
  endfacet
  facet normal 8.128820e-01 -5.129152e-01 -2.759363e-01
    outer loop
      vertex   -3.923023e+01 -4.685650e+01 1.337813e+02
      vertex   -3.624850e+01 -4.185650e+01 1.332711e+02
      vertex   -3.896954e+01 -4.685650e+01 1.345493e+02
    endloop
  endfacet
  facet normal 7.767221e-01 -5.152865e-01 -3.621914e-01
    outer loop
      vertex   -3.896954e+01 -4.685650e+01 1.345493e+02
      vertex   -3.624850e+01 -4.185650e+01 1.332711e+02
      vertex   -3.601277e+01 -4.185650e+01 1.337766e+02
    endloop
  endfacet
  facet normal 7.694978e-01 -5.136851e-01 -3.794743e-01
    outer loop
      vertex   -3.896954e+01 -4.685650e+01 1.345493e+02
      vertex   -3.601277e+01 -4.185650e+01 1.337766e+02
      vertex   -3.861084e+01 -4.685650e+01 1.352766e+02
    endloop
  endfacet
  facet normal 7.133833e-01 -5.136851e-01 -4.766675e-01
    outer loop
      vertex   -3.861084e+01 -4.685650e+01 1.352766e+02
      vertex   -3.601277e+01 -4.185650e+01 1.337766e+02
      vertex   -3.816028e+01 -4.685650e+01 1.359510e+02
    endloop
  endfacet
  facet normal 7.020280e-01 -5.152865e-01 -4.915653e-01
    outer loop
      vertex   -3.816028e+01 -4.685650e+01 1.359510e+02
      vertex   -3.601277e+01 -4.185650e+01 1.337766e+02
      vertex   -3.569283e+01 -4.185650e+01 1.342336e+02
    endloop
  endfacet
  facet normal 6.454088e-01 -5.129152e-01 -5.660083e-01
    outer loop
      vertex   -3.816028e+01 -4.685650e+01 1.359510e+02
      vertex   -3.569283e+01 -4.185650e+01 1.342336e+02
      vertex   -3.762555e+01 -4.685650e+01 1.365607e+02
    endloop
  endfacet
  facet normal 6.056873e-01 -5.160288e-01 -6.056873e-01
    outer loop
      vertex   -3.762555e+01 -4.685650e+01 1.365607e+02
      vertex   -3.569283e+01 -4.185650e+01 1.342336e+02
      vertex   -3.529841e+01 -4.185650e+01 1.346280e+02
    endloop
  endfacet
  facet normal 5.660083e-01 -5.129152e-01 -6.454088e-01
    outer loop
      vertex   -3.762555e+01 -4.685650e+01 1.365607e+02
      vertex   -3.529841e+01 -4.185650e+01 1.346280e+02
      vertex   -3.701581e+01 -4.685650e+01 1.370954e+02
    endloop
  endfacet
  facet normal 4.915653e-01 -5.152865e-01 -7.020280e-01
    outer loop
      vertex   -3.701581e+01 -4.685650e+01 1.370954e+02
      vertex   -3.529841e+01 -4.185650e+01 1.346280e+02
      vertex   -3.484149e+01 -4.185650e+01 1.349479e+02
    endloop
  endfacet
  facet normal 4.766675e-01 -5.136851e-01 -7.133833e-01
    outer loop
      vertex   -3.701581e+01 -4.685650e+01 1.370954e+02
      vertex   -3.484149e+01 -4.185650e+01 1.349479e+02
      vertex   -3.634149e+01 -4.685650e+01 1.375460e+02
    endloop
  endfacet
  facet normal 3.794743e-01 -5.136851e-01 -7.694978e-01
    outer loop
      vertex   -3.634149e+01 -4.685650e+01 1.375460e+02
      vertex   -3.484149e+01 -4.185650e+01 1.349479e+02
      vertex   -3.561412e+01 -4.685650e+01 1.379047e+02
    endloop
  endfacet
  facet normal 3.621914e-01 -5.152865e-01 -7.767221e-01
    outer loop
      vertex   -3.561412e+01 -4.685650e+01 1.379047e+02
      vertex   -3.484149e+01 -4.185650e+01 1.349479e+02
      vertex   -3.433595e+01 -4.185650e+01 1.351837e+02
    endloop
  endfacet
  facet normal 2.759363e-01 -5.129152e-01 -8.128820e-01
    outer loop
      vertex   -3.561412e+01 -4.685650e+01 1.379047e+02
      vertex   -3.433595e+01 -4.185650e+01 1.351837e+02
      vertex   -3.484616e+01 -4.685650e+01 1.381654e+02
    endloop
  endfacet
  facet normal 2.216969e-01 -5.160288e-01 -8.273843e-01
    outer loop
      vertex   -3.484616e+01 -4.685650e+01 1.381654e+02
      vertex   -3.433595e+01 -4.185650e+01 1.351837e+02
      vertex   -3.379716e+01 -4.185650e+01 1.353280e+02
    endloop
  endfacet
  facet normal 1.674732e-01 -5.129152e-01 -8.419446e-01
    outer loop
      vertex   -3.484616e+01 -4.685650e+01 1.381654e+02
      vertex   -3.379716e+01 -4.185650e+01 1.353280e+02
      vertex   -3.405075e+01 -4.685650e+01 1.383236e+02
    endloop
  endfacet
  facet normal 7.469404e-02 -5.152865e-01 -8.537568e-01
    outer loop
      vertex   -3.405075e+01 -4.685650e+01 1.383236e+02
      vertex   -3.379716e+01 -4.185650e+01 1.353280e+02
      vertex   -3.324149e+01 -4.185650e+01 1.353766e+02
    endloop
  endfacet
  facet normal 5.611450e-02 -5.136851e-01 -8.561418e-01
    outer loop
      vertex   -3.405075e+01 -4.685650e+01 1.383236e+02
      vertex   -3.324149e+01 -4.185650e+01 1.353766e+02
      vertex   -3.324149e+01 -4.685650e+01 1.383766e+02
    endloop
  endfacet
  facet normal -8.574929e-01 -5.144958e-01 3.122588e-15
    outer loop
      vertex   -4.041487e+00 -4.185650e+01 1.321766e+02
      vertex   -4.041487e+00 -4.185650e+01 1.181766e+02
      vertex   -1.041487e+00 -4.685650e+01 1.321766e+02
    endloop
  endfacet
  facet normal -8.574929e-01 -5.144958e-01 -1.025449e-15
    outer loop
      vertex   -1.041487e+00 -4.685650e+01 1.321766e+02
      vertex   -4.041487e+00 -4.185650e+01 1.181766e+02
      vertex   -1.041487e+00 -4.685650e+01 1.181766e+02
    endloop
  endfacet
  facet normal 8.574929e-01 -5.144958e-01 -1.479693e-15
    outer loop
      vertex   -3.644149e+01 -4.185650e+01 1.181766e+02
      vertex   -3.644149e+01 -4.185650e+01 1.321766e+02
      vertex   -3.944149e+01 -4.685650e+01 1.181766e+02
    endloop
  endfacet
  facet normal 8.574929e-01 -5.144958e-01 -2.524182e-15
    outer loop
      vertex   -3.944149e+01 -4.685650e+01 1.181766e+02
      vertex   -3.644149e+01 -4.185650e+01 1.321766e+02
      vertex   -3.944149e+01 -4.685650e+01 1.321766e+02
    endloop
  endfacet
  facet normal -8.561418e-01 -5.136851e-01 5.611450e-02
    outer loop
      vertex   -1.041487e+00 -4.685650e+01 1.181766e+02
      vertex   -4.041487e+00 -4.185650e+01 1.181766e+02
      vertex   -1.094529e+00 -4.685650e+01 1.173674e+02
    endloop
  endfacet
  facet normal -8.537568e-01 -5.152865e-01 7.469404e-02
    outer loop
      vertex   -1.094529e+00 -4.685650e+01 1.173674e+02
      vertex   -4.041487e+00 -4.185650e+01 1.181766e+02
      vertex   -4.090102e+00 -4.185650e+01 1.176210e+02
    endloop
  endfacet
  facet normal -8.419446e-01 -5.129152e-01 1.674732e-01
    outer loop
      vertex   -1.094529e+00 -4.685650e+01 1.173674e+02
      vertex   -4.090102e+00 -4.185650e+01 1.176210e+02
      vertex   -1.252747e+00 -4.685650e+01 1.165720e+02
    endloop
  endfacet
  facet normal -8.273843e-01 -5.160288e-01 2.216969e-01
    outer loop
      vertex   -1.252747e+00 -4.685650e+01 1.165720e+02
      vertex   -4.090102e+00 -4.185650e+01 1.176210e+02
      vertex   -4.234470e+00 -4.185650e+01 1.170822e+02
    endloop
  endfacet
  facet normal -8.128820e-01 -5.129152e-01 2.759363e-01
    outer loop
      vertex   -1.252747e+00 -4.685650e+01 1.165720e+02
      vertex   -4.234470e+00 -4.185650e+01 1.170822e+02
      vertex   -1.513434e+00 -4.685650e+01 1.158040e+02
    endloop
  endfacet
  facet normal -7.767221e-01 -5.152865e-01 3.621914e-01
    outer loop
      vertex   -1.513434e+00 -4.685650e+01 1.158040e+02
      vertex   -4.234470e+00 -4.185650e+01 1.170822e+02
      vertex   -4.470205e+00 -4.185650e+01 1.165766e+02
    endloop
  endfacet
  facet normal -7.694978e-01 -5.136851e-01 3.794743e-01
    outer loop
      vertex   -1.513434e+00 -4.685650e+01 1.158040e+02
      vertex   -4.470205e+00 -4.185650e+01 1.165766e+02
      vertex   -1.872129e+00 -4.685650e+01 1.150766e+02
    endloop
  endfacet
  facet normal -7.133833e-01 -5.136851e-01 4.766675e-01
    outer loop
      vertex   -1.872129e+00 -4.685650e+01 1.150766e+02
      vertex   -4.470205e+00 -4.185650e+01 1.165766e+02
      vertex   -2.322696e+00 -4.685650e+01 1.144023e+02
    endloop
  endfacet
  facet normal -7.020280e-01 -5.152865e-01 4.915653e-01
    outer loop
      vertex   -2.322696e+00 -4.685650e+01 1.144023e+02
      vertex   -4.470205e+00 -4.185650e+01 1.165766e+02
      vertex   -4.790144e+00 -4.185650e+01 1.161197e+02
    endloop
  endfacet
  facet normal -6.454088e-01 -5.129152e-01 5.660083e-01
    outer loop
      vertex   -2.322696e+00 -4.685650e+01 1.144023e+02
      vertex   -4.790144e+00 -4.185650e+01 1.161197e+02
      vertex   -2.857425e+00 -4.685650e+01 1.137926e+02
    endloop
  endfacet
  facet normal -6.056873e-01 -5.160288e-01 6.056873e-01
    outer loop
      vertex   -2.857425e+00 -4.685650e+01 1.137926e+02
      vertex   -4.790144e+00 -4.185650e+01 1.161197e+02
      vertex   -5.184566e+00 -4.185650e+01 1.157253e+02
    endloop
  endfacet
  facet normal -5.660083e-01 -5.129152e-01 6.454088e-01
    outer loop
      vertex   -2.857425e+00 -4.685650e+01 1.137926e+02
      vertex   -5.184566e+00 -4.185650e+01 1.157253e+02
      vertex   -3.467166e+00 -4.685650e+01 1.132578e+02
    endloop
  endfacet
  facet normal -4.915653e-01 -5.152865e-01 7.020280e-01
    outer loop
      vertex   -3.467166e+00 -4.685650e+01 1.132578e+02
      vertex   -5.184566e+00 -4.185650e+01 1.157253e+02
      vertex   -5.641487e+00 -4.185650e+01 1.154054e+02
    endloop
  endfacet
  facet normal -4.766675e-01 -5.136851e-01 7.133833e-01
    outer loop
      vertex   -3.467166e+00 -4.685650e+01 1.132578e+02
      vertex   -5.641487e+00 -4.185650e+01 1.154054e+02
      vertex   -4.141487e+00 -4.685650e+01 1.128073e+02
    endloop
  endfacet
  facet normal -3.794743e-01 -5.136851e-01 7.694978e-01
    outer loop
      vertex   -4.141487e+00 -4.685650e+01 1.128073e+02
      vertex   -5.641487e+00 -4.185650e+01 1.154054e+02
      vertex   -4.868849e+00 -4.685650e+01 1.124486e+02
    endloop
  endfacet
  facet normal -3.621914e-01 -5.152865e-01 7.767221e-01
    outer loop
      vertex   -4.868849e+00 -4.685650e+01 1.124486e+02
      vertex   -5.641487e+00 -4.185650e+01 1.154054e+02
      vertex   -6.147022e+00 -4.185650e+01 1.151696e+02
    endloop
  endfacet
  facet normal -2.759363e-01 -5.129152e-01 8.128820e-01
    outer loop
      vertex   -4.868849e+00 -4.685650e+01 1.124486e+02
      vertex   -6.147022e+00 -4.185650e+01 1.151696e+02
      vertex   -5.636809e+00 -4.685650e+01 1.121879e+02
    endloop
  endfacet
  facet normal -2.216969e-01 -5.160288e-01 8.273843e-01
    outer loop
      vertex   -5.636809e+00 -4.685650e+01 1.121879e+02
      vertex   -6.147022e+00 -4.185650e+01 1.151696e+02
      vertex   -6.685812e+00 -4.185650e+01 1.150253e+02
    endloop
  endfacet
  facet normal -1.674732e-01 -5.129152e-01 8.419446e-01
    outer loop
      vertex   -5.636809e+00 -4.685650e+01 1.121879e+02
      vertex   -6.685812e+00 -4.185650e+01 1.150253e+02
      vertex   -6.432224e+00 -4.685650e+01 1.120297e+02
    endloop
  endfacet
  facet normal -7.469404e-02 -5.152865e-01 8.537568e-01
    outer loop
      vertex   -6.432224e+00 -4.685650e+01 1.120297e+02
      vertex   -6.685812e+00 -4.185650e+01 1.150253e+02
      vertex   -7.241487e+00 -4.185650e+01 1.149766e+02
    endloop
  endfacet
  facet normal -5.611450e-02 -5.136851e-01 8.561418e-01
    outer loop
      vertex   -6.432224e+00 -4.685650e+01 1.120297e+02
      vertex   -7.241487e+00 -4.185650e+01 1.149766e+02
      vertex   -7.241487e+00 -4.685650e+01 1.119766e+02
    endloop
  endfacet
  facet normal 5.611450e-02 -5.136851e-01 8.561418e-01
    outer loop
      vertex   -3.324149e+01 -4.685650e+01 1.119766e+02
      vertex   -3.324149e+01 -4.185650e+01 1.149766e+02
      vertex   -3.405075e+01 -4.685650e+01 1.120297e+02
    endloop
  endfacet
  facet normal 7.469404e-02 -5.152865e-01 8.537568e-01
    outer loop
      vertex   -3.405075e+01 -4.685650e+01 1.120297e+02
      vertex   -3.324149e+01 -4.185650e+01 1.149766e+02
      vertex   -3.379716e+01 -4.185650e+01 1.150253e+02
    endloop
  endfacet
  facet normal 1.674732e-01 -5.129152e-01 8.419446e-01
    outer loop
      vertex   -3.405075e+01 -4.685650e+01 1.120297e+02
      vertex   -3.379716e+01 -4.185650e+01 1.150253e+02
      vertex   -3.484616e+01 -4.685650e+01 1.121879e+02
    endloop
  endfacet
  facet normal 2.216969e-01 -5.160288e-01 8.273843e-01
    outer loop
      vertex   -3.484616e+01 -4.685650e+01 1.121879e+02
      vertex   -3.379716e+01 -4.185650e+01 1.150253e+02
      vertex   -3.433595e+01 -4.185650e+01 1.151696e+02
    endloop
  endfacet
  facet normal 2.759363e-01 -5.129152e-01 8.128820e-01
    outer loop
      vertex   -3.484616e+01 -4.685650e+01 1.121879e+02
      vertex   -3.433595e+01 -4.185650e+01 1.151696e+02
      vertex   -3.561412e+01 -4.685650e+01 1.124486e+02
    endloop
  endfacet
  facet normal 3.621914e-01 -5.152865e-01 7.767221e-01
    outer loop
      vertex   -3.561412e+01 -4.685650e+01 1.124486e+02
      vertex   -3.433595e+01 -4.185650e+01 1.151696e+02
      vertex   -3.484149e+01 -4.185650e+01 1.154054e+02
    endloop
  endfacet
  facet normal 3.794743e-01 -5.136851e-01 7.694978e-01
    outer loop
      vertex   -3.561412e+01 -4.685650e+01 1.124486e+02
      vertex   -3.484149e+01 -4.185650e+01 1.154054e+02
      vertex   -3.634149e+01 -4.685650e+01 1.128073e+02
    endloop
  endfacet
  facet normal 4.766675e-01 -5.136851e-01 7.133833e-01
    outer loop
      vertex   -3.634149e+01 -4.685650e+01 1.128073e+02
      vertex   -3.484149e+01 -4.185650e+01 1.154054e+02
      vertex   -3.701581e+01 -4.685650e+01 1.132578e+02
    endloop
  endfacet
  facet normal 4.915653e-01 -5.152865e-01 7.020280e-01
    outer loop
      vertex   -3.701581e+01 -4.685650e+01 1.132578e+02
      vertex   -3.484149e+01 -4.185650e+01 1.154054e+02
      vertex   -3.529841e+01 -4.185650e+01 1.157253e+02
    endloop
  endfacet
  facet normal 5.660083e-01 -5.129152e-01 6.454088e-01
    outer loop
      vertex   -3.701581e+01 -4.685650e+01 1.132578e+02
      vertex   -3.529841e+01 -4.185650e+01 1.157253e+02
      vertex   -3.762555e+01 -4.685650e+01 1.137926e+02
    endloop
  endfacet
  facet normal 6.056873e-01 -5.160288e-01 6.056873e-01
    outer loop
      vertex   -3.762555e+01 -4.685650e+01 1.137926e+02
      vertex   -3.529841e+01 -4.185650e+01 1.157253e+02
      vertex   -3.569283e+01 -4.185650e+01 1.161197e+02
    endloop
  endfacet
  facet normal 6.454088e-01 -5.129152e-01 5.660083e-01
    outer loop
      vertex   -3.762555e+01 -4.685650e+01 1.137926e+02
      vertex   -3.569283e+01 -4.185650e+01 1.161197e+02
      vertex   -3.816028e+01 -4.685650e+01 1.144023e+02
    endloop
  endfacet
  facet normal 7.020280e-01 -5.152865e-01 4.915653e-01
    outer loop
      vertex   -3.816028e+01 -4.685650e+01 1.144023e+02
      vertex   -3.569283e+01 -4.185650e+01 1.161197e+02
      vertex   -3.601277e+01 -4.185650e+01 1.165766e+02
    endloop
  endfacet
  facet normal 7.133833e-01 -5.136851e-01 4.766675e-01
    outer loop
      vertex   -3.816028e+01 -4.685650e+01 1.144023e+02
      vertex   -3.601277e+01 -4.185650e+01 1.165766e+02
      vertex   -3.861084e+01 -4.685650e+01 1.150766e+02
    endloop
  endfacet
  facet normal 7.694978e-01 -5.136851e-01 3.794743e-01
    outer loop
      vertex   -3.861084e+01 -4.685650e+01 1.150766e+02
      vertex   -3.601277e+01 -4.185650e+01 1.165766e+02
      vertex   -3.896954e+01 -4.685650e+01 1.158040e+02
    endloop
  endfacet
  facet normal 7.767221e-01 -5.152865e-01 3.621914e-01
    outer loop
      vertex   -3.896954e+01 -4.685650e+01 1.158040e+02
      vertex   -3.601277e+01 -4.185650e+01 1.165766e+02
      vertex   -3.624850e+01 -4.185650e+01 1.170822e+02
    endloop
  endfacet
  facet normal 8.128820e-01 -5.129152e-01 2.759363e-01
    outer loop
      vertex   -3.896954e+01 -4.685650e+01 1.158040e+02
      vertex   -3.624850e+01 -4.185650e+01 1.170822e+02
      vertex   -3.923023e+01 -4.685650e+01 1.165720e+02
    endloop
  endfacet
  facet normal 8.273843e-01 -5.160288e-01 2.216969e-01
    outer loop
      vertex   -3.923023e+01 -4.685650e+01 1.165720e+02
      vertex   -3.624850e+01 -4.185650e+01 1.170822e+02
      vertex   -3.639287e+01 -4.185650e+01 1.176210e+02
    endloop
  endfacet
  facet normal 8.419446e-01 -5.129152e-01 1.674732e-01
    outer loop
      vertex   -3.923023e+01 -4.685650e+01 1.165720e+02
      vertex   -3.639287e+01 -4.185650e+01 1.176210e+02
      vertex   -3.938844e+01 -4.685650e+01 1.173674e+02
    endloop
  endfacet
  facet normal 8.537568e-01 -5.152865e-01 7.469404e-02
    outer loop
      vertex   -3.938844e+01 -4.685650e+01 1.173674e+02
      vertex   -3.639287e+01 -4.185650e+01 1.176210e+02
      vertex   -3.644149e+01 -4.185650e+01 1.181766e+02
    endloop
  endfacet
  facet normal 8.561418e-01 -5.136851e-01 5.611450e-02
    outer loop
      vertex   -3.938844e+01 -4.685650e+01 1.173674e+02
      vertex   -3.644149e+01 -4.185650e+01 1.181766e+02
      vertex   -3.944149e+01 -4.685650e+01 1.181766e+02
    endloop
  endfacet
  facet normal -9.961947e-01 4.132400e-16 8.715574e-02
    outer loop
      vertex   -4.041487e+00 -4.185650e+01 1.181766e+02
      vertex   -4.041487e+00 -2.515650e+01 1.181766e+02
      vertex   -4.090102e+00 -3.350650e+01 1.176210e+02
    endloop
  endfacet
  facet normal -9.961947e-01 4.662220e-16 8.715574e-02
    outer loop
      vertex   -4.090102e+00 -3.350650e+01 1.176210e+02
      vertex   -4.041487e+00 -2.515650e+01 1.181766e+02
      vertex   -4.090102e+00 -2.515650e+01 1.176210e+02
    endloop
  endfacet
  facet normal -9.659258e-01 7.487166e-16 2.588190e-01
    outer loop
      vertex   -4.090102e+00 -3.350650e+01 1.176210e+02
      vertex   -4.090102e+00 -2.515650e+01 1.176210e+02
      vertex   -4.234470e+00 -3.350650e+01 1.170822e+02
    endloop
  endfacet
  facet normal -9.659258e-01 5.432281e-16 2.588190e-01
    outer loop
      vertex   -4.234470e+00 -3.350650e+01 1.170822e+02
      vertex   -4.090102e+00 -2.515650e+01 1.176210e+02
      vertex   -4.234470e+00 -2.515650e+01 1.170822e+02
    endloop
  endfacet
  facet normal -9.063078e-01 8.156563e-16 4.226183e-01
    outer loop
      vertex   -4.234470e+00 -3.350650e+01 1.170822e+02
      vertex   -4.234470e+00 -2.515650e+01 1.170822e+02
      vertex   -4.470205e+00 -3.350650e+01 1.165766e+02
    endloop
  endfacet
  facet normal -9.063078e-01 6.228507e-16 4.226183e-01
    outer loop
      vertex   -4.470205e+00 -3.350650e+01 1.165766e+02
      vertex   -4.234470e+00 -2.515650e+01 1.170822e+02
      vertex   -4.470205e+00 -2.515650e+01 1.165766e+02
    endloop
  endfacet
  facet normal -8.191520e-01 8.890369e-16 5.735764e-01
    outer loop
      vertex   -4.470205e+00 -3.350650e+01 1.165766e+02
      vertex   -4.470205e+00 -2.515650e+01 1.165766e+02
      vertex   -4.790144e+00 -3.350650e+01 1.161197e+02
    endloop
  endfacet
  facet normal -8.191520e-01 9.761690e-16 5.735764e-01
    outer loop
      vertex   -4.790144e+00 -3.350650e+01 1.161197e+02
      vertex   -4.470205e+00 -2.515650e+01 1.165766e+02
      vertex   -4.790144e+00 -2.515650e+01 1.161197e+02
    endloop
  endfacet
  facet normal -7.071068e-01 1.203424e-15 7.071068e-01
    outer loop
      vertex   -4.790144e+00 -3.350650e+01 1.161197e+02
      vertex   -4.790144e+00 -2.515650e+01 1.161197e+02
      vertex   -5.184566e+00 -3.350650e+01 1.157253e+02
    endloop
  endfacet
  facet normal -7.071068e-01 2.557276e-15 7.071068e-01
    outer loop
      vertex   -5.184566e+00 -3.350650e+01 1.157253e+02
      vertex   -4.790144e+00 -2.515650e+01 1.161197e+02
      vertex   -5.184566e+00 -2.515650e+01 1.157253e+02
    endloop
  endfacet
  facet normal -5.735764e-01 2.910249e-15 8.191520e-01
    outer loop
      vertex   -5.184566e+00 -3.350650e+01 1.157253e+02
      vertex   -5.184566e+00 -2.515650e+01 1.157253e+02
      vertex   -5.641487e+00 -3.350650e+01 1.154054e+02
    endloop
  endfacet
  facet normal -5.735764e-01 -6.101056e-17 8.191520e-01
    outer loop
      vertex   -5.641487e+00 -3.350650e+01 1.154054e+02
      vertex   -5.184566e+00 -2.515650e+01 1.157253e+02
      vertex   -5.641487e+00 -2.515650e+01 1.154054e+02
    endloop
  endfacet
  facet normal -4.226183e-01 -4.495334e-17 9.063078e-01
    outer loop
      vertex   -5.641487e+00 -3.350650e+01 1.154054e+02
      vertex   -5.641487e+00 -2.515650e+01 1.154054e+02
      vertex   -6.147022e+00 -3.350650e+01 1.151696e+02
    endloop
  endfacet
  facet normal -4.226183e-01 4.986959e-15 9.063078e-01
    outer loop
      vertex   -6.147022e+00 -3.350650e+01 1.151696e+02
      vertex   -5.641487e+00 -2.515650e+01 1.154054e+02
      vertex   -6.147022e+00 -2.515650e+01 1.151696e+02
    endloop
  endfacet
  facet normal -2.588190e-01 5.151966e-15 9.659258e-01
    outer loop
      vertex   -6.147022e+00 -3.350650e+01 1.151696e+02
      vertex   -6.147022e+00 -2.515650e+01 1.151696e+02
      vertex   -6.685812e+00 -3.350650e+01 1.150253e+02
    endloop
  endfacet
  facet normal -2.588190e-01 1.698968e-15 9.659258e-01
    outer loop
      vertex   -6.685812e+00 -3.350650e+01 1.150253e+02
      vertex   -6.147022e+00 -2.515650e+01 1.151696e+02
      vertex   -6.685812e+00 -2.515650e+01 1.150253e+02
    endloop
  endfacet
  facet normal -8.715574e-02 1.713964e-15 9.961947e-01
    outer loop
      vertex   -6.685812e+00 -3.350650e+01 1.150253e+02
      vertex   -6.685812e+00 -2.515650e+01 1.150253e+02
      vertex   -7.241487e+00 -2.515650e+01 1.149766e+02
    endloop
  endfacet
  facet normal -8.715574e-02 1.723234e-15 9.961947e-01
    outer loop
      vertex   -7.241487e+00 -2.515650e+01 1.149766e+02
      vertex   -7.241487e+00 -4.185650e+01 1.149766e+02
      vertex   -6.685812e+00 -3.350650e+01 1.150253e+02
    endloop
  endfacet
  facet normal -8.715574e-02 1.723234e-15 9.961947e-01
    outer loop
      vertex   -6.685812e+00 -3.350650e+01 1.150253e+02
      vertex   -7.241487e+00 -4.185650e+01 1.149766e+02
      vertex   -6.685812e+00 -4.185650e+01 1.150253e+02
    endloop
  endfacet
  facet normal -2.588190e-01 1.726499e-15 9.659258e-01
    outer loop
      vertex   -6.685812e+00 -3.350650e+01 1.150253e+02
      vertex   -6.685812e+00 -4.185650e+01 1.150253e+02
      vertex   -6.147022e+00 -3.350650e+01 1.151696e+02
    endloop
  endfacet
  facet normal -2.588190e-01 0.000000e+00 9.659258e-01
    outer loop
      vertex   -6.147022e+00 -3.350650e+01 1.151696e+02
      vertex   -6.685812e+00 -4.185650e+01 1.150253e+02
      vertex   -6.147022e+00 -4.185650e+01 1.151696e+02
    endloop
  endfacet
  facet normal -4.226183e-01 0.000000e+00 9.063078e-01
    outer loop
      vertex   -6.147022e+00 -3.350650e+01 1.151696e+02
      vertex   -6.147022e+00 -4.185650e+01 1.151696e+02
      vertex   -5.641487e+00 -3.350650e+01 1.154054e+02
    endloop
  endfacet
  facet normal -4.226183e-01 1.812164e-15 9.063078e-01
    outer loop
      vertex   -5.641487e+00 -3.350650e+01 1.154054e+02
      vertex   -6.147022e+00 -4.185650e+01 1.151696e+02
      vertex   -5.641487e+00 -4.185650e+01 1.154054e+02
    endloop
  endfacet
  facet normal -5.735764e-01 1.760177e-15 8.191520e-01
    outer loop
      vertex   -5.641487e+00 -3.350650e+01 1.154054e+02
      vertex   -5.641487e+00 -4.185650e+01 1.154054e+02
      vertex   -5.184566e+00 -3.350650e+01 1.157253e+02
    endloop
  endfacet
  facet normal -5.735764e-01 1.516135e-15 8.191520e-01
    outer loop
      vertex   -5.184566e+00 -3.350650e+01 1.157253e+02
      vertex   -5.641487e+00 -4.185650e+01 1.154054e+02
      vertex   -5.184566e+00 -4.185650e+01 1.157253e+02
    endloop
  endfacet
  facet normal -7.071068e-01 1.353852e-15 7.071068e-01
    outer loop
      vertex   -5.184566e+00 -3.350650e+01 1.157253e+02
      vertex   -5.184566e+00 -4.185650e+01 1.157253e+02
      vertex   -4.790144e+00 -3.350650e+01 1.161197e+02
    endloop
  endfacet
  facet normal -7.071068e-01 2.782918e-15 7.071068e-01
    outer loop
      vertex   -4.790144e+00 -3.350650e+01 1.161197e+02
      vertex   -5.184566e+00 -4.185650e+01 1.157253e+02
      vertex   -4.790144e+00 -4.185650e+01 1.161197e+02
    endloop
  endfacet
  facet normal -8.191520e-01 2.387999e-15 5.735764e-01
    outer loop
      vertex   -4.790144e+00 -3.350650e+01 1.161197e+02
      vertex   -4.790144e+00 -4.185650e+01 1.161197e+02
      vertex   -4.470205e+00 -3.350650e+01 1.165766e+02
    endloop
  endfacet
  facet normal -8.191520e-01 2.562263e-15 5.735764e-01
    outer loop
      vertex   -4.470205e+00 -3.350650e+01 1.165766e+02
      vertex   -4.790144e+00 -4.185650e+01 1.161197e+02
      vertex   -4.470205e+00 -4.185650e+01 1.165766e+02
    endloop
  endfacet
  facet normal -9.063078e-01 2.113326e-15 4.226183e-01
    outer loop
      vertex   -4.470205e+00 -3.350650e+01 1.165766e+02
      vertex   -4.470205e+00 -4.185650e+01 1.165766e+02
      vertex   -4.234470e+00 -3.350650e+01 1.170822e+02
    endloop
  endfacet
  facet normal -9.063078e-01 1.920521e-15 4.226183e-01
    outer loop
      vertex   -4.234470e+00 -3.350650e+01 1.170822e+02
      vertex   -4.470205e+00 -4.185650e+01 1.165766e+02
      vertex   -4.234470e+00 -4.185650e+01 1.170822e+02
    endloop
  endfacet
  facet normal -9.659258e-01 1.394689e-15 2.588190e-01
    outer loop
      vertex   -4.234470e+00 -3.350650e+01 1.170822e+02
      vertex   -4.234470e+00 -4.185650e+01 1.170822e+02
      vertex   -4.090102e+00 -3.350650e+01 1.176210e+02
    endloop
  endfacet
  facet normal -9.659258e-01 1.189200e-15 2.588190e-01
    outer loop
      vertex   -4.090102e+00 -3.350650e+01 1.176210e+02
      vertex   -4.234470e+00 -4.185650e+01 1.170822e+02
      vertex   -4.090102e+00 -4.185650e+01 1.176210e+02
    endloop
  endfacet
  facet normal -9.961947e-01 6.145522e-16 8.715574e-02
    outer loop
      vertex   -4.090102e+00 -3.350650e+01 1.176210e+02
      vertex   -4.090102e+00 -4.185650e+01 1.176210e+02
      vertex   -4.041487e+00 -4.185650e+01 1.181766e+02
    endloop
  endfacet
  facet normal -1.000000e+00 3.191060e-16 2.791418e-15
    outer loop
      vertex   -4.041487e+00 -2.515650e+01 1.321766e+02
      vertex   -4.041487e+00 -2.515650e+01 1.181766e+02
      vertex   -4.041487e+00 -4.185650e+01 1.321766e+02
    endloop
  endfacet
  facet normal -1.000000e+00 2.659217e-16 2.727977e-15
    outer loop
      vertex   -4.041487e+00 -4.185650e+01 1.321766e+02
      vertex   -4.041487e+00 -2.515650e+01 1.181766e+02
      vertex   -4.041487e+00 -4.185650e+01 1.181766e+02
    endloop
  endfacet
  facet normal -8.715574e-02 -1.662975e-15 -9.961947e-01
    outer loop
      vertex   -7.241487e+00 -4.185650e+01 1.353766e+02
      vertex   -7.241487e+00 -2.515650e+01 1.353766e+02
      vertex   -6.685812e+00 -3.350650e+01 1.353280e+02
    endloop
  endfacet
  facet normal -8.715574e-02 -3.290809e-14 -9.961947e-01
    outer loop
      vertex   -6.685812e+00 -3.350650e+01 1.353280e+02
      vertex   -7.241487e+00 -2.515650e+01 1.353766e+02
      vertex   -6.685812e+00 -2.515650e+01 1.353280e+02
    endloop
  endfacet
  facet normal -2.588190e-01 2.434606e-14 -9.659258e-01
    outer loop
      vertex   -6.685812e+00 -3.350650e+01 1.353280e+02
      vertex   -6.685812e+00 -2.515650e+01 1.353280e+02
      vertex   -6.147022e+00 -3.350650e+01 1.351837e+02
    endloop
  endfacet
  facet normal -2.588190e-01 -2.253737e-14 -9.659258e-01
    outer loop
      vertex   -6.147022e+00 -3.350650e+01 1.351837e+02
      vertex   -6.685812e+00 -2.515650e+01 1.353280e+02
      vertex   -6.147022e+00 -2.515650e+01 1.351837e+02
    endloop
  endfacet
  facet normal -4.226183e-01 2.029169e-14 -9.063078e-01
    outer loop
      vertex   -6.147022e+00 -3.350650e+01 1.351837e+02
      vertex   -6.147022e+00 -2.515650e+01 1.351837e+02
      vertex   -5.641487e+00 -3.350650e+01 1.349479e+02
    endloop
  endfacet
  facet normal -4.226183e-01 -1.456404e-14 -9.063078e-01
    outer loop
      vertex   -5.641487e+00 -3.350650e+01 1.349479e+02
      vertex   -6.147022e+00 -2.515650e+01 1.351837e+02
      vertex   -5.641487e+00 -2.515650e+01 1.349479e+02
    endloop
  endfacet
  facet normal -5.735764e-01 1.379951e-14 -8.191520e-01
    outer loop
      vertex   -5.641487e+00 -3.350650e+01 1.349479e+02
      vertex   -5.641487e+00 -2.515650e+01 1.349479e+02
      vertex   -5.184566e+00 -3.350650e+01 1.346280e+02
    endloop
  endfacet
  facet normal -5.735764e-01 -6.742341e-15 -8.191520e-01
    outer loop
      vertex   -5.184566e+00 -3.350650e+01 1.346280e+02
      vertex   -5.641487e+00 -2.515650e+01 1.349479e+02
      vertex   -5.184566e+00 -2.515650e+01 1.346280e+02
    endloop
  endfacet
  facet normal -7.071068e-01 7.145331e-15 -7.071068e-01
    outer loop
      vertex   -5.184566e+00 -3.350650e+01 1.346280e+02
      vertex   -5.184566e+00 -2.515650e+01 1.346280e+02
      vertex   -4.790144e+00 -3.350650e+01 1.342336e+02
    endloop
  endfacet
  facet normal -7.071068e-01 -1.504280e-15 -7.071068e-01
    outer loop
      vertex   -4.790144e+00 -3.350650e+01 1.342336e+02
      vertex   -5.184566e+00 -2.515650e+01 1.346280e+02
      vertex   -4.790144e+00 -2.515650e+01 1.342336e+02
    endloop
  endfacet
  facet normal -8.191520e-01 -1.742642e-15 -5.735764e-01
    outer loop
      vertex   -4.790144e+00 -3.350650e+01 1.342336e+02
      vertex   -4.790144e+00 -2.515650e+01 1.342336e+02
      vertex   -4.470205e+00 -3.350650e+01 1.337766e+02
    endloop
  endfacet
  facet normal -8.191520e-01 5.536328e-15 -5.735764e-01
    outer loop
      vertex   -4.470205e+00 -3.350650e+01 1.337766e+02
      vertex   -4.790144e+00 -2.515650e+01 1.342336e+02
      vertex   -4.470205e+00 -2.515650e+01 1.337766e+02
    endloop
  endfacet
  facet normal -9.063078e-01 -9.027275e-15 -4.226183e-01
    outer loop
      vertex   -4.470205e+00 -3.350650e+01 1.337766e+02
      vertex   -4.470205e+00 -2.515650e+01 1.337766e+02
      vertex   -4.234470e+00 -3.350650e+01 1.332711e+02
    endloop
  endfacet
  facet normal -9.063078e-01 1.411383e-14 -4.226183e-01
    outer loop
      vertex   -4.234470e+00 -3.350650e+01 1.332711e+02
      vertex   -4.470205e+00 -2.515650e+01 1.337766e+02
      vertex   -4.234470e+00 -2.515650e+01 1.332711e+02
    endloop
  endfacet
  facet normal -9.659258e-01 -1.495738e-14 -2.588190e-01
    outer loop
      vertex   -4.234470e+00 -3.350650e+01 1.332711e+02
      vertex   -4.234470e+00 -2.515650e+01 1.332711e+02
      vertex   -4.090102e+00 -3.350650e+01 1.327323e+02
    endloop
  endfacet
  facet normal -9.659258e-01 2.130453e-14 -2.588190e-01
    outer loop
      vertex   -4.090102e+00 -3.350650e+01 1.327323e+02
      vertex   -4.234470e+00 -2.515650e+01 1.332711e+02
      vertex   -4.090102e+00 -2.515650e+01 1.327323e+02
    endloop
  endfacet
  facet normal -9.961947e-01 -2.208565e-14 -8.715574e-02
    outer loop
      vertex   -4.090102e+00 -3.350650e+01 1.327323e+02
      vertex   -4.090102e+00 -2.515650e+01 1.327323e+02
      vertex   -4.041487e+00 -2.515650e+01 1.321766e+02
    endloop
  endfacet
  facet normal -9.961947e-01 2.123122e-17 -8.715574e-02
    outer loop
      vertex   -4.041487e+00 -2.515650e+01 1.321766e+02
      vertex   -4.041487e+00 -4.185650e+01 1.321766e+02
      vertex   -4.090102e+00 -3.350650e+01 1.327323e+02
    endloop
  endfacet
  facet normal -9.961947e-01 -2.187372e-14 -8.715574e-02
    outer loop
      vertex   -4.090102e+00 -3.350650e+01 1.327323e+02
      vertex   -4.041487e+00 -4.185650e+01 1.321766e+02
      vertex   -4.090102e+00 -4.185650e+01 1.327323e+02
    endloop
  endfacet
  facet normal -9.659258e-01 2.151002e-14 -2.588190e-01
    outer loop
      vertex   -4.090102e+00 -3.350650e+01 1.327323e+02
      vertex   -4.090102e+00 -4.185650e+01 1.327323e+02
      vertex   -4.234470e+00 -3.350650e+01 1.332711e+02
    endloop
  endfacet
  facet normal -9.659258e-01 -1.438465e-14 -2.588190e-01
    outer loop
      vertex   -4.234470e+00 -3.350650e+01 1.332711e+02
      vertex   -4.090102e+00 -4.185650e+01 1.327323e+02
      vertex   -4.234470e+00 -4.185650e+01 1.332711e+02
    endloop
  endfacet
  facet normal -9.063078e-01 1.526313e-14 -4.226183e-01
    outer loop
      vertex   -4.234470e+00 -3.350650e+01 1.332711e+02
      vertex   -4.234470e+00 -4.185650e+01 1.332711e+02
      vertex   -4.470205e+00 -3.350650e+01 1.337766e+02
    endloop
  endfacet
  facet normal -9.063078e-01 -6.913949e-15 -4.226183e-01
    outer loop
      vertex   -4.470205e+00 -3.350650e+01 1.337766e+02
      vertex   -4.234470e+00 -4.185650e+01 1.332711e+02
      vertex   -4.470205e+00 -4.185650e+01 1.337766e+02
    endloop
  endfacet
  facet normal -8.191520e-01 8.098591e-15 -5.735764e-01
    outer loop
      vertex   -4.470205e+00 -3.350650e+01 1.337766e+02
      vertex   -4.470205e+00 -4.185650e+01 1.337766e+02
      vertex   -4.790144e+00 -3.350650e+01 1.342336e+02
    endloop
  endfacet
  facet normal -8.191520e-01 -1.568378e-15 -5.735764e-01
    outer loop
      vertex   -4.790144e+00 -3.350650e+01 1.342336e+02
      vertex   -4.470205e+00 -4.185650e+01 1.337766e+02
      vertex   -4.790144e+00 -4.185650e+01 1.342336e+02
    endloop
  endfacet
  facet normal -7.071068e-01 -1.353852e-15 -7.071068e-01
    outer loop
      vertex   -4.790144e+00 -3.350650e+01 1.342336e+02
      vertex   -4.790144e+00 -4.185650e+01 1.342336e+02
      vertex   -5.184566e+00 -3.350650e+01 1.346280e+02
    endloop
  endfacet
  facet normal -7.071068e-01 4.437627e-15 -7.071068e-01
    outer loop
      vertex   -5.184566e+00 -3.350650e+01 1.346280e+02
      vertex   -4.790144e+00 -4.185650e+01 1.342336e+02
      vertex   -5.184566e+00 -4.185650e+01 1.346280e+02
    endloop
  endfacet
  facet normal -5.735764e-01 -9.774611e-15 -8.191520e-01
    outer loop
      vertex   -5.184566e+00 -3.350650e+01 1.346280e+02
      vertex   -5.184566e+00 -4.185650e+01 1.346280e+02
      vertex   -5.641487e+00 -3.350650e+01 1.349479e+02
    endloop
  endfacet
  facet normal -5.735764e-01 1.095027e-14 -8.191520e-01
    outer loop
      vertex   -5.641487e+00 -3.350650e+01 1.349479e+02
      vertex   -5.184566e+00 -4.185650e+01 1.346280e+02
      vertex   -5.641487e+00 -4.185650e+01 1.349479e+02
    endloop
  endfacet
  facet normal -4.226183e-01 -1.769388e-14 -9.063078e-01
    outer loop
      vertex   -5.641487e+00 -3.350650e+01 1.349479e+02
      vertex   -5.641487e+00 -4.185650e+01 1.349479e+02
      vertex   -6.147022e+00 -3.350650e+01 1.351837e+02
    endloop
  endfacet
  facet normal -4.226183e-01 2.024674e-14 -9.063078e-01
    outer loop
      vertex   -6.147022e+00 -3.350650e+01 1.351837e+02
      vertex   -5.641487e+00 -4.185650e+01 1.349479e+02
      vertex   -6.147022e+00 -4.185650e+01 1.351837e+02
    endloop
  endfacet
  facet normal -2.588190e-01 -2.256490e-14 -9.659258e-01
    outer loop
      vertex   -6.147022e+00 -3.350650e+01 1.351837e+02
      vertex   -6.147022e+00 -4.185650e+01 1.351837e+02
      vertex   -6.685812e+00 -3.350650e+01 1.353280e+02
    endloop
  endfacet
  facet normal -2.588190e-01 2.774399e-14 -9.659258e-01
    outer loop
      vertex   -6.685812e+00 -3.350650e+01 1.353280e+02
      vertex   -6.147022e+00 -4.185650e+01 1.351837e+02
      vertex   -6.685812e+00 -4.185650e+01 1.353280e+02
    endloop
  endfacet
  facet normal -8.715574e-02 -2.948016e-14 -9.961947e-01
    outer loop
      vertex   -6.685812e+00 -3.350650e+01 1.353280e+02
      vertex   -6.685812e+00 -4.185650e+01 1.353280e+02
      vertex   -7.241487e+00 -4.185650e+01 1.353766e+02
    endloop
  endfacet
  facet normal 1.000000e+00 1.775329e-15 1.268826e-16
    outer loop
      vertex   4.758513e+00 -4.685650e+01 1.051766e+02
      vertex   4.758513e+00 -1.715650e+01 1.306172e+02
      vertex   4.758513e+00 -4.685650e+01 1.401766e+02
    endloop
  endfacet
  facet normal 1.000000e+00 1.734490e-15 0.000000e+00
    outer loop
      vertex   4.758513e+00 -4.685650e+01 1.401766e+02
      vertex   4.758513e+00 -1.715650e+01 1.306172e+02
      vertex   4.758513e+00 -1.715650e+01 1.367360e+02
    endloop
  endfacet
  facet normal 1.000000e+00 -2.691450e-16 -1.729587e-14
    outer loop
      vertex   4.758513e+00 -4.685650e+01 1.401766e+02
      vertex   4.758513e+00 -1.715650e+01 1.367360e+02
      vertex   4.758513e+00 -1.715650e+01 1.401766e+02
    endloop
  endfacet
  facet normal 1.000000e+00 -3.289550e-16 1.910290e-14
    outer loop
      vertex   4.758513e+00 -1.715650e+01 1.051766e+02
      vertex   4.758513e+00 -1.715650e+01 1.086172e+02
      vertex   4.758513e+00 -4.685650e+01 1.051766e+02
    endloop
  endfacet
  facet normal 1.000000e+00 1.884015e-15 0.000000e+00
    outer loop
      vertex   4.758513e+00 -4.685650e+01 1.051766e+02
      vertex   4.758513e+00 -1.715650e+01 1.086172e+02
      vertex   4.758513e+00 -1.715650e+01 1.147360e+02
    endloop
  endfacet
  facet normal 1.000000e+00 1.884015e-15 0.000000e+00
    outer loop
      vertex   4.758513e+00 -4.685650e+01 1.051766e+02
      vertex   4.758513e+00 -1.715650e+01 1.147360e+02
      vertex   4.758513e+00 -1.715650e+01 1.306172e+02
    endloop
  endfacet
  facet normal -1.000000e+00 2.392400e-15 -3.399805e-30
    outer loop
      vertex   -4.524149e+01 -4.685650e+01 1.401766e+02
      vertex   -4.524149e+01 -1.715650e+01 1.147360e+02
      vertex   -4.524149e+01 -4.685650e+01 1.051766e+02
    endloop
  endfacet
  facet normal -1.000000e+00 2.392400e-15 0.000000e+00
    outer loop
      vertex   -4.524149e+01 -4.685650e+01 1.051766e+02
      vertex   -4.524149e+01 -1.715650e+01 1.147360e+02
      vertex   -4.524149e+01 -1.715650e+01 1.086172e+02
    endloop
  endfacet
  facet normal -1.000000e+00 2.392400e-16 1.858660e-14
    outer loop
      vertex   -4.524149e+01 -4.685650e+01 1.051766e+02
      vertex   -4.524149e+01 -1.715650e+01 1.086172e+02
      vertex   -4.524149e+01 -1.715650e+01 1.051766e+02
    endloop
  endfacet
  facet normal -1.000000e+00 2.392400e-16 -1.858660e-14
    outer loop
      vertex   -4.524149e+01 -1.715650e+01 1.401766e+02
      vertex   -4.524149e+01 -1.715650e+01 1.367360e+02
      vertex   -4.524149e+01 -4.685650e+01 1.401766e+02
    endloop
  endfacet
  facet normal -1.000000e+00 2.392400e-15 0.000000e+00
    outer loop
      vertex   -4.524149e+01 -4.685650e+01 1.401766e+02
      vertex   -4.524149e+01 -1.715650e+01 1.367360e+02
      vertex   -4.524149e+01 -1.715650e+01 1.306172e+02
    endloop
  endfacet
  facet normal -1.000000e+00 2.392400e-15 0.000000e+00
    outer loop
      vertex   -4.524149e+01 -4.685650e+01 1.401766e+02
      vertex   -4.524149e+01 -1.715650e+01 1.306172e+02
      vertex   -4.524149e+01 -1.715650e+01 1.147360e+02
    endloop
  endfacet
endsolid
